,x,y
0,15551388.412246224,4255856.495804089
1,15558737.947667371,4260666.768969337
2,15558638.984640066,4258663.590523438
3,15560727.226967853,4238684.374246344
4,15558986.412770832,4255516.79330149
5,15545476.1227707,4238665.903624323
6,15551225.663150685,4255925.287188089
7,15559645.646795304,4249413.811740996
8,15541721.761624208,4254266.329525123
9,15561210.242238408,4261197.063391985
10,15558673.493682208,4250615.23415325
11,15542384.00127494,4250049.294631504
12,15551390.415997056,4253902.15163332
13,15551410.676144382,4257473.481850435
14,15541900.65204591,4247327.38630042
15,15552188.242787575,4252124.868909559
16,15552969.149015486,4251423.104616392
17,15552223.419746663,4255285.489204414
18,15571652.901030736,4250371.158874184
19,15561763.500107646,4249668.411341327
20,15556511.669171002,4253558.125640015
21,15561556.557174267,4238586.001439898
22,15562139.426028054,4249999.0298785055
23,15557063.591206357,4260230.542952976
24,15551696.210638266,4258645.908587309
25,15562054.600576067,4261028.704463341
26,15562346.59160042,4261325.116626694
27,15551622.40581587,4255289.60001653
28,15554619.905744463,4254039.4362321645
29,15536948.604497977,4258967.751716249
30,15546066.783988854,4243698.314418762
31,15562297.833663458,4255536.662661188
32,15552140.48672602,4257420.716009549
33,15553425.558927745,4261113.432003841
34,15552323.273329906,4263022.580752477
35,15570257.177255174,4271585.633991709
36,15551552.83113413,4253739.659314342
37,15558257.82670359,4261374.473734567
38,15538089.295320133,4260276.330786648
39,15552793.264220037,4263723.444370819
40,15555178.84090773,4256794.809212749
41,15562489.525826598,4261544.894573769
42,15562017.085907672,4258550.371799246
43,15555775.06810042,4266123.533352027
44,15541791.44762544,4254948.955959747
45,15537160.000210991,4242897.583311755
46,15555055.387592442,4250853.972982072
47,15559812.29207302,4257816.945729083
48,15558737.947667371,4260666.768969337
49,15559976.488321949,4262298.178299255
50,15552422.347676711,4252578.7177973
51,15556731.525165318,4252688.723847923
52,15551648.454576716,4258784.48638791
53,15559183.448269527,4261545.854312494
54,15556325.431662902,4253780.21366374
55,15551685.301328173,4258460.455584948
56,15553086.368439294,4254341.55062282
57,15536936.693312462,4258871.937971342
58,15560868.602721162,4238908.486938056
59,15556008.727711605,4259146.085400501
60,15559024.595356168,4255344.82207568
61,15555872.806613345,4238230.963668534
62,15559559.596828924,4261673.500313656
63,15559282.522616334,4261782.226816218
64,15554962.101859162,4256168.938239616
65,15552501.718473649,4254646.00268017
66,15545405.657533033,4239478.22992688
67,15559963.352622032,4249100.877362245
68,15556706.812238367,4266527.623077371
69,15554610.332268251,4255975.442135213
70,15553355.093690066,4251015.600618177
71,15551017.38438341,4255765.094375598
72,15557075.39107238,4261517.199292705
73,15551010.59389447,4256414.513296071
74,15551605.373933775,4252121.444223427
75,15547649.747147929,4259536.89444799
76,15558069.140166689,4260583.2787331445
77,15559382.26488009,4254821.1144074015
78,15551382.623632705,4253763.635685179
79,15555590.83434316,4237701.096294152
80,15549068.625377588,4253900.91854593
81,15558328.291941252,4254023.405905743
82,15555003.290070748,4257033.682924104
83,15551480.473465106,4253735.549084613
84,15555108.486989554,4251792.268394288
85,15558430.371914316,4255313.305729854
86,15561824.725827586,4261304.962538422
87,15561948.290462367,4261306.881973799
88,15558298.458317729,4257542.420462598
89,15559619.93199293,4249407.785786671
90,15562064.17405228,4260946.308245824
91,15558250.702256173,4254045.464737066
92,15555068.523292355,4250860.273675728
93,15552260.489137098,4254257.834643135
94,15550731.181972578,4242869.935179771
95,15560889.53078543,4269670.322186677
96,15554579.719408285,4253938.185248514
97,15547955.430469649,4254349.497508521
98,15564107.665944776,4261068.051961123
99,15558607.592543658,4258714.580452897
100,15560476.869433062,4255918.161367268
101,15536783.96297109,4246784.345471201
102,15551245.923298009,4254179.18879082
103,15556497.420276174,4263948.75600256
104,15564529.455495393,4258075.030436077
105,15555109.60018446,4249797.151424089
106,15562139.426028054,4249999.0298785055
107,15555331.014651649,4256861.276703686
108,15563408.4682231,4260784.259593974
109,15547349.40716177,4241522.515430241
110,15572019.698752902,4249212.354929442
111,15552336.297710331,4255097.352690064
112,15554629.367901176,4254003.9503274495
113,15552486.80166188,4252320.762740151
114,15555885.830993762,4254227.280525337
115,15557228.34405273,4258440.580911774
116,15549471.15665629,4246948.788427707
117,15560479.54110084,4262116.091124351
118,15565560.051341156,4247223.595780583
119,15551385.0726615,4253957.09266822
120,15550397.891417146,4257989.092897424
121,15560683.701046951,4238922.990114908
122,15550309.83769993,4257451.690212554
123,15559572.73252884,4261540.78140878
124,15553664.450554984,4262969.37674204
125,15559274.396293512,4261830.763334405
126,15550821.239440631,4253791.722357847
127,15550234.363085171,4258239.917270124
128,15555054.051758558,4250852.740238084
129,15555888.16870307,4255373.872005306
130,15544453.319289297,4264872.266856862
131,15544918.96871928,4247636.983653568
132,15558040.419738064,4257961.680746499
133,15546656.888609543,4253360.291616379
134,15559521.41424358,4258153.841372355
135,15559373.35932083,4261674.871385135
136,15559910.809822377,4254117.533030175
137,15553616.694493432,4270328.938545344
138,15571598.46579974,4250280.898967997
139,15547944.07588159,4256038.204660811
140,15559444.937753407,4257220.071085167
141,15539199.039323851,4243165.3084343
142,15544562.41239027,4264323.554303206
143,15558415.232463565,4256851.546385956
144,15570858.079866478,4267207.037789287
145,15554029.912443256,4250190.091952921
146,15551151.524369815,4257618.897602546
147,15551113.341784474,4258115.737927007
148,15551381.621757286,4253866.940192436
149,15559514.846393624,4253732.671924723
150,15556999.025901696,4257380.011106279
151,15554189.98987102,4261056.124307459
152,15554637.939501964,4254119.451204155
153,15562015.193476336,4260943.840481837
154,15552186.23903674,4254600.375436948
155,15536897.731490685,4258898.667043183
156,15562962.18838451,4260607.544302539
157,15571484.697280148,4250085.041639855
158,15547731.67829316,4253989.838204285
159,15551405.88940628,4253550.042323805
160,15558417.904131344,4253888.313660546
161,15557172.461668352,4260258.783330713
162,15554008.093823064,4250785.487415423
163,15551277.204074925,4253686.911483436
164,15558030.846261855,4255803.463697835
165,15561986.473047704,4256825.7816427965
166,15558804.85068134,4255822.511375655
167,15557232.351554396,4253609.09177127
168,15560419.5398953,4258581.486271252
169,15559198.699039772,4239328.676369235
170,15551342.659935508,4255779.619888899
171,15559225.19307858,4255516.79330149
172,15536903.186145728,4258955.278062423
173,15554621.46421733,4254080.676752526
174,15539377.3731481,4261196.652088508
175,15551040.093559531,4255811.959780245
176,15559579.968295744,4249642.526550017
177,15553945.198310765,4261129.609828986
178,15563493.738953048,4264230.710642367
179,15559875.74418277,4261575.332042845
180,15554376.338698603,4249214.820048178
181,15555852.435146524,4259376.922868037
182,15559750.732394615,4256319.407123279
183,15556119.935882907,4256749.310049826
184,15547733.459405009,4254371.968044155
185,15565999.429371314,4269065.25344944
186,15555280.809561305,4258576.688879925
187,15559569.392944112,4249813.997312875
188,15559555.032729795,4259485.078204281
189,15553793.692483792,4251080.663264032
190,15551659.029928342,4252123.636022426
191,15556731.525165318,4255803.463697835
192,15556151.995896246,4235903.322342937
193,15559623.382897148,4249570.624673019
194,15549280.577688051,4254179.599830391
195,15554478.196032688,4254147.127751919
196,15558594.568163233,4256357.093187911
197,15559148.827907898,4255277.952719555
198,15556867.66890256,4258190.985506262
199,15559731.585442197,4257781.310507381
200,15537004.932160314,4259574.728685858
201,15555713.285783032,4251538.852216071
202,15559274.396293512,4261830.763334405
203,15559404.41745876,4259261.0922942525
204,15550052.800995689,4253892.560957259
205,15559088.715382865,4259330.316335734
206,15551532.904945277,4253746.783716187
207,15572038.289107865,4249006.930318295
208,15541226.835168138,4253492.226236218
209,15559269.94351388,4258475.670014349
210,15542509.792299535,4250056.964477866
211,15559441.375529705,4254972.249865468
212,15558355.787855478,4238318.524903144
213,15561374.995084776,4260896.130487635
214,15555052.49328568,4254804.945914497
215,15559152.724090071,4259234.088183081
216,15558752.307881689,4256782.74917522
217,15554646.399783265,4254887.021816403
218,15559185.229381382,4254303.460457707
219,15551634.873598836,4255330.571195015
220,15555337.359862624,4251803.63801441
221,15551892.021622572,4250061.073326342
222,15572018.919516472,4249669.370038477
223,15553564.151693782,4255631.487964663
224,15561926.694481151,4255605.040940418
225,15552412.774200508,4255019.93401541
226,15562494.201245213,4257034.916364725
227,15539377.3731481,4261196.652088508
228,15539377.3731481,4261196.652088508
229,15551287.668107051,4255662.594132013
230,15559504.605000475,4259200.230330848
231,15557075.39107238,4256625.14763469
232,15556030.435012303,4259126.0724055255
233,15558936.20768048,4238636.350693776
234,15557648.686449967,4255096.393517292
235,15551304.254711185,4256085.345309906
236,15556616.8660898,4258383.150162697
237,15551663.037430014,4255539.403265359
238,15551266.962681768,4257802.4175092885
239,15559139.254431687,4255430.875865036
240,15556309.067697756,4261748.635284415
241,15553355.093690066,4263443.559766521
242,15571851.717641298,4249249.057865757
243,15556433.188929992,4251637.067411501
244,15551423.923163785,4253792.2703912025
245,15547881.959605724,4254303.597472452
246,15552463.758527286,4263624.572018086
247,15551366.25966756,4254072.04500284
248,15552616.600188147,4254495.282780878
249,15558859.842509797,4259642.720978731
250,15537004.932160314,4259574.728685858
251,15561925.469966752,4250109.010005842
252,15555006.407016495,4252979.156094928
253,15562015.193476336,4260943.840481837
254,15559081.92489393,4259883.301943399
255,15555055.832870409,4251459.951944309
256,15537386.75801373,4259534.701162851
257,15559626.165884417,4261019.244633088
258,15556908.968433645,4259172.678066953
259,15563482.050406514,4260850.614250549
260,15558607.81518264,4255470.20322029
261,15550702.016265994,4253915.304574163
262,15559908.36079358,4248472.70742187
263,15559201.259388058,4261835.013717732
264,15551789.385052064,4253636.90403442
265,15559570.50613902,4261065.035771607
266,15558327.067426858,4254981.704464882
267,15558600.468096249,4255372.638752007
268,15560954.652687544,4238987.29688478
269,15557914.517393976,4254794.258279766
270,15561629.916718695,4237061.267318693
271,15559001.663541066,4256678.731903622
272,15558490.70707832,4254253.313176377
273,15557553.174326863,4256211.968291882
274,15563183.714171188,4255948.994279241
275,15572157.400963012,4249487.903859567
276,15558607.592543658,4258714.580452897
277,15559384.936547866,4261682.000959607
278,15558426.809690608,4256850.312966018
279,15551775.024837747,4253995.318638303
280,15550138.739642574,4258106.143555223
281,15549182.171258193,4255222.31991923
282,15559416.32864427,4259314.826561647
283,15558480.799643649,4238225.901556028
284,15559578.075864395,4249810.984225172
285,15540095.940461176,4264679.302313303
286,15558499.056040132,4256903.487196346
287,15558480.020407207,4257380.011106279
288,15557457.662203765,4257313.129304701
289,15556492.633538077,4253992.852442654
290,15559072.351417718,4255535.977510253
291,15562324.105063288,4261753.022743926
292,15555208.674531266,4251076.417058504
293,15558142.499711124,4253220.001512417
294,15558642.435544277,4255822.511375655
295,15556112.47747702,4258605.47325946
296,15557987.54297994,4255143.941183148
297,15558364.359456273,4253119.580110933
298,15551926.53066472,4257912.201988067
299,15552297.224569058,4257829.966319832
300,15552622.166162686,4256297.34370571
301,15561606.316986648,4249550.492232072
302,15550463.681236207,4258077.497552424
303,15560687.151951166,4238700.79260314
304,15551432.71740356,4253623.066397117
305,15551270.970183436,4256099.597174052
306,15558680.618129622,4256773.8412015
307,15561797.563871833,4258702.381227697
308,15552134.364154032,4255006.91676994
309,15546680.043063631,4263351.68348356
310,15558699.765082035,4256517.7057995405
311,15556552.300785149,4264414.615913078
312,15558011.810628932,4254867.153636746
313,15554524.39362136,4253061.21830105
314,15562206.217722531,4260919.985458697
315,15561967.43741478,4260294.152450423
316,15569695.904382596,4257264.06463664
317,15558355.787855478,4261189.93413394
318,15563999.018121758,4260740.52606335
319,15559255.02670211,4257158.261129648
320,15559858.26702272,4248391.5012501
321,15557643.899711858,4260759.993632167
322,15541824.843472682,4254619.009963743
323,15552986.069578089,4258727.190902242
324,15550948.47761861,4258129.992437776
325,15550866.769112363,4258463.47105576
326,15551366.482306536,4258172.4819551455
327,15559373.35932083,4261679.670136673
328,15562100.798164751,4261437.952787184
329,15559274.396293512,4261830.763334405
330,15553354.982370578,4263436.017654475
331,15557464.786651175,4256692.025228381
332,15557847.057782551,4260246.445292627
333,15557113.684977213,4260165.151678824
334,15559276.73400282,4260725.993957119
335,15541273.81199325,4245910.689525973
336,15557691.655773414,4257592.58282736
337,15552693.410636792,4250285.144864962
338,15560680.80674019,4257314.225724381
339,15542597.2894193,4249908.499120751
340,15565903.917248216,4270125.860928247
341,15551518.322091978,4254075.196275748
342,15561143.33922444,4258735.552186459
343,15565476.227764584,4247208.807765452
344,15552270.61921076,4252151.170534772
345,15550420.600593269,4257278.45508909
346,15562521.585839948,4260771.9209625935
347,15544033.533489512,4258929.645433854
348,15547330.9281263,4238796.293198959
349,15552642.09235154,4257227.06070301
350,15536509.783065269,4275011.886967185
351,15537004.152923884,4259668.492361572
352,15564413.349266492,4257236.654303409
353,15559081.92489393,4255325.775229734
354,15543691.337374814,4252643.241760155
355,15547665.77715461,4246937.697692728
356,15551907.049753835,4258128.758873608
357,15558791.269703466,4255719.325431553
358,15563493.738953048,4264230.710642367
359,15557381.185713593,4256778.089618831
360,15551851.390008433,4254847.970600972
361,15551696.210638266,4253787.47510028
362,15542405.59725615,4249718.263704417
363,15552882.097173687,4251529.537571046
364,15545475.23221478,4239159.285140812
365,15559349.425630303,4261039.3981943615
366,15561394.142037194,4262568.161029461
367,15554565.693152446,4248325.769882548
368,15559694.738690743,4258905.520661878
369,15551540.91994861,4257724.020279034
370,15552186.23903674,4255216.9758966565
371,15553736.028987566,4250669.336873918
372,15551735.06114055,4257713.740963608
373,15556563.098775748,4253288.228310959
374,15566527.9743136,4248048.333082063
375,15558240.349543536,4261082.447422542
376,15550253.398718096,4258631.653403811
377,15557506.754099203,4257559.27828082
378,15555645.269574156,4250916.021275403
379,15551135.383043652,4252068.704192324
380,15552207.2784205,4255539.677325815
381,15547076.563089836,4244278.162383178
382,15559980.05054565,4256930.896694418
383,15559533.325429097,4261521.997974992
384,15560822.182493502,4257150.312202853
385,15554563.912040591,4254010.115823869
386,15555266.449346991,4253504.41965107
387,15561984.135338403,4260996.349135788
388,15558216.08189454,4255445.400934482
389,15545347.103480875,4265612.475914231
390,15545757.98372139,4243960.446797791
391,15552715.006618006,4257576.684348043
392,15562598.062330125,4250873.285989319
393,15559213.281893063,4249308.768875774
394,15558754.534271508,4257979.361575975
395,15559108.641571714,4236562.9187875455
396,15554356.9691072,4254920.044181052
397,15557051.568701357,4260752.316276942
398,15560037.380083406,4251255.443991698
399,15551032.857792623,4235932.320772885
400,15554542.53869836,4254691.7671333095
401,15555079.543921946,4251766.652546458
402,15541947.9628295,4249615.546171303
403,15547659.32062414,4254280.716033865
404,15560889.53078543,4269670.322186677
405,15559022.146327369,4248976.6647513015
406,15561128.979010124,4239538.708705786
407,15542201.548629526,4249885.626869242
408,15558412.78343477,4262371.672175325
409,15560056.527035823,4248026.012460341
410,15561810.922210723,4261447.824292862
411,15559602.67747186,4260770.6871002205
412,15557409.79482272,4256258.013376093
413,15556368.400986351,4254437.18766507
414,15551518.322091978,4261453.445570917
415,15562909.422945876,4252075.690519503
416,15559347.53319896,4261105.343100248
417,15541488.4359715,4253456.331093848
418,15559540.449876506,4248465.586451864
419,15558474.009154707,4254140.962178286
420,15572291.206990948,4249542.822740492
421,15559636.963875022,4260775.485454673
422,15557691.655773414,4257592.58282736
423,15555079.65524144,4250856.575442055
424,15559183.448269527,4261545.854312494
425,15559162.297566278,4256678.731903622
426,15551220.87641258,4258132.870754703
427,15559091.498370135,4256109.189785378
428,15553587.974064808,4254434.721369811
429,15557407.011835454,4258165.765859152
430,15551271.638100384,4257125.094956095
431,15552838.125974825,4255415.9397288365
432,15558466.884707298,4256345.718834721
433,15559029.382094271,4261268.7675344525
434,15562019.534936473,4250011.219402315
435,15560203.35744418,4249448.597996706
436,15552316.148882495,4254920.181203517
437,15551942.671990884,4255363.320842699
438,15557151.867562557,4256701.618359377
439,15558136.043180656,4261706.131861571
440,15546975.039714234,4246844.86457362
441,15548067.417877382,4264767.349677787
442,15554851.895563276,4251127.097683556
443,15559404.974056205,4259440.116160124
444,15543160.343403732,4247303.560949011
445,15557381.185713593,4257083.842954988
446,15556999.025901696,4256262.124553756
447,15558585.106006518,4259743.476464722
448,15552057.776344365,4257404.680726534
449,15561796.895954885,4249805.779802911
450,15556768.928514233,4257843.6722215805
451,15560246.326767622,4256672.9760360615
452,15560061.759051887,4257049.032417317
453,15556793.53012169,4257623.557517254
454,15559392.72891222,4261615.915466846
455,15539377.3731481,4261196.652088508
456,15551098.981570164,4258813.134243359
457,15554992.937358111,4250644.271529576
458,15557151.867562557,4256701.618359377
459,15553339.62028085,4254174.804369697
460,15555888.16870307,4255373.872005306
461,15558336.640903063,4255077.347103935
462,15541933.825254166,4253447.69983672
463,15551035.195501938,4258081.472352156
464,15549082.317674955,4246523.103951658
465,15552355.444662744,4257500.070448564
466,15557572.321279276,4255182.445352195
467,15550410.136561131,4257984.43282692
468,15557534.02737445,4257083.842954988
469,15555227.82148368,4255571.74244643
470,15558776.130252725,4255612.303588373
471,15551904.04412758,4253578.402459497
472,15559251.464478409,4258703.340716828
473,15556091.326773765,4258626.855990468
474,15547288.18144183,4249257.959715864
475,15559986.618395608,4250067.921410562
476,15551935.436223978,4254210.975896502
477,15556119.935882907,4256749.310049826
478,15562445.109349774,4264940.017832347
479,15553486.4506892,4256030.393584509
480,15562075.19468187,4260882.146563293
481,15554682.022020323,4254693.95944725
482,15551309.59804674,4253316.450765668
483,15551703.89168313,4246359.625792387
484,15552332.17888917,4263563.41148237
485,15559639.078945348,4260491.152316236
486,15558298.458317729,4256816.18840287
487,15552787.809564983,4251549.262711068
488,15551728.270651616,4258575.592333632
489,15563207.202583743,4261815.818451311
490,15537878.567524057,4259780.4889173405
491,15543921.2121233,4264826.322608627
492,15562139.426028054,4249999.0298785055
493,15536930.90469894,4258992.699066604
494,15554570.03461259,4253958.736793217
495,15545485.250968952,4252247.3363900175
496,15546259.589346906,4236483.989460142
497,15547649.747147929,4259536.89444799
498,15541459.71554288,4253564.427890695
499,15559371.57820897,4261682.000959607
500,15540095.940461176,4264679.302313303
501,15558846.929448863,4255171.346271769
502,15553500.476945044,4256193.331051011
503,15555685.233271351,4249645.539591362
504,15544272.202477776,4267135.294646678
505,15556467.030055195,4253474.826667768
506,15568158.804853722,4259166.646734866
507,15559759.192675907,4261017.051050431
508,15555109.60018446,4249797.151424089
509,15559643.197766509,4261041.728880719
510,15555188.303064452,4251791.309511206
511,15559024.595356168,4255344.82207568
512,15551611.385186289,4258173.0302080605
513,15559655.220271513,4262013.942644974
514,15552109.985185549,4252184.321631595
515,15554659.980761144,4236755.798735254
516,15556750.560798245,4256166.608591938
517,15554690.927579587,4253892.423947661
518,15573503.921523646,4252887.778703099
519,15557686.9803548,4256472.34483146
520,15561917.232324434,4261201.861933675
521,15555888.16870307,4255373.872005306
522,15551492.050692154,4254564.476658631
523,15558413.006073752,4253111.497118696
524,15559101.071846344,4255746.183830591
525,15543515.007301398,4246521.187108184
526,15559166.750345916,4259169.114097592
527,15561797.563871833,4258702.381227697
528,15551458.543525426,4253834.058015338
529,15538927.6424053,4266460.273751072
530,15544244.706563544,4246319.372750566
531,15559274.396293512,4261830.763334405
532,15551722.48203809,4252060.484989586
533,15555888.16870307,4255373.872005306
534,15557801.639430316,4256414.924419652
535,15558139.048806906,4253226.029565837
536,15559274.396293512,4261830.763334405
537,15556922.549411522,4257389.467787466
538,15571467.999356536,4249944.656549946
539,15559231.204331083,4256794.809212749
540,15557075.39107238,4256625.14763469
541,15565999.429371314,4269084.461465094
542,15553781.892617771,4248799.592318536
543,15559399.630720649,4249512.966556592
544,15559696.965080565,4259265.88998596
545,15558929.751150012,4257637.263160252
546,15567693.044104235,4267211.70179576
547,15543392.444542034,4249647.86785115
548,15560059.977940038,4261942.370722425
549,15551648.231937734,4255285.489204414
550,15559925.392675672,4248400.128521379
551,15557832.586248755,4253203.561383598
552,15562652.942839082,4261266.299697637
553,15543162.12451558,4247402.559731667
554,15551232.7875981,4258297.210201957
555,15553436.802196307,4251046.282744039
556,15559643.754363967,4249817.969111566
557,15548460.153040906,4251015.600618177
558,15542315.98506606,4249693.337494501
559,15553370.678418783,4254957.0403096415
560,15541762.727196822,4245558.837119363
561,15546885.427524146,4253910.5092293145
562,15555081.3250338,4250899.310662903
563,15554629.479220672,4261517.199292705
564,15558146.173254322,4253222.604535077
565,15552258.26274728,4255595.037678484
566,15559923.05496636,4257021.348525528
567,15558401.65148569,4255947.760961093
568,15554603.096501349,4254038.203129301
569,15559177.7709755,4259308.658073653
570,15553406.411975324,4264574.661275316
571,15545458.534291156,4265238.867738913
572,15542875.588146284,4249299.730032241
573,15561821.608881837,4259571.027504634
574,15571130.256021466,4250639.203680047
575,15536352.265985793,4257922.207369906
576,15558057.785578627,4250777.817058635
577,15561796.895954885,4249805.779802911
578,15555387.008355515,4251039.844969431
579,15537004.932160314,4259574.728685858
580,15557806.314848926,4254824.128874822
581,15561871.813972188,4261249.573262816
582,15551265.070250427,4256174.282727347
583,15555888.16870307,4255373.872005306
584,15558607.592543658,4258714.580452897
585,15571127.918312164,4250171.054076944
586,15554694.04452533,4254715.882610791
587,15558604.141639443,4255707.951741638
588,15540699.292101275,4260268.242502677
589,15542507.67722921,4249389.981850082
590,15550540.714323835,4257997.453617137
591,15552909.593087912,4257485.131485987
592,15561889.625090716,4249554.73784579
593,15558342.20687761,4238258.189665056
594,15558383.061130729,4257501.029832181
595,15552337.522224726,4255634.365624006
596,15552126.12651171,4257695.238220192
597,15569152.442628542,4257590.115820435
598,15562770.0509434,4262013.942644974
599,15551103.768308269,4256118.782405117
600,15552268.170181964,4257346.021942879
601,15558139.048806906,4253226.029565837
602,15554455.041578596,4254599.553326203
603,15571612.492055586,4250352.942475062
604,15555069.413848286,4251142.849817521
605,15558432.15302617,4255994.490112556
606,15550249.947813878,4252611.870189295
607,15554355.967231795,4254614.625366347
608,15552396.855513323,4257528.303773028
609,15556825.701454528,4256242.939071231
610,15562015.193476336,4260943.840481837
611,15558069.140166689,4255937.209244845
612,15556511.669171002,4253985.727880569
613,15556368.400986351,4254437.18766507
614,15559176.76910008,4260771.783866768
615,15548760.826985542,4256195.660704382
616,15559628.614913218,4260559.972869767
617,15552083.268507758,4256052.045353572
618,15551055.678288247,4255535.977510253
619,15550339.448684478,4258029.663006936
620,15545347.103480875,4265612.475914231
621,15559256.80781397,4250268.024322752
622,15559214.061129496,4261818.8348480845
623,15563533.48001126,4257582.714802993
624,15561451.47157495,4253361.387639899
625,15550338.112850588,4258044.0544670895
626,15551144.511241894,4258514.597119298
627,15557381.185713593,4257313.129304701
628,15556559.53655204,4253672.799769195
629,15558384.396964615,4255354.414025044
630,15550327.871457435,4240266.25897542
631,15556081.753297558,4256319.407123279
632,15560032.593345303,4248350.829919895
633,15559389.3893275,4249612.944006312
634,15551514.64854878,4255497.746156076
635,15552769.441849,4236019.726881369
636,15551426.260873092,4253487.705085848
637,15555852.435146524,4259376.922868037
638,15562340.02375047,4260303.748742952
639,15557725.162940135,4258478.822556419
640,15560761.179412546,4259068.91220386
641,15558607.592543658,4258714.580452897
642,15562124.62053578,4258848.772828619
643,15558623.288591862,4255538.307023608
644,15556159.454302132,4258621.099097237
645,15562091.66996651,4261260.404311949
646,15539377.3731481,4261196.652088508
647,15561796.895954885,4249897.131468818
648,15547956.098386591,4241431.6441216925
649,15562280.02254493,4260906.549893877
650,15559274.396293512,4261830.763334405
651,15557686.9803548,4256510.442550307
652,15557998.674929015,4254564.887712677
653,15562113.15462823,4261331.971767235
654,15551945.121019684,4258530.085759463
655,15562171.597360892,4261382.974147871
656,15557548.164949778,4254897.298475218
657,15555620.222688727,4255544.336354598
658,15554782.320881523,4250795.212339785
659,15558824.999509178,4260165.7000317
660,15561335.476665547,4238857.999613469
661,15566229.972036744,4259383.502629781
662,15561816.26554628,4261613.447551624
663,15551323.512983097,4255220.675604312
664,15571483.806724224,4250280.898967997
665,15538586.782124486,4275264.063735181
666,15558260.164412891,4258765.433549538
667,15559915.596560478,4261226.951485955
668,15559903.57405547,4261822.94811776
669,15558512.525698524,4255541.321688688
670,15553246.557186542,4254149.730995161
671,15554352.627647065,4254594.07258948
672,15552832.560000284,4256320.777523352
673,15555355.616259117,4261498.00458464
674,15558143.05630858,4253235.208653564
675,15571366.809939403,4250327.603925183
676,15571720.249322668,4250616.1929333145
677,15546066.783988854,4243698.314418762
678,15554566.695027858,4253994.496573024
679,15554090.80420472,4252646.803603579
680,15551351.34285579,4258163.435785998
681,15547748.042258304,4254191.656997988
682,15571223.096476786,4250617.699587869
683,15537577.448301464,4247093.242853346
684,15551175.34674085,4256064.515695714
685,15558298.458317729,4257542.420462598
686,15559410.42871126,4249695.802721524
687,15559274.396293512,4261830.763334405
688,15552909.593087912,4261058.45499738
689,15543956.945679847,4249382.860283552
690,15549639.58304586,4246745.4600705085
691,15555126.298108082,4254332.09657666
692,15550405.12718405,4257980.595123285
693,15564547.155294422,4266676.588643659
694,15543540.722103767,4249394.090448262
695,15556917.317395454,4264401.587473552
696,15539377.3731481,4261196.652088508
697,15537269.427270442,4247112.549228953
698,15543583.691427214,4249588.976726269
699,15550425.38733137,4257934.131604062
700,15550768.251363017,4253949.283077861
701,15544358.80904161,4263757.179109278
702,15541685.805428684,4254043.4095645705
703,15554146.90922808,4254001.210107938
704,15562594.611425908,4261293.445933248
705,15538845.154662622,4267265.475190835
706,15561606.316986648,4249550.492232072
707,15555266.67198597,4251066.691884317
708,15553158.503469324,4251361.327404407
709,15561530.953691378,4250432.79353209
710,15565181.342433471,4266217.078930082
711,15563545.168557797,4260783.848306036
712,15558527.776468763,4255746.183830591
713,15556972.97714085,4259442.720663733
714,15562910.090862818,4266064.141927419
715,15550349.02216069,4239207.03733059
716,15552320.156384164,4254580.5077779
717,15551472.792420248,4253728.972720265
718,15557100.88323577,4260212.721392933
719,15542962.19471012,4249292.197668333
720,15558432.15302617,4255645.876268963
721,15559031.831123076,4263661.734753033
722,15562077.309752189,4261297.421902708
723,15550504.8694478,4258130.677751261
724,15539377.3731481,4261196.652088508
725,15562713.278003098,4263097.0393774565
726,15562101.132123228,4250147.085575126
727,15572203.932510164,4249345.472135264
728,15557457.662203765,4257599.709739387
729,15560056.527035823,4256333.3852121
730,15557534.02737445,4255784.416053184
731,15554913.566561172,4254212.20901884
732,15552825.769511344,4249236.732239096
733,15546221.072803086,4264505.40399691
734,15552794.934012394,4256166.608591938
735,15554580.053366756,4257546.669178561
736,15571483.806724224,4250280.898967997
737,15558432.15302617,4255994.490112556
738,15558423.358786391,4255895.413585712
739,15551295.683110394,4256107.682374471
740,15556563.098775748,4253288.228310959
741,15559460.077204151,4261263.009249419
742,15558069.140166689,4260583.2787331445
743,15556520.574730266,4263955.887061314
744,15558841.25215483,4259648.067164859
745,15546049.41814829,4262190.680684442
746,15558132.369637463,4258147.67353946
747,15560746.151281288,4238749.6373598855
748,15551228.00085999,4253758.840406809
749,15547484.549023597,4238779.327416341
750,15563318.188116064,4256632.959135807
751,15557228.34405273,4258153.841372355
752,15559274.396293512,4261830.763334405
753,15552749.626979647,4263382.125987227
754,15557572.321279276,4255182.445352195
755,15571632.418244436,4250045.596671783
756,15556922.549411522,4256625.14763469
757,15557888.24599415,4255308.235717481
758,15562091.892605487,4261049.680637905
759,15559464.084705826,4261708.188474997
760,15556347.806880558,4253255.758877876
761,15558680.618129622,4256797.138994259
762,15559172.650278926,4254222.21101629
763,15561198.331052888,4238996.874521056
764,15557376.398975488,4257073.016043602
765,15556377.97446256,4257184.163707058
766,15537004.932160314,4259574.728685858
767,15574067.086827572,4266309.939482911
768,15554023.010634826,4254097.940272323
769,15573563.143492756,4267276.175030635
770,15556750.33815926,4258848.772828619
771,15551407.336559664,4253865.022062724
772,15551465.779292325,4253596.350216201
773,15555328.120344888,4251536.11261377
774,15559602.67747186,4260770.6871002205
775,15550444.534283783,4236120.949222654
776,15559824.759855991,4262133.915789096
777,15550270.987197638,4257365.483467059
778,15559327.940968577,4254857.56211465
779,15559903.57405547,4248398.622171938
780,15557534.02737445,4258001.017204532
781,15555541.63112823,4251354.3415332
782,15552241.89878214,4257371.1026459765
783,15551476.577282932,4249196.331671199
784,15555054.608356012,4250854.109953635
785,15558029.065150008,4255648.2058057245
786,15562211.004460637,4249607.328810281
787,15558624.624425745,4263212.910622888
788,15559060.440232204,4262255.26139506
789,15557858.968968073,4257178.407573444
790,15545347.103480875,4265612.475914231
791,15554400.161069635,4254599.553326203
792,15562261.320870476,4249999.851643729
793,15542486.303886974,4249397.377327921
794,15559939.418931505,4249872.478770246
795,15558567.962804936,4256870.1847486375
796,15558121.79428584,4258827.389663519
797,15544358.80904161,4263757.179109278
798,15564768.458442122,4259765.272671649
799,15553452.275605526,4253834.058015338
800,15542127.29852917,4249820.9822011925
801,15551296.907624789,4236879.872947236
802,15560396.05148274,4249200.851049353
803,15551304.47735017,4254953.066645386
804,15552000.22416762,4255040.350568448
805,15558804.85068134,4255822.511375655
806,15551191.154108535,4253881.463185452
807,15571413.007528076,4249538.714086503
808,15553950.98692428,4253965.176285169
809,15548093.689277217,4256039.437989156
810,15559384.936547866,4261682.000959607
811,15558069.140166689,4260370.511754245
812,15558142.499711124,4253220.001512417
813,15558841.25215483,4259648.067164859
814,15559362.33869124,4261470.17231784
815,15558002.237152724,4256911.847085979
816,15537004.932160314,4259574.728685858
817,15558069.140166689,4260583.2787331445
818,15559282.522616334,4261782.226816218
819,15554097.260735188,4248892.715901475
820,15571980.625611637,4249344.513466476
821,15560438.686847718,4258153.841372355
822,15555878.372587882,4255856.495804089
823,15555639.814919112,4250322.399257332
824,15571851.717641298,4249249.057865757
825,15560553.7912012,4258231.967556893
826,15560290.520605467,4255077.347103935
827,15549117.605953531,4255061.726329246
828,15537048.903359184,4249936.986782261
829,15558979.844920868,4255628.062180716
830,15551462.105749134,4253754.04513054
831,15563527.802717231,4257586.415311088
832,15551605.373933775,4252121.444223427
833,15558605.700112317,4255513.77864317
834,15550669.51097468,4257699.349938245
835,15561964.988385985,4259188.167639599
836,15571467.108800609,4250211.59520517
837,15560591.528508574,4257274.891737196
838,15559329.27680247,4259374.181301812
839,15537004.932160314,4259574.728685858
840,15559175.09930772,4254673.680560088
841,15558489.482563926,4256430.273044357
842,15559118.66032589,4237694.255932482
843,15559743.607947204,4249047.193238434
844,15546774.553311313,4242616.588464884
845,15549699.250292929,4267039.683581559
846,15536768.489561874,4248895.044001197
847,15550696.561610945,4255444.03064409
848,15556933.34740213,4246727.11278149
849,15551236.90641925,4253835.428104076
850,15555355.616259117,4253453.042995092
851,15558452.524492985,4253910.5092293145
852,15568667.53492665,4265656.640427475
853,15559274.396293512,4261830.763334405
854,15551481.252701549,4253734.864046477
855,15551020.835287623,4255008.012958436
856,15554913.566561172,4254554.748384031
857,15539377.3731481,4261196.652088508
858,15551453.08887038,4253868.584303884
859,15546733.810377683,4242658.470337952
860,15559864.166955732,4261834.876608566
861,15557842.938961403,4256620.625189224
862,15552134.364154032,4255006.91676994
863,15539377.3731481,4261196.652088508
864,15555711.393351696,4258277.609954646
865,15552622.166162686,4256297.34370571
866,15561945.284836112,4270688.998965239
867,15558361.131191049,4255621.347647288
868,15560513.604865016,4249365.604199249
869,15551193.269178862,4251794.871077369
870,15559536.77633331,4256770.415059689
871,15563677.861390822,4260860.211031751
872,15559139.254431687,4255440.330860877
873,15552161.080831816,4257927.415654489
874,15560201.353693344,4250171.054076944
875,15558846.929448863,4255399.7703566775
876,15555492.761871774,4249748.257405861
877,15558909.936280658,4255707.951741638
878,15554605.656849638,4254047.382898415
879,15555057.057384802,4250853.014181182
880,15555164.48069342,4255535.977510253
881,15550309.83769993,4257451.690212554
882,15557839.82201566,4255707.951741638
883,15562743.11162663,4264195.877330699
884,15564107.665944776,4263963.155260604
885,15555064.293151706,4250832.468467996
886,15556119.935882907,4256749.310049826
887,15557269.8662228,4260311.014512904
888,15558030.62362288,4260608.092677614
889,15554949.522756696,4264875.5583925145
890,15558403.543917034,4253930.786701875
891,15551524.222024988,4255273.1567773465
892,15555076.204337226,4250683.992593641
893,15557075.39107238,4257074.249488663
894,15555074.534544868,4250862.191278863
895,15559375.363071656,4250607.426947281
896,15558146.173254322,4253222.604535077
897,15551504.51847512,4253941.884523712
898,15555053.383841611,4253478.11477307
899,15554697.606749034,4254962.521228223
900,15568910.322736064,4255432.794269329
901,15559908.36079358,4248472.70742187
902,15547235.638642184,4248977.897284069
903,15557763.345525485,4257389.467787466
904,15560023.019869097,4261302.220488473
905,15551270.970183436,4256099.597174052
906,15559414.324893434,4255049.805226727
907,15554100.377680931,4252896.409518569
908,15559737.485375209,4261042.140178364
909,15557677.406878592,4256792.342385808
910,15559177.43701703,4257354.79332977
911,15554338.490071736,4258300.4997574
912,15568949.507196823,4255442.797382881
913,15552355.444662744,4257500.070448564
914,15556731.7478043,4247112.549228953
915,15542652.949164696,4248531.318658615
916,15558711.0083506,4263236.3592729885
917,15551673.724101128,4252299.940292306
918,15558512.637018012,4256925.277741714
919,15559578.743781338,4254981.704464882
920,15551113.341784474,4255134.623468655
921,15551552.83113413,4253873.379630356
922,15561879.049739089,4249764.966261481
923,15559072.351417718,4255535.977510253
924,15557868.653763773,4261171.425504959
925,15552787.36428702,4254414.579979337
926,15552047.757590191,4252868.325143984
927,15537897.82579597,4247286.034286796
928,15558967.265818411,4254217.415536919
929,15556922.549411522,4257389.467787466
930,15552231.212111017,4257810.778086247
931,15558146.173254322,4253222.604535077
932,15557918.970173612,4254893.187810532
933,15553792.579288889,4252980.389078448
934,15557534.02737445,4255784.416053184
935,15558058.342176082,4254332.09657666
936,15558618.056575794,4262146.530184795
937,15547653.086732654,4253848.306946612
938,15551342.659935508,4265950.434997461
939,15537004.932160314,4259574.728685858
940,15552806.288600462,4257277.495725008
941,15555814.252561186,4244089.530476702
942,15562057.828841304,4261448.921127378
943,15558069.140166689,4260583.2787331445
944,15551393.755581783,4253795.0105583845
945,15561355.95945185,4259682.611815176
946,15554803.805543251,4254535.702913733
947,15552089.72503822,4254891.543545092
948,15555371.42362681,4249961.365705299
949,15552412.774200508,4255019.93401541
950,15551585.7817034,4255254.658162816
951,15559376.921544531,4261292.623319053
952,15560991.276800008,4257069.589808055
953,15563230.6909963,4257019.155745014
954,15558298.458317729,4256930.896694418
955,15555433.09462471,4260379.559750197
956,15551094.083512569,4258033.637789275
957,15537547.725997426,4259991.051032654
958,15559198.921678755,4254286.607657188
959,15552431.92115292,4257437.2995321015
960,15543691.337374814,4252643.241760155
961,15558265.507748447,4254126.849878386
962,15550876.453908067,4236556.489514334
963,15556912.41933786,4246801.460568068
964,15558366.474526605,4259436.552103563
965,15557381.185713593,4257313.129304701
966,15563410.13801546,4260905.590211308
967,15550769.364557916,4256663.382930188
968,15547806.151032496,4246798.037546555
969,15559726.798704091,4261204.192654683
970,15558298.458317729,4261517.199292705
971,15555623.11699549,4257160.179836982
972,15559091.498370135,4258158.638578122
973,15552074.919545949,4259008.599605328
974,15550410.136561131,4257978.950393571
975,15558137.82429251,4256351.063408843
976,15550979.535756538,4254958.410539027
977,15562090.556771597,4261034.462624901
978,15559234.321276825,4259477.4017446255
979,15555055.387592442,4250853.972982072
980,15556485.397771178,4250067.236601947
981,15545337.530004663,4244841.88724136
982,15550962.83783292,4254931.554074315
983,15559384.936547866,4261682.000959607
984,15547733.34808552,4254052.589338053
985,15550845.8410481,4253462.633285895
986,15558298.458317729,4265389.873028153
987,15537247.274691774,4247096.939816255
988,15551277.204074925,4255993.530861105
989,15559588.31725755,4260810.033668918
990,15561522.270771105,4263827.940118702
991,15554585.28538283,4253990.523258387
992,15560056.527035823,4256333.3852121
993,15556091.994690713,4258693.06048054
994,15551337.65055842,4259598.854934915
995,15561557.781688662,4250157.905635164
996,15554629.479220672,4258153.841372355
997,15554686.808758426,4253911.605307956
998,15556972.97714085,4250810.142170057
999,15560724.110022107,4257596.831562816
1000,15559477.777003191,4259305.779447112
1001,15551593.017470304,4257527.6184973
1002,15563670.73694341,4260802.904663384
1003,15552738.27239158,4254790.695737174
1004,15551341.435421107,4253847.895919486
1005,15543678.98091133,4251993.08775998
1006,15555049.821617903,4243172.289084779
1007,15551576.764824646,4255526.385401665
1008,15544357.584527217,4263756.904842692
1009,15559521.41424358,4258612.463763076
1010,15551019.833412206,4258367.935862059
1011,15558538.1291814,4255424.572539017
1012,15547833.312988244,4246767.641162442
1013,15552804.507488606,4254707.113340103
1014,15552584.76281378,4254637.781541212
1015,15555679.222018857,4251552.00231666
1016,15563477.041029423,4266714.859131167
1017,15554572.483641386,4255419.502475068
1018,15559737.485375209,4247881.271863861
1019,15558156.748605946,4257409.203496286
1020,15558432.15302617,4255994.490112556
1021,15558199.940568374,4256055.197196946
1022,15548499.448821155,4262462.717513415
1023,15555037.131195951,4250831.372697708
1024,15562494.201245213,4257034.916364725
1025,15550391.32356719,4257987.311105525
1026,15546994.743264103,4264895.993365224
1027,15552463.758527286,4263624.572018086
1028,15568772.843164936,4251426.529084018
1029,15551106.217337055,4254214.949291204
1030,15557663.046664275,4257566.268115509
1031,15564279.320599573,4264287.623575693
1032,15562507.670903604,4260752.042085783
1033,15565099.29996876,4261361.997333465
1034,15563037.55167978,4266227.503413644
1035,15557534.02737445,4258001.017204532
1036,15548596.296778144,4263705.205714152
1037,15559931.292608682,4247639.31148636
1038,15552728.030998431,4254652.168538446
1039,15543345.690355904,4247766.79532011
1040,15550985.547009042,4257995.671823875
1041,15542970.766310906,4249854.263200847
1042,15558680.618129622,4256773.8412015
1043,15547621.138038795,4254074.100180721
1044,15541364.982656213,4252513.50925321
1045,15543617.7551914,4249452.021846742
1046,15559089.717258282,4254183.984253432
1047,15572132.576716566,4249220.298091798
1048,15537345.903760616,4259489.190595604
1049,15569030.659105614,4255653.001912386
1050,15571732.271827675,4249879.60065524
1051,15556509.220142206,4259100.028151872
1052,15558432.15302617,4255994.490112556
1053,15571930.53184078,4249354.100158152
1054,15559348.201115908,4249560.7638809895
1055,15562076.085237794,4261370.223530394
1056,15554950.413312623,4253938.185248514
1057,15558432.15302617,4255994.490112556
1058,15557534.02737445,4258001.017204532
1059,15562775.282959463,4257028.886211892
1060,15561382.453490663,4260105.381380569
1061,15557132.720610144,4258583.816433512
1062,15547562.583986642,4260351.181969802
1063,15546097.619487798,4251696.654465893
1064,15558107.32275203,4262501.247470846
1065,15558168.437152475,4254949.504051075
1066,15543780.39296745,4249549.533545331
1067,15555852.435146524,4259376.922868037
1068,15551332.863820313,4253785.831001019
1069,15561606.316986648,4249550.492232072
1070,15551643.667838613,4252072.402835568
1071,15559072.351417718,4255402.236869529
1072,15548487.31499666,4243714.603402191
1073,15562161.133328756,4253466.195396049
1074,15561370.097027184,4256632.959135807
1075,15557887.355438229,4254957.862447253
1076,15559251.35315892,4260000.50997289
1077,15571347.106389526,4250054.636131081
1078,15546164.077223802,4264584.124185086
1079,15558398.868498418,4253971.615780906
1080,15551261.062748754,4256180.038332438
1081,15553878.629255269,4249353.82625256
1082,15542318.990692316,4249691.694010124
1083,15561470.618527368,4250242.685969411
1084,15556463.913109452,4258153.841372355
1085,15550821.239440631,4253791.722357847
1086,15562115.492337538,4261015.542962611
1087,15557240.255238244,4254177.9556722
1088,15559597.890733756,4259071.105395533
1089,15555145.445060495,4254284.278410379
1090,15558909.491002692,4254146.0316496845
1091,15559255.02670211,4259145.674174207
1092,15555690.020009456,4255364.005982818
1093,15553336.503335107,4263475.648083264
1094,15539377.3731481,4261196.652088508
1095,15559167.863540825,4255449.922894002
1096,15558369.702791834,4255617.373741694
1097,15548398.259404024,4254741.231323413
1098,15562095.566148683,4261363.505469104
1099,15555050.15557638,4253365.908738068
1100,15554983.3638819,4254416.224173088
1101,15551113.341784474,4255134.623468655
1102,15551060.353706855,4267104.292975703
1103,15551364.255916722,4252197.883472876
1104,15553862.710568083,4252535.839026033
1105,15556463.913109452,4258153.841372355
1106,15551648.454576716,4255521.315290527
1107,15570107.89781802,4265835.769135915
1108,15559783.015046949,4249081.841380063
1109,15571655.795337502,4250347.737795166
1110,15559013.908685056,4256244.7205789015
1111,15552711.33307481,4256629.944169804
1112,15562262.879343348,4250017.65657205
1113,15550970.07359982,4255481.0285449885
1114,15549528.486194052,4246331.010519568
1115,15551274.08712918,4256024.226949264
1116,15555967.094222046,4259682.611815176
1117,15552977.497977298,4262197.947709253
1118,15553034.827515054,4248721.122620064
1119,15540832.541531747,4246719.445266822
1120,15537171.243479565,4259495.907504751
1121,15557192.499176694,4260506.78085012
1122,15553585.636355504,4256689.695469266
1123,15551010.037297016,4257830.2404377
1124,15562043.802585466,4261555.314598684
1125,15551533.7955012,4258268.563698512
1126,15553525.189872002,4256029.571366272
1127,15558640.20915446,4259180.628464328
1128,15543558.978500262,4258117.793864913
1129,15562001.389859471,4260905.316016301
1130,15551871.538836263,4253980.38446205
1131,15557752.2135764,4254920.044181052
1132,15550943.245602535,4258597.386211842
1133,15555441.443586515,4251299.002632556
1134,15557534.02737445,4258001.017204532
1135,15563213.10251676,4262012.845753735
1136,15537993.003960593,4259899.752117321
1137,15551637.656586103,4255502.542196762
1138,15551860.629526164,4258007.322015843
1139,15548151.464092938,4247034.228540306
1140,15549736.653641837,4258004.991976454
1141,15561917.232324434,4261201.861933675
1142,15561876.600710295,4261646.078920181
1143,15559635.182763169,4260785.904745877
1144,15559021.923688391,4256044.508340487
1145,15561974.561862191,4261208.991199503
1146,15558035.632999966,4258137.119700132
1147,15558009.36160013,4258765.433549538
1148,15558355.787855478,4257442.0964234825
1149,15551263.845736029,4256100.830509325
1150,15551545.484047735,4258450.44971049
1151,15558607.592543658,4258714.580452897
1152,15553239.655378114,4255936.112963221
1153,15559646.871309703,4260625.914882436
1154,15554120.637828251,4252373.914957706
1155,15559139.254431687,4259568.011728267
1156,15570795.073034683,4249551.313963631
1157,15557534.02737445,4258001.017204532
1158,15558296.454566892,4256383.679071632
1159,15557916.298505832,4254236.460453108
1160,15562039.015847364,4260939.042053456
1161,15550479.377284411,4257957.843050852
1162,15547699.173001844,4253702.39328796
1163,15554641.501725674,4253999.839998435
1164,15554163.05055425,4262389.908605467
1165,15561333.027636752,4238831.729877944
1166,15554610.332268251,4254370.323857056
1167,15537004.932160314,4259574.728685858
1168,15537916.972748384,4259950.19947175
1169,15557285.673590492,4256491.393674295
1170,15568158.804853722,4259166.646734866
1171,15561741.23620949,4250422.1101665255
1172,15558328.291941252,4254023.405905743
1173,15557534.02737445,4258001.017204532
1174,15548050.719953772,4272768.086359286
1175,15556924.998440318,4258392.744777589
1176,15543107.577965098,4249174.282610574
1177,15570872.3287613,4265338.989087039
1178,15558123.352758706,4254988.555628985
1179,15558373.710293502,4253135.33511297
1180,15561537.410221845,4258884.822746533
1181,15552126.12651171,4257695.238220192
1182,15562104.80566642,4261371.457460466
1183,15558949.677338868,4263107.186632679
1184,15558896.689261248,4259625.174540078
1185,15557228.34405273,4258153.841372355
1186,15554987.816661531,4250872.601130323
1187,15572037.955149395,4249440.106853226
1188,15557151.867562557,4255430.875865036
1189,15566482.889919829,4259768.014335976
1190,15558426.921010096,4254866.87959314
1191,15559416.32864427,4256832.908055045
1192,15546845.463826949,4253719.930225739
1193,15550888.476413071,4236478.38098534
1194,15551144.399922406,4258698.543272022
1195,15571947.229764402,4249361.221705976
1196,15551188.148482287,4257967.437292491
1197,15557046.781963246,4260332.400580796
1198,15551636.432071708,4258268.563698512
1199,15556706.812238367,4266527.623077371
1200,15572305.567205258,4249516.52738159
1201,15557383.634742389,4257693.593533405
1202,15559397.181691851,4249597.741896886
1203,15551332.863820313,4253862.007859573
1204,15558441.72650238,4250768.229120215
1205,15551637.656586103,4255491.716850771
1206,15562015.193476336,4260943.840481837
1207,15558776.130252725,4255612.303588373
1208,15551366.593626024,4254974.579258766
1209,15554669.665556844,4253900.781536226
1210,15550961.724638008,4258011.159728855
1211,15555692.914316213,4253321.656857501
1212,15554627.9207478,4254432.255075108
1213,15562131.077066245,4261271.098269733
1214,15571465.661647225,4267257.244551968
1215,15559731.585442197,4257781.310507381
1216,15559419.556909502,4259483.15908886
1217,15558919.509756863,4257076.57932971
1218,15551605.373933775,4255249.314124442
1219,15552146.052700564,4254985.541116252
1220,15551817.660202725,4258584.63884384
1221,15551376.055782745,4253842.963595208
1222,15559614.588657372,4259441.349872284
1223,15556616.8660898,4255414.569442134
1224,15558856.05764711,4259076.725451198
1225,15561852.55570028,4261430.549163776
1226,15551963.711374644,4253116.155113495
1227,15551494.388401462,4254390.054118555
1228,15553201.027514812,4254714.238372003
1229,15537640.566452747,4259374.181301812
1230,15557266.526638074,4255249.314124442
1231,15542878.705092022,4249276.996004221
1232,15550965.5095007,4253664.1683413
1233,15551332.863820313,4258117.793864913
1234,15563887.921269948,4261684.331783042
1235,15558607.592543658,4258714.580452897
1236,15558871.75369531,4255631.487964663
1237,15546416.661148416,4251909.389745677
1238,15549947.715396376,4257064.656030756
1239,15562091.892605487,4261288.9215559615
1240,15558457.311231086,4259808.316880932
1241,15561542.976196388,4260936.574291112
1242,15557351.129451076,4256446.306898531
1243,15552575.189337572,4263602.49384798
1244,15551610.16067188,4261822.94811776
1245,15558046.876268532,4255617.921866517
1246,15551093.081637148,4235934.646122004
1247,15571165.655619536,4267410.335450771
1248,15559274.396293512,4261830.763334405
1249,15559215.619602373,4255746.183830591
1250,15553644.747005112,4257947.700575992
1251,15536382.322248306,4247885.790699346
1252,15555074.534544868,4250862.191278863
1253,15559080.70037953,4254267.014596539
1254,15560285.84518686,4257083.842954988
1255,15551337.65055842,4259598.854934915
1256,15559357.99723109,4249449.6936286
1257,15563481.827767538,4260694.1879052585
1258,15555375.98772593,4250229.537441602
1259,15559263.48698341,4259395.9767723
1260,15562040.46300074,4260919.437067974
1261,15561529.729176983,4260917.65479831
1262,15562235.049470652,4249908.088241559
1263,15551947.681367967,4255219.579394507
1264,15557902.940166935,4254692.315211755
1265,15555205.223627051,4254156.581638239
1266,15554874.048141943,4255270.416239886
1267,15554981.026172591,4250854.931783048
1268,15559005.448403755,4255526.385401665
1269,15544869.431545878,4256474.674544272
1270,15560739.58343133,4249707.581036074
1271,15554584.728785375,4254021.350737389
1272,15559731.585442197,4257781.310507381
1273,15555049.821617903,4243172.289084779
1274,15553002.544862729,4254234.953300256
1275,15552481.56964581,4257185.123062955
1276,15537714.816553108,4250079.700125443
1277,15536896.061698323,4265797.638888976
1278,15540169.300005607,4255373.872005306
1279,15543366.061822716,4249744.148674781
1280,15559349.425630303,4249650.333067939
1281,15557657.146731269,4254857.56211465
1282,15554566.695027858,4253994.496573024
1283,15556657.609023431,4247066.953375321
1284,15552584.76281378,4257179.366928832
1285,15556922.549411522,4257389.467787466
1286,15551021.391885083,4251858.568514127
1287,15551509.861810677,4255275.623261651
1288,15559274.396293512,4261830.763334405
1289,15546663.23382052,4254476.511447931
1290,15551232.7875981,4258297.210201957
1291,15558489.482563926,4253070.808248439
1292,15547660.099860577,4254145.072560321
1293,15542652.615206225,4265697.239019599
1294,15559908.36079358,4248472.70742187
1295,15554576.936421018,4253945.035759125
1296,15551346.222159216,4253935.034015074
1297,15550594.704276863,4253163.420172859
1298,15555852.435146524,4260599.867054418
1299,15556357.60299574,4253776.651451356
1300,15559937.860458637,4261297.55900513
1301,15547597.204348275,4254097.940272323
1302,15558205.283903932,4264170.369543014
1303,15550540.714323835,4257997.453617137
1304,15562650.271171303,4261293.445933248
1305,15550133.396307018,4257564.486392516
1306,15556999.025901696,4257380.011106279
1307,15558422.134271998,4254964.85061945
1308,15548022.333483616,4241347.616202315
1309,15554981.026172591,4250855.890584106
1310,15569387.994671056,4251246.677493743
1311,15558604.141639443,4255707.951741638
1312,15543500.201809123,4249261.794361214
1313,15564802.522206305,4260996.486234431
1314,15559862.38584388,4258802.71683269
1315,15562077.309752189,4261297.421902708
1316,15556022.086050496,4258571.891490704
1317,15550727.17447091,4256553.885075128
1318,15537004.932160314,4259574.728685858
1319,15551295.683110394,4256107.682374471
1320,15568910.322736064,4255432.794269329
1321,15562297.054427017,4260855.412640095
1322,15560321.690062888,4249155.931252359
1323,15547436.681642553,4246975.625314363
1324,15561939.718861574,4258984.3375856895
1325,15555279.139768938,4249578.568095277
1326,15559225.19307858,4255516.79330149
1327,15558432.15302617,4255994.490112556
1328,15547967.786933128,4246680.970854625
1329,15551402.438502066,4256083.28975411
1330,15557352.46528496,4259768.699752164
1331,15554790.669843337,4254669.432960107
1332,15551364.144597234,4253898.452371556
1333,15552532.22001412,4257603.2731971415
1334,15559209.274391398,4259953.352439135
1335,15551438.172058608,4253969.012580044
1336,15554690.927579587,4266618.977410107
1337,15555006.852294456,4254547.075384816
1338,15558575.532530306,4255512.5453741
1339,15558538.1291814,4255424.572539017
1340,15542878.705092022,4247591.796409114
1341,15571598.46579974,4250280.898967997
1342,15562674.427500809,4261287.824737507
1343,15559274.396293512,4261830.763334405
1344,15545140.605825452,4245461.90855817
1345,15558680.618129622,4260370.511754245
1346,15556409.477878455,4259425.997019784
1347,15555783.41706223,4255962.286716997
1348,15559496.256038664,4259808.316880932
1349,15558909.602322182,4260404.647414519
1350,15553779.109630495,4254760.962253885
1351,15557367.604735712,4256993.938800724
1352,15556517.791742994,4263873.605897258
1353,15559289.535744265,4261529.401660364
1354,15554376.338698603,4250582.087808372
1355,15551444.18331111,4257615.197083457
1356,15559464.084705826,4249812.764685987
1357,15554679.016394077,4244433.122227422
1358,15560218.94217289,4248370.001571879
1359,15555281.588797731,4258226.75912722
1360,15558604.141639443,4253261.923952697
1361,15551590.5684415,4258507.880813128
1362,15554807.479086448,4248339.326944812
1363,15556160.56749704,4258645.908587309
1364,15559281.743379904,4261516.78797718
1365,15555271.347404584,4257572.572676121
1366,15550776.26636635,4258094.9044447
1367,15562598.062330125,4250873.285989319
1368,15559875.74418277,4261575.332042845
1369,15553452.275605526,4253834.058015338
1370,15543531.14862756,4249600.344058263
1371,15554124.20005196,4252824.760256759
1372,15557534.02737445,4257083.842954988
1373,15553349.082437567,4263475.785213023
1374,15552416.893021662,4258246.770475824
1375,15561917.121004948,4249677.861359752
1376,15553076.794963082,4257226.923651639
1377,15551304.47735017,4258020.205772003
1378,15555623.11699549,4257160.179836982
1379,15554962.992415084,4255616.003429756
1380,15539377.3731481,4261196.652088508
1381,15571649.227487544,4250053.4034771
1382,15565661.908675233,4258933.2093251385
1383,15559623.939494602,4249445.448055614
1384,15556787.518869191,4258711.7019828
1385,15571292.671158532,4250013.41077882
1386,15551189.818274649,4255172.853553635
1387,15555392.240371585,4266614.313656883
1388,15558929.305872047,4257525.151505032
1389,15554913.566561172,4253846.799847234
1390,15563075.734265115,4267765.909694865
1391,15559214.283768484,4263194.398566263
1392,15563228.575925976,4266143.9706606185
1393,15554870.263279254,4254912.507947974
1394,15559366.346192902,4254212.20901884
1395,15559177.7709755,4259308.658073653
1396,15544357.584527217,4263756.904842692
1397,15556423.17017582,4251603.096086606
1398,15563887.142033514,4260866.928783608
1399,15558086.17204878,4256450.28110534
1400,15558274.524627209,4255211.083772231
1401,15545948.340050649,4240957.592759724
1402,15554520.608758677,4256580.882567089
1403,15551379.72932594,4253893.520024487
1404,15550720.606620954,4257683.72541787
1405,15559459.186648222,4259031.490938771
1406,15556695.680289283,4253598.679316555
1407,15558877.20835036,4255574.757120726
1408,15550960.500123613,4241032.038268419
1409,15556972.97714085,4259465.612906363
1410,15556463.913109452,4259071.105395533
1411,15558419.017326256,4255297.136509413
1412,15555149.22992318,4247503.476424137
1413,15551362.920082828,4251878.842184674
1414,15550310.72825586,4258010.611484056
1415,15561648.28443468,4253339.056182382
1416,15558220.312035182,4254577.082323095
1417,15553263.811707618,4255912.817004698
1418,15555088.115522737,4251761.995126024
1419,15551876.325574368,4242584.698126351
1420,15552140.48672602,4257420.716009549
1421,15552643.650824407,4254394.164594182
1422,15558751.973923218,4255680.545308499
1423,15552787.36428702,4254414.579979337
1424,15552525.095566716,4257642.060139364
1425,15551118.796439525,4256698.466329695
1426,15550216.218008166,4240572.509538667
1427,15551371.046405662,4253869.269350394
1428,15552199.820014618,4237631.598418001
1429,15557151.867562557,4256854.424366355
1430,15556694.67841387,4254553.515223079
1431,15568910.322736064,4255432.794269329
1432,15559274.396293512,4261830.763334405
1433,15559374.027237771,4261677.20220705
1434,15550587.802468436,4255755.639099007
1435,15564117.239420982,4259061.647259593
1436,15552897.681902396,4251431.049382925
1437,15557706.683904665,4256184.012442483
1438,15555355.616259117,4254800.287200641
1439,15555227.82148368,4253082.727194767
1440,15558714.57057431,4255756.050197817
1441,15551240.134684486,4256145.778822969
1442,15555699.593485665,4260064.803566214
1443,15571536.349523876,4250233.098499658
1444,15559292.20741204,4259191.457463164
1445,15559180.553962773,4261703.66392597
1446,15553923.824968532,4261060.922787252
1447,15557572.321279276,4255440.330860877
1448,15560094.709621169,4249018.433994654
1449,15552546.580228437,4252339.256394809
1450,15559558.594953503,4254354.841107325
1451,15551701.108695865,4249225.228333397
1452,15559387.274257174,4261672.540563723
1453,15569028.321396306,4251269.826542626
1454,15551304.47735017,4254953.066645386
1455,15556342.463544996,4257513.50182684
1456,15551549.825507876,4246336.07637582
1457,15550187.497579549,4240117.51569705
1458,15562088.1077428,4261054.342015497
1459,15551505.075072575,4258258.969192606
1460,15556399.681763263,4263945.190474931
1461,15556472.15075177,4265224.466798612
1462,15550712.146339657,4258296.661942816
1463,15558351.780353816,4255704.937030633
1464,15559114.09622677,4263106.638132157
1465,15554681.35410338,4253898.17835222
1466,15561606.316986648,4249550.492232072
1467,15560795.020537743,4258414.675357535
1468,15559824.759855991,4249454.350065383
1469,15555534.729319796,4254414.4429632025
1470,15552913.600589585,4251517.48333631
1471,15558976.83929462,4255994.490112556
1472,15554984.477076812,4250853.83601051
1473,15561568.468359774,4253312.066690258
1474,15552642.09235154,4257227.06070301
1475,15554670.222154304,4253826.248512797
1476,15554457.490607392,4259615.715924677
1477,15561991.259785809,4261316.479155744
1478,15568587.384893278,4250536.203570965
1479,15536904.29934064,4258907.0284585655
1480,15555952.622688238,4249372.177942443
1481,15543735.308573678,4249676.3548345305
1482,15557772.919001693,4253684.719371295
1483,15558806.186515236,4263642.536276384
1484,15537004.932160314,4259574.728685858
1485,15557228.34405273,4258440.580911774
1486,15562050.704393892,4260887.082063957
1487,15555852.435146524,4260599.867054418
1488,15558401.65148569,4256770.0039227465
1489,15551417.57795281,4254189.3277713945
1490,15542789.09290194,4249672.65700077
1491,15551093.081637148,4235934.646122004
1492,15553564.151693782,4255631.487964663
1493,15559421.115382371,4259333.880357658
1494,15562015.193476336,4260943.840481837
1495,15557610.615184112,4257042.454060446
1496,15551745.191214222,4263712.336613884
1497,15555852.435146524,4259376.922868037
1498,15553406.411975324,4254389.369039434
1499,15550821.239440631,4253791.722357847
1500,15556764.921012558,4253581.96460734
1501,15537653.924791638,4259334.017435448
1502,15560011.442642054,4249424.904983765
1503,15553177.09382429,4256604.316992321
1504,15553243.774199275,4262276.102809906
1505,15559643.420405492,4252648.721519751
1506,15559274.396293512,4261830.763334405
1507,15559187.010493236,4249459.143458256
1508,15560462.50921874,4253641.699259347
1509,15556559.53655204,4252841.473809339
1510,15543507.437576022,4249407.922740138
1511,15556919.2098268,4237025.152363145
1512,15555852.435146524,4260599.867054418
1513,15552433.03434783,4263686.007161094
1514,15559274.396293512,4261830.763334405
1515,15571537.351399297,4250285.144864962
1516,15549014.524105055,4254050.123129495
1517,15551409.006352022,4253845.155739059
1518,15556387.547938766,4253746.372692878
1519,15554935.162542386,4255562.15030648
1520,15556686.440771548,4253602.515482931
1521,15557323.410897864,4252024.320570877
1522,15556922.549411522,4256840.171518458
1523,15552353.218272932,4255993.530861105
1524,15557100.437957805,4260226.019015751
1525,15551758.438233623,4256839.623332373
1526,15560442.471710404,4259716.882409489
1527,15537139.628744174,4246793.108397456
1528,15563692.110285642,4260842.525541509
1529,15562154.565478804,4261393.668225617
1530,15560515.052018398,4247557.837632946
1531,15549052.038773453,4253930.101651509
1532,15553442.25685136,4253933.115873424
1533,15559100.18129042,4257119.475903598
1534,15558985.744853878,4261275.896843935
1535,15562069.517387835,4261334.713824654
1536,15552549.585854683,4257503.633873845
1537,15559587.092743147,4262346.031531807
1538,15553097.27774939,4262346.168647385
1539,15557474.360127382,4257592.58282736
1540,15559050.978075488,4260767.945184337
1541,15556731.525165318,4258077.497552424
1542,15551340.87882366,4256112.615720032
1543,15540068.88982491,4259528.669631
1544,15551127.145401329,4235947.6407290725
1545,15550517.114591785,4258626.307714793
1546,15545604.696782568,4255347.425603962
1547,15549486.07346806,4246510.096806107
1548,15553243.996838251,4263657.346526822
1549,15551992.320483774,4257656.999316358
1550,15553815.84506246,4254075.059263863
1551,15559047.30453229,4259351.289250677
1552,15547483.435828688,4245723.535496839
1553,15551065.585722923,4258158.638578122
1554,15556119.935882907,4256749.310049826
1555,15558635.199777376,4259467.669098169
1556,15554060.191344758,4243165.3084343
1557,15572018.919516472,4249669.370038477
1558,15554508.808892649,4254265.370425213
1559,15551487.820551498,4258359.986055735
1560,15553819.184647186,4250799.45843623
1561,15550802.87172465,4258123.413430494
1562,15555372.759460691,4249536.796715166
1563,15552076.032740854,4256227.727748292
1564,15557631.988526344,4257630.273280176
1565,15555171.27118236,4250993.41092003
1566,15551208.853907572,4253749.249856372
1567,15561444.347127546,4261065.035771607
1568,15554969.226306573,4257089.873138128
1569,15556368.400986351,4254437.18766507
1570,15554982.807284446,4250851.233551179
1571,15551287.668107051,4255662.594132013
1572,15572515.73840388,4266542.848746403
1573,15560362.21035754,4258306.8047414245
1574,15558508.629516345,4253768.29395761
1575,15559960.903593233,4258061.872491626
1576,15551588.67601016,4254547.075384816
1577,15563515.223614773,4255851.288505785
1578,15558260.164412891,4258765.433549538
1579,15555372.20286324,4255691.918969914
1580,15557897.15155341,4257513.775936772
1581,15558909.936280658,4259071.105395533
1582,15559492.805134444,4257384.807972526
1583,15557443.969906395,4255837.03696521
1584,15551578.657255994,4255741.524715825
1585,15557882.12342216,4255856.495804089
1586,15552708.550087543,4255777.564390561
1587,15559037.397097614,4254302.36433981
1588,15557992.66367652,4257618.897602546
1589,15556977.54123997,4253579.635510543
1590,15554600.758792046,4254006.005492541
1591,15559487.3504794,4248424.367081821
1592,15556387.547938766,4256835.374891131
1593,15563350.359448904,4260544.755538736
1594,15553878.629255269,4249353.82625256
1595,15559172.650278926,4259361.4330279
1596,15559814.9637408,4261761.934776494
1597,15558976.727975126,4256975.574323542
1598,15555888.16870307,4255373.872005306
1599,15559403.304263843,4259692.755899893
1600,15571556.27571273,4250718.919855264
1601,15563662.721940076,4260956.4535036255
1602,15561198.331052888,4238996.874521056
1603,15557534.02737445,4255784.416053184
1604,15542149.005829873,4249768.116294497
1605,15559125.45081483,4261488.544348072
1606,15558776.018933227,4255710.829421102
1607,15554588.847606532,4254107.531128425
1608,15559511.506808905,4249419.152930558
1609,15549125.954915335,4260905.590211308
1610,15568910.322736064,4255432.794269329
1611,15557954.481091175,4256758.903231078
1612,15550654.705482405,4257862.860512896
1613,15557839.82201566,4255898.976488133
1614,15554913.566561172,4254212.20901884
1615,15563034.991331488,4266294.439808393
1616,15551116.347410727,4254025.598085749
1617,15547177.863826456,4255442.6603538655
1618,15557044.889531905,4260441.936289771
1619,15559148.827907898,4255383.052895337
1620,15555541.63112823,4255632.99530994
1621,15551444.18331111,4253732.671924723
1622,15556425.73052411,4253711.02474601
1623,15551009.480699563,4257965.244322233
1624,15550408.57808826,4257981.417488237
1625,15557954.481091175,4256758.903231078
1626,15557937.783167554,4255308.235717481
1627,15541860.9109877,4249202.494460057
1628,15559081.92489393,4255325.775229734
1629,15559271.83594522,4261807.317701239
1630,15562239.724889262,4261237.645410997
1631,15556949.043450328,4248960.367942183
1632,15543546.955995254,4248066.134837519
1633,15554737.013848778,4254871.81237908
1634,15554989.59777338,4250619.480179885
1635,15561917.232324434,4261201.861933675
1636,15551833.801528886,4243872.56673246
1637,15557075.39107238,4256625.14763469
1638,15558757.094619798,4259739.912309234
1639,15550568.766835513,4258182.624638544
1640,15555507.678683536,4251309.960808489
1641,15564184.031115452,4246879.505748769
1642,15560038.048000349,4258506.0989366695
1643,15572221.966267675,4249351.635008062
1644,15543921.2121233,4264826.322608627
1645,15559073.57593212,4256009.427038859
1646,15556076.632600984,4259480.417495992
1647,15561518.374588918,4263638.285189692
1648,15556922.549411522,4257389.467787466
1649,15548012.982646387,4241341.731535021
1650,15558604.141639443,4258727.190902242
1651,15559731.585442197,4257781.310507381
1652,15558141.831794184,4257980.595123285
1653,15559144.041169789,4261052.69682318
1654,15561705.280013964,4261270.549861385
1655,15552049.31606306,4255320.157101656
1656,15552022.933343742,4263604.276555713
1657,15557163.4447896,4238422.50477691
1658,15557271.647334646,4258418.239080931
1659,15547333.933752548,4244920.876746376
1660,15551027.959735034,4258179.060991952
1661,15552906.253503192,4254122.054440813
1662,15558142.499711124,4253220.001512417
1663,15546797.151167946,4260251.9288633885
1664,15561291.2828277,4253786.653050619
1665,15539377.3731481,4261196.652088508
1666,15550950.59268893,4253794.325516526
1667,15563687.323547533,4260826.348141391
1668,15565999.429371314,4269065.25344944
1669,15550800.42269585,4239359.325788582
1670,15555229.045998083,4250559.077181694
1671,15558011.47667046,4255445.537963532
1672,15551505.075072575,4255314.12789424
1673,15572378.926749691,4249434.765653444
1674,15559655.442910494,4249429.835317496
1675,15559371.57820897,4261680.2185655525
1676,15551925.5287893,4255717.4069770025
1677,15552140.48672602,4257420.716009549
1678,15557362.595358623,4253481.402879362
1679,15542968.428601604,4249847.552209235
1680,15556416.379686886,4253664.1683413
1681,15544001.139517693,4250947.114040325
1682,15559234.766554791,4255469.106985477
1683,15554958.984913418,4250973.960727783
1684,15537048.903359184,4249936.986782261
1685,15557681.748338733,4254446.230752448
1686,15541900.318087444,4257134.003215971
1687,15561733.44384513,4253367.278768189
1688,15551012.152367342,4257996.220067923
1689,15557228.34405273,4261670.072635708
1690,15559836.671041502,4260093.4547776105
1691,15564529.455495393,4258075.030436077
1692,15559440.596293263,4261704.760786166
1693,15536943.817759868,4258814.916169861
1694,15558981.626032723,4262243.332445246
1695,15561917.232324434,4261201.861933675
1696,15543691.337374814,4252643.241760155
1697,15554575.04398967,4254485.828601864
1698,15558134.48470779,4257142.363281837
1699,15553256.7985797,4251420.091085765
1700,15561634.814776288,4253340.289206455
1701,15553263.14379067,4265233.930271528
1702,15555895.404469974,4251596.24704194
1703,15558661.471177204,4257530.496655648
1704,15558085.281492855,4255726.862220545
1705,15558015.038894163,4250622.630458776
1706,15558060.791204885,4255964.068178954
1707,15541102.268657943,4253380.56806924
1708,15555435.988931464,4250870.683525363
1709,15557113.684977213,4257446.893316965
1710,15557457.662203765,4257313.129304701
1711,15554457.490607392,4259615.715924677
1712,15551419.13642568,4252411.998406346
1713,15554678.682435604,4250566.47344928
1714,15563423.162395887,4260694.462094966
1715,15537867.10161651,4259941.288916671
1716,15555862.008622736,4256805.087664321
1717,15555393.798844457,4256797.138994259
1718,15559881.532796295,4261170.877101614
1719,15559502.267291162,4259310.02884846
1720,15552417.56093861,4259219.283927096
1721,15556358.60487116,4254955.121988786
1722,15551945.121019684,4252979.156094928
1723,15551185.031536544,4256080.549013646
1724,15553250.342049232,4263313.699037156
1725,15552149.169646308,4253915.304574163
1726,15550959.275609218,4254960.328860459
1727,15556416.157047898,4258705.12262543
1728,15556999.025901696,4256262.124553756
1729,15551040.98411546,4257981.554549068
1730,15561850.99722741,4249651.702633059
1731,15553546.229255764,4263320.555425653
1732,15559148.827907898,4256102.063844732
1733,15558776.130252725,4259348.2735349415
1734,15560362.21035754,4258306.8047414245
1735,15551982.190410117,4262116.091124351
1736,15559148.827907898,4255277.952719555
1737,15556748.223088937,4253629.779704119
1738,15558260.164412891,4261431.097580154
1739,15559035.282027282,4259571.712908469
1740,15557998.118331565,4256614.321177454
1741,15543422.946082512,4249630.748305446
1742,15537244.26906552,4244996.581260398
1743,15552566.283778308,4257579.425463519
1744,15543218.897455888,4249668.822211526
1745,15559465.30922022,4249457.226100853
1746,15543106.576089678,4250682.211991134
1747,15562867.900775809,4261629.351903956
1748,15559287.19803495,4259463.282556119
1749,15571827.783950776,4249315.890394115
1750,15551388.412246224,4253855.157400945
1751,15555852.435146524,4259376.922868037
1752,15538252.823652104,4261407.78990842
1753,15552183.456049472,4258459.633183962
1754,15554765.177679949,4246815.9741911655
1755,15562093.673717337,4261042.140178364
1756,15551481.364021037,4253735.001054098
1757,15560832.08992818,4259168.565794716
1758,15555315.65256192,4266608.826890935
1759,15545112.998591734,4254475.415312695
1760,15554182.642784627,4250894.242695301
1761,15557534.02737445,4257083.842954988
1762,15557750.54378404,4257766.097044262
1763,15561888.6232153,4249688.543999097
1764,15559416.32864427,4249612.122270128
1765,15561530.953691378,4250432.79353209
1766,15556175.150350332,4253915.304574163
1767,15551064.138569549,4252020.484957719
1768,15547132.00019625,4243166.814064418
1769,15559280.07358754,4249517.349110599
1770,15547855.242927937,4254406.08498223
1771,15549856.656052904,4240303.889839363
1772,15557148.305338848,4260228.349528631
1773,15552386.502800675,4257399.061530357
1774,15562395.906134848,4260783.574114084
1775,15555055.387592442,4250853.972982072
1776,15555279.139768938,4249578.568095277
1777,15552980.39228406,4255363.18381468
1778,15567891.304117346,4252956.140428092
1779,15559628.058315763,4260786.864417936
1780,15559563.938289065,4260965.91327952
1781,15551251.934550513,4256059.034224888
1782,15552106.200322855,4259211.607654106
1783,15561167.272914955,4261103.423700274
1784,15558053.889396455,4258537.898621678
1785,15554268.804070495,4254662.856034355
1786,15557335.767361348,4260338.295465839
1787,15559013.908685056,4256678.731903622
1788,15558852.606742896,4255344.82207568
1789,15553615.581298525,4250753.436317408
1790,15558592.341773417,4255614.907180327
1791,15560561.694885047,4237453.751526872
1792,15562353.938686814,4261493.891437297
1793,15571483.806724224,4250280.898967997
1794,15554065.42336082,4246129.473490146
1795,15559791.36400876,4249657.454808435
1796,15558414.00794917,4256338.729780195
1797,15554969.226306573,4257752.254181803
1798,15536943.817759868,4258814.916169861
1799,15559681.825629815,4259100.028151872
1800,15548550.210508956,4248155.007111029
1801,15573547.670083534,4263064.952172964
1802,15561969.88644358,4256720.804646619
1803,15557991.216523135,4261248.339346506
1804,15556119.935882907,4256749.310049826
1805,15559274.396293512,4261830.763334405
1806,15537004.932160314,4259574.728685858
1807,15550315.181035483,4258428.793191651
1808,15539377.3731481,4261196.652088508
1809,15552615.709632223,4255027.60734631
1810,15541695.044946412,4254020.254647758
1811,15558907.15329338,4255765.779540885
1812,15558307.47519648,4256529.217374245
1813,15545521.541122943,4252355.421244478
1814,15552526.987998052,4257602.176748477
1815,15554672.448544117,4253938.185248514
1816,15552608.6965043,4242711.849427708
1817,15558035.187722,4255449.100719404
1818,15559848.804866005,4262001.876847397
1819,15536887.601417024,4248494.070359681
1820,15548025.116470885,4241355.964224128
1821,15542652.615206225,4265697.239019599
1822,15558861.067024196,4256848.120219802
1823,15537004.932160314,4259574.728685858
1824,15547640.730269177,4260265.226533914
1825,15559923.388924835,4261571.081760539
1826,15545781.58345344,4260255.08191782
1827,15555675.437156163,4258798.8788417885
1828,15560199.795220472,4256477.004257577
1829,15562139.426028054,4249999.0298785055
1830,15551287.668107051,4255662.594132013
1831,15555440.441711098,4257451.690212554
1832,15568910.322736064,4255432.794269329
1833,15556578.572184963,4252072.950782823
1834,15559908.36079358,4248472.70742187
1835,15552096.292888178,4257583.67419386
1836,15565980.393738387,4247968.636346992
1837,15560753.943645643,4257236.654303409
1838,15551323.512983097,4253978.466312452
1839,15558461.875330208,4254802.479536326
1840,15559160.405134937,4249143.879630859
1841,15552126.12651171,4254981.704464882
1842,15561079.10787825,4256174.282727347
1843,15551230.338569298,4254062.180154402
1844,15551480.362145618,4252005.279504506
1845,15555792.433940984,4263804.6273324
1846,15571314.8237372,4249916.031908653
1847,15551578.657255994,4260806.057876795
1848,15553002.210904256,4254212.072005242
1849,15545347.103480875,4265612.475914231
1850,15559062.777941506,4255421.283848619
1851,15562243.287112964,4261831.174661748
1852,15554765.51163842,4254013.815123391
1853,15552233.327181345,4252062.539789693
1854,15555251.198576754,4254221.93698884
1855,15558816.76186686,4255231.363655686
1856,15558680.618129622,4256773.8412015
1857,15560056.527035823,4256333.3852121
1858,15554168.393889803,4252947.7835610425
1859,15560037.380083406,4251255.443991698
1860,15539741.610521976,4260221.495080398
1861,15557807.873321798,4256358.874714182
1862,15551734.39322361,4243005.028447108
1863,15560954.652687544,4255898.976488133
1864,15559922.94364687,4259145.674174207
1865,15562650.939088251,4256809.199047659
1866,15559731.585442197,4257781.310507381
1867,15571632.418244436,4250045.596671783
1868,15543800.09651732,4249431.889623868
1869,15558945.781156689,4263247.740799664
1870,15556369.736820243,4253217.672492662
1871,15573270.484551456,4270030.360869258
1872,15558585.106006518,4259743.476464722
1873,15558308.031793935,4260924.783878705
1874,15557381.185713593,4256271.580268239
1875,15562053.376061672,4261383.385458361
1876,15562261.320870476,4249974.650871601
1877,15558035.632999966,4258137.119700132
1878,15558704.774459122,4256234.9908097545
1879,15554844.10319892,4254671.899308282
1880,15551262.621221626,4256158.112234013
1881,15552485.13186952,4250439.2309497055
1882,15541470.73617247,4254214.675263939
1883,15558527.776468763,4255746.183830591
1884,15561997.271038318,4261023.905997697
1885,15558384.396964615,4250758.64119019
1886,15558742.734405477,4256749.310049826
1887,15542677.773411142,4247523.331242425
1888,15553878.629255269,4249353.82625256
1889,15554566.695027858,4253994.496573024
1890,15555618.664215855,4257181.14858907
1891,15556903.402459104,4259262.188909316
1892,15561672.997361632,4261188.426022255
1893,15550553.62738476,4258186.325349696
1894,15558986.412770832,4255516.79330149
1895,15550446.42671513,4240508.330316439
1896,15559072.351417718,4255402.236869529
1897,15560905.78343108,4260905.316016301
1898,15551232.7875981,4256271.580268239
1899,15573351.747779738,4270481.798110302
1900,15558005.799376428,4254658.060361825
1901,15558069.140166689,4260583.2787331445
1902,15538782.815747775,4247378.871144838
1903,15558426.253093155,4252971.758196739
1904,15555393.798844457,4259376.922868037
1905,15559143.70721132,4261643.8852116745
1906,15562297.833663458,4250056.964477866
1907,15555057.057384802,4250853.014181182
1908,15539377.3731481,4261196.652088508
1909,15555847.31444995,4248802.74207384
1910,15560268.813304763,4258530.634030315
1911,15553327.597775845,4263493.749226604
1912,15559024.595356168,4255344.82207568
1913,15558658.910828914,4255609.4259348335
1914,15555546.751824804,4257236.654303409
1915,15554765.177679949,4254463.357832357
1916,15559693.514176348,4259122.097225958
1917,15554342.831531877,4249956.024251222
1918,15553763.302262807,4251860.349308008
1919,15552112.100255871,4255006.91676994
1920,15550160.2243043,4258060.775996968
1921,15559274.396293512,4261830.763334405
1922,15557771.805806778,4239662.130234929
1923,15561530.953691378,4250432.79353209
1924,15546397.625515483,4254303.460457707
1925,15552112.21157536,4257764.589404928
1926,15558661.35985771,4257089.873138128
1927,15552442.27386556,4257856.829903429
1928,15554575.04398967,4254485.828601864
1929,15559292.430051018,4261889.171972659
1930,15545947.560814211,4259937.998867403
1931,15559440.596293263,4259762.668091177
1932,15554991.267565746,4250837.673378355
1933,15553769.647473782,4252643.789735992
1934,15552151.062077643,4263059.604314713
1935,15554566.695027858,4253975.178056777
1936,15546680.043063631,4249287.267396577
1937,15559941.867960308,4257561.471169651
1938,15563381.528906325,4255870.336266897
1939,15541196.890225118,4254904.149586455
1940,15559015.021879964,4255526.385401665
1941,15554270.139904393,4254634.219049581
1942,15558060.791204885,4254500.489433679
1943,15557495.844789105,4258134.789633079
1944,15558776.130252725,4259348.2735349415
1945,15552642.09235154,4257227.06070301
1946,15551128.7038742,4251398.859416241
1947,15555989.692078672,4257295.449552568
1948,15551921.521287631,4255446.908254113
1949,15568667.53492665,4265656.640427475
1950,15554323.684579456,4255058.163699545
1951,15551295.683110394,4236072.936887634
1952,15551407.781837622,4253853.787309736
1953,15559597.890733756,4257373.02139066
1954,15554629.479220672,4238433.176451292
1955,15556379.310296455,4259716.882409489
1956,15551552.83113413,4253873.379630356
1957,15555071.083640646,4250863.287052234
1958,15559264.043580864,4261670.621064107
1959,15552130.579291342,4254946.763594702
1960,15571247.920723232,4267392.639350023
1961,15557247.379685655,4257695.238220192
1962,15563710.255362645,4260831.557809998
1963,15557570.42884794,4254903.327452876
1964,15543076.631146653,4247557.563772276
1965,15554769.519140089,4254461.028547913
1966,15559468.87144393,4260504.313185386
1967,15569076.077457856,4251374.888225952
1968,15548323.45270621,4272887.079787796
1969,15555074.534544868,4250855.890584106
1970,15558069.140166689,4255937.209244845
1971,15570331.316036047,4251038.475230642
1972,15542779.185467256,4273881.075626579
1973,15558240.349543536,4261082.447422542
1974,15561537.410221845,4258884.822746533
1975,15557964.054567384,4256176.064223836
1976,15537004.932160314,4259574.728685858
1977,15552642.09235154,4257227.06070301
1978,15552371.80862789,4263281.61119619
1979,15560889.53078543,4269670.322186677
1980,15554949.522756696,4254303.323442964
1981,15549455.571927585,4246430.137429576
1982,15536915.208650736,4258907.0284585655
1983,15542864.010919236,4252242.815753962
1984,15559274.396293512,4261830.763334405
1985,15555888.16870307,4255373.872005306
1986,15561778.973516868,4249832.486732842
1987,15541933.825254166,4253447.69983672
1988,15551829.905346708,4268587.533538102
1989,15551463.218944035,4242925.642130853
1990,15559655.220271513,4255000.887735182
1991,15559273.617057076,4259488.505196944
1992,15559595.77566343,4250648.517567478
1993,15559368.572582722,4258994.755169444
1994,15559148.827907898,4255277.952719555
1995,15551318.726244986,4253805.286191441
1996,15557228.34405273,4258440.580911774
1997,15551232.7875981,4257649.872366987
1998,15551624.520886194,4254215.634359405
1999,15559274.396293512,4261830.763334405
2000,15558405.213709394,4256258.287454556
2001,15549309.52075566,4248203.620138958
2002,15561982.799504507,4260905.316016301
2003,15559236.54766664,4259465.612906363
2004,15553825.752497144,4252835.034978682
2005,15552336.297710331,4255097.352690064
2006,15563827.029508485,4260726.542338134
2007,15537010.720773837,4258880.025222081
2008,15541749.257538432,4253491.130199593
2009,15559005.448403755,4255402.236869529
2010,15559836.671041502,4260093.4547776105
2011,15559932.517123075,4261307.430383972
2012,15550255.513788424,4258768.997387284
2013,15556421.50038346,4253728.561697624
2014,15554986.146869171,4250869.039864236
2015,15550286.0153289,4240646.541901177
2016,15555271.347404584,4257572.572676121
2017,15559488.574993797,4259177.201568201
2018,15558757.094619798,4265759.371616759
2019,15557449.090602972,4258915.389880341
2020,15552136.479224352,4257680.984276246
2021,15551724.819747403,4249122.378475444
2022,15553986.943119807,4263210.716599725
2023,15556101.01156947,4259625.585784409
2024,15559387.274257174,4261672.540563723
2025,15558432.15302617,4255994.490112556
2026,15552087.943926372,4257647.542403779
2027,15552097.51740258,4255251.643576748
2028,15556368.400986351,4239307.331288497
2029,15558568.630721878,4259397.07340089
2030,15550114.249354605,4240546.235696528
2031,15557750.54378404,4257766.097044262
2032,15544374.727728792,4259395.565536603
2033,15556601.949278038,4253686.911483436
2034,15550769.364557916,4256663.382930188
2035,15559650.5448529,4249426.13756699
2036,15543088.987610132,4250962.318023606
2037,15553239.655378114,4255936.112963221
2038,15559425.902120482,4252411.587433173
2039,15552133.25095912,4254974.579258766
2040,15551351.34285579,4256130.430597541
2041,15551856.844663484,4258616.164619735
2042,15551426.260873092,4255291.10731469
2043,15560795.020537743,4259077.273749469
2044,15558069.140166689,4260583.2787331445
2045,15553112.528519629,4240786.671068341
2046,15557608.834072266,4257207.736476336
2047,15559748.394685308,4249770.855454377
2048,15574338.372426637,4263350.4493297925
2049,15542411.831147635,4249703.061448762
2050,15546039.622033097,4259761.434342747
2051,15561260.336009264,4257542.420462598
2052,15563461.678939696,4260700.905555051
2053,15552367.355848264,4257410.985193973
2054,15558952.905604098,4256701.618359377
2055,15553359.880428169,4257686.877731584
2056,15537173.581188869,4245020.81229129
2057,15552543.463282691,4257181.970893892
2058,15552784.581299752,4236029.165141295
2059,15559101.071846344,4255507.338239551
2060,15562177.608613396,4256708.744690711
2061,15571950.7919881,4250543.599823099
2062,15541126.758945918,4252526.249547461
2063,15551648.454576716,4255774.823726713
2064,15555763.379553888,4252868.1881472105
2065,15558260.053093404,4255258.083829816
2066,15551403.106419012,4253839.538371322
2067,15537903.169131529,4259663.557411218
2068,15537721.38440306,4259428.190283108
2069,15559039.178209469,4259598.854934915
2070,15559215.619602373,4256850.861152641
2071,15568910.322736064,4255432.794269329
2072,15558414.00794917,4250703.716210037
2073,15555281.588797731,4259952.529925814
2074,15559003.110694444,4249051.027809979
2075,15558612.824559726,4255587.363949506
2076,15542652.615206225,4265697.239019599
2077,15557457.662203765,4257313.129304701
2078,15562062.392940426,4260940.27593484
2079,15559208.940432929,4275098.095897292
2080,15550998.682708956,4255937.209244845
2081,15558865.408484334,4255970.645887156
2082,15554637.939501964,4254119.451204155
2083,15558757.094619798,4255679.312020624
2084,15539377.3731481,4261196.652088508
2085,15559587.76066009,4260590.818876057
2086,15559276.622683324,4261804.575525207
2087,15552073.917670527,4255005.683558013
2088,15551841.816532226,4256914.999177168
2089,15551728.270651616,4255226.019628696
2090,15559827.431523772,4249362.043423333
2091,15574655.966933869,4245312.547157347
2092,15560143.801516606,4261572.3157132985
2093,15562101.132123228,4261364.190985376
2094,15557663.046664275,4257566.268115509
2095,15562299.28081683,4265072.092298713
2096,15559311.243044963,4252382.956339988
2097,15557826.24103778,4258507.60667827
2098,15557992.66367652,4257618.897602546
2099,15562668.861526277,4261293.445933248
2100,15571493.380200436,4250245.014356192
2101,15554691.59549653,4254745.341930989
2102,15550540.714323835,4257997.453617137
2103,15551267.519279225,4256031.626911974
2104,15572095.284687158,4251064.363322764
2105,15558142.499711124,4253220.001512417
2106,15537004.932160314,4259574.728685858
2107,15548994.70923569,4256096.44531788
2108,15556119.60192443,4252339.804355422
2109,15554554.227244897,4254588.180800567
2110,15550931.779694987,4255015.2752099885
2111,15557928.209691342,4257518.572861701
2112,15561836.748332588,4249616.6418199055
2113,15557534.02737445,4255784.416053184
2114,15551218.42738378,4256214.297949228
2115,15559480.782629436,4248748.237740249
2116,15560024.244383492,4256503.042263595
2117,15551438.172058608,4253969.012580044
2118,15557075.39107238,4256625.14763469
2119,15554746.587324984,4253755.415209256
2120,15551221.655649016,4254134.248557617
2121,15537949.4780397,4259864.247189553
2122,15555852.435146524,4260599.867054418
2123,15552022.933343742,4263871.823145568
2124,15554982.807284446,4250851.233551179
2125,15552660.79402599,4256290.902840652
2126,15557534.02737445,4258001.017204532
2127,15542334.46410153,4249706.896249997
2128,15542934.364837416,4249318.766393221
2129,15557935.334138758,4253024.7765776245
2130,15558221.981827551,4252871.750063854
2131,15555969.65457033,4258675.926774879
2132,15559271.83594522,4261804.849742781
2133,15551221.544329522,4253745.002615291
2134,15555062.623359349,4250874.244791985
2135,15555888.16870307,4255373.872005306
2136,15557524.453898238,4256623.9142402895
2137,15559980.05054565,4256930.896694418
2138,15556827.037288424,4252860.653327361
2139,15550878.235019917,4236508.338481531
2140,15571369.147648709,4250261.723969957
2141,15553055.310301362,4256247.7354387045
2142,15542881.822037766,4249292.197668333
2143,15553878.629255269,4249353.82625256
2144,15559301.446929775,4261674.322956524
2145,15558828.339093903,4254143.702432805
2146,15562056.604326904,4260882.146563293
2147,15562145.771239027,4256796.86490229
2148,15557763.345525485,4256090.141608267
2149,15551707.899184795,4255024.181751494
2150,15563213.10251676,4262012.845753735
2151,15558688.967091428,4256867.580857825
2152,15558527.776468763,4255746.183830591
2153,15557799.190401517,4258385.617348578
2154,15536954.059153026,4258894.417801753
2155,15559310.797767,4249349.306811265
2156,15559387.274257174,4261672.540563723
2157,15555430.53427642,4250865.478599308
2158,15553594.987192726,4247761.591869275
2159,15551634.873598836,4255330.571195015
2160,15559177.7709755,4259308.658073653
2161,15554863.80674879,4254722.185528443
2162,15555377.434879309,4254257.834643135
2163,15554691.59549653,4254293.869429839
2164,15552749.070382187,4254200.425855497
2165,15537004.932160314,4259574.728685858
2166,15553280.843589706,4256533.87682459
2167,15557786.94525753,4257791.041652548
2168,15555043.921684893,4250880.956412996
2169,15554782.320881523,4249363.686858227
2170,15554605.656849638,4250692.895610529
2171,15558498.833401157,4254447.600917852
2172,15551363.365360793,4253880.230100391
2173,15571285.54671112,4250539.627761149
2174,15551630.5321387,4263220.726833994
2175,15551343.773130417,4267181.111436683
2176,15559961.014912726,4247853.885022023
2177,15559183.448269527,4261545.854312494
2178,15554816.4959652,4237574.276682123
2179,15561336.812499436,4250013.41077882
2180,15547709.52571449,4253839.949398135
2181,15552393.627248088,4258946.916610134
2182,15555042.14057304,4250863.83493896
2183,15542792.098528182,4249219.88723843
2184,15551361.806887928,4253682.390252619
2185,15562142.209015328,4261523.506132716
2186,15559115.543380149,4254277.290672925
2187,15560591.528508574,4264670.113610567
2188,15543525.026055569,4249558.435639725
2189,15551278.762547797,4257934.131604062
2190,15552591.108024754,4264604.147180623
2191,15559274.396293512,4261830.763334405
2192,15552522.646537917,4257643.293648617
2193,15550737.86114203,4257504.182093222
2194,15560300.09408168,4270396.997835767
2195,15555637.143251332,4259785.423920495
2196,15562951.501713391,4255060.630135368
2197,15542808.907771291,4249204.822625638
2198,15547529.410778385,4254737.394757729
2199,15556434.970041843,4253732.671924723
2200,15556877.13105928,4257095.766274865
2201,15555076.093017733,4254333.877773136
2202,15538248.148233492,4246591.152112224
2203,15559162.297566278,4259443.543138685
2204,15557610.503864624,4255806.067335292
2205,15559441.375529705,4259202.012320453
2206,15555704.380223766,4258226.75912722
2207,15562084.434199603,4261474.148351616
2208,15562113.15462823,4261364.190985376
2209,15560285.84518686,4250930.54035288
2210,15557667.833402386,4257623.557517254
2211,15550971.29811422,4236128.335754374
2212,15553886.532939114,4249413.811740996
2213,15556249.400450692,4254052.315314855
2214,15537004.932160314,4259574.728685858
2215,15551624.63220569,4249388.338411242
2216,15558804.85068134,4255822.511375655
2217,15559043.74230858,4255526.385401665
2218,15554783.768034909,4254828.787598835
2219,15557436.845458986,4256724.36781796
2220,15561333.027636752,4238831.729877944
2221,15560164.72958088,4242713.354995546
2222,15557572.321279276,4254733.284153132
2223,15547857.135359284,4243999.459202162
2224,15555136.20554276,4254257.834643135
2225,15551933.9890706,4255033.499371905
2226,15558793.830051752,4255683.148916694
2227,15571592.454547243,4250257.067189786
2228,15559081.590935454,4238280.353591511
2229,15537421.60101436,4253660.195146624
2230,15554678.682435604,4250566.47344928
2231,15555857.555843104,4251738.02314042
2232,15561164.82388616,4254942.378865933
2233,15551151.524369815,4257618.897602546
2234,15558804.85068134,4255822.511375655
2235,15560165.174858833,4257012.440357429
2236,15571491.042491129,4267274.803255716
2237,15559444.937753407,4257220.071085167
2238,15558413.11739324,4258383.150162697
2239,15552536.338835282,4263811.758297046
2240,15559166.082428964,4260996.897530374
2241,15556824.58825962,4258483.208703426
2242,15549307.517004829,4254179.18879082
2243,15559183.448269527,4261545.854312494
2244,15556721.951689111,4258163.435785998
2245,15551648.343257228,4257839.560449253
2246,15557161.886316728,4259905.783853964
2247,15555317.43367377,4251401.735962602
2248,15551380.842520852,4254370.323857056
2249,15550976.975408254,4267077.680992098
2250,15570257.177255174,4271585.633991709
2251,15559884.538422544,4249306.3037358895
2252,15559693.736815332,4261068.600359305
2253,15551359.691817597,4257918.36968812
2254,15559158.401384104,4255354.414025044
2255,15553046.738700569,4250245.699175927
2256,15558618.501853758,4256904.583574951
2257,15555183.62764584,4258440.580911774
2258,15555703.823626311,4249478.4540050905
2259,15558604.141639443,4258727.190902242
2260,15559444.937753407,4254695.192624033
2261,15551621.403940452,4258564.078604195
2262,15537404.457812771,4259346.080287654
2263,15564394.313633569,4251771.446951921
2264,15563844.395349042,4260904.630528821
2265,15551648.454576716,4258784.48638791
2266,15537247.274691774,4247096.939816255
2267,15561473.067556163,4253253.977856907
2268,15554840.095697252,4254235.090314144
2269,15562243.287112964,4261831.174661748
2270,15559405.530653665,4259631.891532796
2271,15571617.612752153,4250319.112099965
2272,15561648.28443468,4253339.056182382
2273,15558875.315919016,4254458.699263966
2274,15556101.01156947,4259625.585784409
2275,15557686.9803548,4256930.896694418
2276,15557992.66367652,4256472.34483146
2277,15556706.812238367,4266527.623077371
2278,15550329.875208272,4235834.246202853
2279,15554742.579823315,4254944.708252875
2280,15559824.759855991,4249454.350065383
2281,15553497.248679811,4250741.930817934
2282,15557524.453898238,4258077.497552424
2283,15565278.07907097,4256118.782405117
2284,15545995.094236784,4259754.031855104
2285,15547057.193498434,4243068.811662553
2286,15554451.479354894,4255374.694174249
2287,15552135.699987916,4258302.007470641
2288,15542850.875219326,4249280.830656242
2289,15551758.77219209,4257912.064928103
2290,15559587.76066009,4254205.358340933
2291,15552293.662345355,4257452.512537723
2292,15556232.034610128,4259701.803334751
2293,15551898.03287507,4242786.580590022
2294,15554575.04398967,4254485.828601864
2295,15561606.316986648,4249550.492232072
2296,15559271.83594522,4261804.849742781
2297,15559120.107479269,4261507.601934457
2298,15562454.682825986,4260878.3078420935
2299,15559299.554498428,4259145.400023353
2300,15557457.662203765,4257313.129304701
2301,15550984.32249464,4253539.6299252855
2302,15556601.949278038,4263944.5047966745
2303,15539377.3731481,4261196.652088508
2304,15559502.155971674,4249544.466202522
2305,15559339.62951512,4249457.636963127
2306,15561778.30559992,4256564.437386387
2307,15551557.617872233,4264020.478209415
2308,15554281.717131434,4248966.804494148
2309,15554361.867164806,4258956.511719861
2310,15562261.320870476,4249999.851643729
2311,15559521.41424358,4258612.463763076
2312,15559597.890733756,4259071.105395533
2313,15562130.854427263,4261407.78990842
2314,15551459.656720333,4253828.440653299
2315,15547971.237837344,4264372.650679256
2316,15559330.27867789,4261326.076346115
2317,15552687.622023271,4255540.49950722
2318,15552944.213449553,4255423.065222461
2319,15561606.316986648,4249550.492232072
2320,15537010.720773837,4261440.694871201
2321,15550607.06074035,4240987.288793596
2322,15554573.485516803,4254011.896967928
2323,15559121.33199367,4254324.012688598
2324,15556896.278011693,4253629.094672605
2325,15571140.83137309,4249972.733423924
2326,15558709.227238754,4255669.719786328
2327,15557194.391608035,4254218.785673669
2328,15551314.050826376,4253854.335346198
2329,15558616.164144443,4256714.5005771015
2330,15560652.420270042,4255658.894274876
2331,15545440.277894665,4252363.2296973625
2332,15543391.999264069,4249703.061448762
2333,15559644.644919887,4261521.997974992
2334,15551724.819747403,4253720.615262941
2335,15552941.319142789,4254440.4760596175
2336,15560721.994951788,4249300.140888605
2337,15544686.756261488,4269293.693825873
2338,15551385.0726615,4259072.88736409
2339,15555716.514048267,4251548.303849272
2340,15558376.604600262,4256467.000198064
2341,15555888.16870307,4255373.872005306
2342,15551466.669848248,4253751.99001278
2343,15559029.604733257,4238219.060867161
2344,15547330.9281263,4238796.293198959
2345,15558378.05175364,4257112.212254655
2346,15543462.464501744,4247063.804119162
2347,15559403.526902832,4259351.289250677
2348,15542894.178501245,4249162.778770487
2349,15551702.889807712,4255259.180043479
2350,15549036.788003214,4253933.252883531
2351,15551406.779962204,4253855.979455753
2352,15551067.478154266,4254201.521963176
2353,15552154.624301352,4253907.358003845
2354,15558001.680555273,4254616.269590164
2355,15536078.9766359,4247468.559417202
2356,15550922.20621878,4255879.928677139
2357,15551439.5078925,4253818.439015833
2358,15540703.633561414,4250691.799854216
2359,15554569.700654114,4254129.04207912
2360,15557132.720610144,4257121.942804342
2361,15551488.822426915,4252257.884548073
2362,15571930.53184078,4249354.100158152
2363,15539377.3731481,4261196.652088508
2364,15555699.593485665,4260064.803566214
2365,15557285.339632016,4265692.712817728
2366,15553327.597775845,4263493.749226604
2367,15537925.544349177,4259143.755118378
2368,15561530.953691378,4250432.79353209
2369,15552169.875071593,4253781.857762161
2370,15559444.937753407,4272915.764672421
2371,15551992.320483774,4257656.999316358
2372,15557075.39107238,4256625.14763469
2373,15558527.776468763,4256625.14763469
2374,15554142.790406918,4249398.336001336
2375,15556533.933069164,4253618.408186521
2376,15555183.62764584,4255621.895772313
2377,15558086.17204878,4255422.517107404
2378,15550210.763353122,4240623.962661861
2379,15561838.30680546,4249595.413647754
2380,15554332.701458216,4254558.173831848
2381,15551323.512983097,4255220.675604312
2382,15555888.16870307,4255373.872005306
2383,15559836.671041502,4261268.7675344525
2384,15559425.902120482,4252411.587433173
2385,15562225.364674946,4256737.387107716
2386,15558071.58919549,4255996.13454381
2387,15550329.875208272,4235834.246202853
2388,15545367.029669726,4246505.441620926
2389,15550352.250425922,4257248.577789919
2390,15557423.264481112,4256679.005992631
2391,15552030.614388611,4255327.41956045
2392,15552233.661139816,4257554.344282551
2393,15549125.954915335,4271912.524783216
2394,15554428.770178773,4253897.35629424
2395,15558563.39870581,4257710.72569958
2396,15554567.251625318,4254002.854239565
2397,15559200.368832132,4256112.615720032
2398,15561804.46568026,4249800.849299895
2399,15559401.189193524,4256545.662501982
2400,15561530.953691378,4250432.79353209
2401,15554976.016795512,4250826.715675216
2402,15571598.46579974,4250280.898967997
2403,15557782.492477898,4257055.062581261
2404,15561917.121004948,4249677.861359752
2405,15559105.969903937,4260102.228369327
2406,15555117.72650729,4256381.760500539
2407,15571471.11630228,4250413.344335901
2408,15544136.058740532,4256312.281045657
2409,15556311.071448592,4253997.647823594
2410,15561537.410221845,4258884.822746533
2411,15559253.913507205,4263112.808764631
2412,15560665.110691993,4257181.14858907
2413,15569388.43994902,4251205.721604101
2414,15551250.710036112,4258129.992437776
2415,15555369.64251495,4251001.629321506
2416,15552472.664086552,4251732.40685424
2417,15553718.217869036,4249420.933327656
2418,15559129.680955475,4254207.824584488
2419,15559274.396293512,4261830.763334405
2420,15558436.049208349,4263470.300023924
2421,15547733.34808552,4254052.589338053
2422,15561919.681353232,4261244.774700173
2423,15554700.501055794,4254212.894086869
2424,15551323.512983097,4258109.707178045
2425,15552431.92115292,4254847.970600972
2426,15551277.538033394,4258472.928674154
2427,15553978.48283851,4250611.946907954
2428,15554911.451490846,4255050.627371309
2429,15562163.248399086,4260891.880469521
2430,15552712.112311246,4263098.822002688
2431,15550540.714323835,4257997.453617137
2432,15559570.50613902,4257204.0360964
2433,15557581.672116509,4253473.456624181
2434,15555868.131194727,4259527.29882877
2435,15552424.68538602,4253254.936868164
2436,15562075.19468187,4261316.342053085
2437,15556119.935882907,4256749.310049826
2438,15557107.67372471,4260204.907333463
2439,15554576.936421018,4254002.4432066325
2440,15546245.22913259,4264479.895486235
2441,15572223.747379526,4250125.308524683
2442,15571169.997079674,4267388.5239818655
2443,15558943.332127891,4253720.615262941
2444,15551635.318876805,4258284.051990096
2445,15551218.42738378,4258373.69262197
2446,15555052.49328568,4250854.931783048
2447,15558317.493950652,4254862.357874646
2448,15543059.933223035,4258956.922939035
2449,15552126.12651171,4257695.238220192
2450,15558298.458317729,4256778.089618831
2451,15555852.435146524,4260599.867054418
2452,15546527.090083284,4257867.246412787
2453,15571882.219181776,4249869.602625694
2454,15559069.568430446,4254394.849673602
2455,15555054.608356012,4250854.109953635
2456,15555946.166157776,4256643.648567432
2457,15560522.287785305,4249007.752009062
2458,15544305.709644498,4258995.303463603
2459,15564117.239420982,4266151.103153162
2460,15543665.511252947,4275010.651493845
2461,15558155.412772052,4255219.990473169
2462,15552966.922625674,4257580.658965707
2463,15554214.814117469,4254633.9450118095
2464,15561784.428171918,4261209.676706077
2465,15572073.24342798,4249305.071166154
2466,15560889.308146449,4238438.375475907
2467,15542090.340458222,4264978.556530264
2468,15557588.462605448,4253465.099362031
2469,15556263.315387042,4253773.089240124
2470,15552431.92115292,4254847.970600972
2471,15555279.139768938,4249578.568095277
2472,15558890.789328234,4256861.55079727
2473,15563401.009817217,4259659.719118036
2474,15552787.36428702,4254414.579979337
2475,15558057.228981176,4254684.368077015
2476,15561451.47157495,4261106.16570034
2477,15562196.755565817,4260982.090886263
2478,15560712.198836597,4258258.969192606
2479,15561568.023081817,4253405.365674151
2480,15558955.465952387,4256695.451345627
2481,15559368.572582722,4259754.30602122
2482,15559236.54766664,4259100.028151872
2483,15561728.54578754,4249707.581036074
2484,15559052.202589884,4254398.412087283
2485,15546312.132146558,4253777.884524742
2486,15550170.799655924,4253160.680163842
2487,15552594.558928974,4264698.639757749
2488,15559665.90694263,4260744.227640664
2489,15554206.353836166,4252282.268640677
2490,15559225.19307858,4255516.79330149
2491,15561908.215445677,4253359.058590051
2492,15553363.442651875,4251037.790361312
2493,15561822.94471573,4249862.891624677
2494,15558609.373655513,4256108.36756122
2495,15571541.136261985,4250142.97669437
2496,15556922.549411522,4257389.467787466
2497,15555189.527578857,4251796.24091082
2498,15562084.990797058,4261267.259411887
2499,15558773.79254341,4263170.127250668
2500,15544304.262491126,4249588.976726269
2501,15558282.094352582,4264473.449796735
2502,15555065.962944072,4250877.669087905
2503,15561337.925694345,4238858.410078586
2504,15564654.133325074,4259397.07340089
2505,15555043.476406934,4257341.0880408455
2506,15558420.13052116,4255947.760961093
2507,15550052.800995689,4257939.614014936
2508,15551888.459398864,4255454.17079707
2509,15558757.094619798,4258765.433549538
2510,15571152.631239116,4250030.667884132
2511,15571598.46579974,4250280.898967997
2512,15547483.435828688,4245723.535496839
2513,15550425.38733137,4258211.270916805
2514,15555037.131195951,4269361.472250986
2515,15562043.802585466,4237745.285133306
2516,15551283.21532742,4253451.261942011
2517,15559235.434471732,4260800.43693178
2518,15542702.486338094,4248972.693257768
2519,15564171.67465198,4259054.382320151
2520,15555952.511368748,4253686.911483436
2521,15559856.708549844,4248367.125821945
2522,15561497.335205162,4258934.991271216
2523,15562312.75047522,4260959.469663165
2524,15551533.7955012,4253663.209294176
2525,15554097.260735188,4252157.197999451
2526,15536943.817759868,4259548.820443615
2527,15559596.666219354,4249762.501018885
2528,15548323.45270621,4272887.079787796
2529,15550305.94151775,4258206.473687939
2530,15555884.717798851,4251678.435860813
2531,15557802.64130573,4258802.031477074
2532,15558909.936280658,4259032.861678819
2533,15547956.098386591,4241408.926412227
2534,15557629.650817038,4256940.490034976
2535,15556898.838359982,4252568.169330001
2536,15560801.699707195,4258507.469610842
2537,15570107.89781802,4265835.769135915
2538,15556472.039432276,4264058.739388139
2539,15550408.57808826,4257981.417488237
2540,15558680.618129622,4256281.173030417
2541,15559177.7709755,4259308.658073653
2542,15560116.194282888,4249100.877362245
2543,15556379.310296455,4248413.411793624
2544,15552748.402465248,4263616.206991863
2545,15557777.705739794,4257537.623527204
2546,15561394.142037194,4262568.161029461
2547,15551667.49020964,4255507.338239551
2548,15558356.90105039,4256093.704574126
2549,15552835.56562654,4262423.913458764
2550,15558489.482563926,4255421.283848619
2551,15559374.583835226,4261680.766994464
2552,15550100.668376723,4258561.20017373
2553,15559908.36079358,4248472.70742187
2554,15552535.114320887,4255524.466980957
2555,15558737.947667371,4255631.487964663
2556,15555838.074932214,4250610.577222702
2557,15557572.321279276,4255440.330860877
2558,15560591.528508574,4264670.113610567
2559,15547795.353041884,4255853.06994966
2560,15553355.093690066,4263443.559766521
2561,15552204.829391696,4254805.905061714
2562,15557534.02737445,4258001.017204532
2563,15560479.54110084,4239151.07561623
2564,15564182.138684114,4255427.039057458
2565,15558651.897700991,4259412.15205522
2566,15553169.96937688,4244280.626391827
2567,15551287.668107051,4254265.233410947
2568,15572840.568678012,4270006.485985131
2569,15554574.710031198,4254026.009119546
2570,15554943.622823684,4253376.04696501
2571,15551379.72932594,4253893.520024487
2572,15557802.64130573,4258802.031477074
2573,15554575.04398967,4254485.828601864
2574,15558505.067292642,4256521.268904701
2575,15554409.734545842,4254695.192624033
2576,15559722.01196599,4260981.54249242
2577,15559941.867960308,4248159.799935182
2578,15558298.458317729,4257542.420462598
2579,15562495.871037578,4260752.453372524
2580,15547721.436900005,4254045.464737066
2581,15559427.126634885,4259314.826561647
2582,15559630.729983542,4260771.646770943
2583,15556492.633538077,4253992.852442654
2584,15551171.450558664,4258511.718701862
2585,15551351.34285579,4257135.510768359
2586,15571465.884286212,4250052.718669394
2587,15554629.479220672,4238433.176451292
2588,15555888.16870307,4255373.872005306
2589,15553344.407018954,4256414.924419652
2590,15557832.586248755,4253203.561383598
2591,15559330.27867789,4261603.164577527
2592,15554765.177679949,4254691.7671333095
2593,15551273.085253762,4253758.429383045
2594,15554801.46783395,4254164.802415589
2595,15559225.19307858,4255478.562014368
2596,15558298.458317729,4261517.199292705
2597,15555168.042917129,4246778.594804656
2598,15559158.401384104,4255354.414025044
2599,15563522.348062182,4260836.493287814
2600,15570356.362921469,4271625.980184071
2601,15571393.081339229,4250176.9434882775
2602,15571216.305987846,4250381.157361777
2603,15537783.500678925,4259417.498128567
2604,15551058.461275514,4253939.144319742
2605,15557572.321279276,4255182.445352195
2606,15555433.09462471,4255925.013117973
2607,15551373.161475986,4258420.84334107
2608,15558680.618129622,4256797.138994259
2609,15550567.542321118,4235903.5959126735
2610,15551734.39322361,4255249.314124442
2611,15552501.718473649,4254600.375436948
2612,15557641.562002556,4253501.67955666
2613,15543164.79618336,4247295.208395552
2614,15556358.82751014,4258239.917270124
2615,15554932.490874607,4249983.55331165
2616,15559405.641973156,4249482.014818861
2617,15550946.139909305,4253952.297305056
2618,15554134.552764602,4252842.706777344
2619,15542514.801676622,4250040.939983542
2620,15561973.337347796,4261165.941472763
2621,15564745.860585488,4257312.855199798
2622,15549752.683648506,4248105.298801373
2623,15557686.9803548,4258459.633183962
2624,15551992.320483774,4257656.999316358
2625,15558715.9064082,4256999.557788708
2626,15554609.66435131,4254508.299417531
2627,15556311.071448592,4257198.417003338
2628,15558863.96133095,4256839.486285855
2629,15559120.107479269,4261507.601934457
2630,15550737.749822542,4257894.658326937
2631,15557612.730254438,4255779.482855664
2632,15554129.09810955,4236784.662621871
2633,15550519.786259562,4253929.005571022
2634,15550400.34044594,4241200.500467339
2635,15563399.451344345,4260740.800254216
2636,15554912.1194078,4258623.703405705
2637,15561122.411160167,4239223.18281714
2638,15555647.050686011,4254793.025091817
2639,15557924.424828658,4256090.689756785
2640,15546066.783988854,4243698.314418762
2641,15552371.80862789,4254600.375436948
2642,15551966.049083944,4258057.897699019
2643,15549639.58304586,4246745.4600705085
2644,15551509.861810677,4253739.659314342
2645,15557668.167360852,4253330.699022882
2646,15560324.0277722,4259950.19947175
2647,15550182.488202456,4257158.261129648
2648,15557534.02737445,4256328.999927409
2649,15559598.00205325,4257035.738658554
2650,15552924.95517764,4244893.360407039
2651,15536560.65607256,4263136.257199836
2652,15556945.147268154,4253797.339701034
2653,15558857.838758964,4256886.082200736
2654,15558709.227238754,4257733.477257766
2655,15551121.356787808,4258189.203681458
2656,15551407.113920674,4257454.020134026
2657,15561065.192941906,4256385.186520582
2658,15545470.00019871,4244169.062111078
2659,15571456.31081,4250125.582449577
2660,15547937.61935112,4241431.6441216925
2661,15537482.82673429,4248062.026737539
2662,15559626.833801365,4257048.895368176
2663,15550034.099321231,4252787.634341949
2664,15558604.92087588,4255535.977510253
2665,15554787.441578103,4250552.365758022
2666,15558955.465952387,4256695.451345627
2667,15554319.899716772,4255925.013117973
2668,15557450.871714825,4258909.084545296
2669,15554615.119006356,4254402.659582033
2670,15559271.83594522,4261807.317701239
2671,15559212.05737867,4257409.888764592
2672,15558320.61089639,4255175.457040982
2673,15542974.551173592,4249851.387061078
2674,15562123.72997986,4261284.671385068
2675,15563466.688316789,4260790.840203072
2676,15559712.549809271,4248828.624880022
2677,15555504.22777932,4249875.217956232
2678,15556757.796565147,4258875.227699736
2679,15558958.248939654,4257501.029832181
2680,15551379.72932594,4253893.520024487
2681,15559572.287250873,4260343.230720883
2682,15552141.377281949,4263041.229642215
2683,15552616.600188147,4254495.282780878
2684,15551240.023364993,4253001.897813278
2685,15561557.781688662,4250157.905635164
2686,15559072.351417718,4255535.977510253
2687,15558986.412770832,4255364.005982818
2688,15568910.322736064,4255432.794269329
2689,15550052.800995689,4253892.560957259
2690,15558585.106006518,4255612.303588373
2691,15562094.89823174,4261409.298050383
2692,15562059.387314176,4260940.27593484
2693,15539377.3731481,4261196.652088508
2694,15558729.04210811,4255232.048787543
2695,15559404.974056205,4259440.116160124
2696,15559999.197498068,4260876.936870566
2697,15556533.933069164,4253618.408186521
2698,15558729.376066584,4250705.085906942
2699,15559242.558919145,4259848.071237544
2700,15549068.625377588,4253900.91854593
2701,15564184.031115452,4246879.505748769
2702,15559628.948871689,4257241.451106763
2703,15537867.10161651,4259941.288916671
2704,15559500.597498802,4259429.42399392
2705,15548861.237166231,4256410.676143402
2706,15553500.476945044,4256050.537950541
2707,15551693.76160947,4255297.136509413
2708,15570913.962250857,4267240.371761695
2709,15562550.083629591,4261189.93413394
2710,15558119.011298569,4257007.917751789
2711,15537771.58949341,4259485.078204281
2712,15561843.204863053,4259055.4789144695
2713,15551425.592956152,4253869.680378322
2714,15571483.806724224,4250280.898967997
2715,15558395.194955222,4256214.846103967
2716,15558948.118865997,4254236.460453108
2717,15551552.83113413,4253739.659314342
2718,15551698.548347574,4255552.695205328
2719,15555541.63112823,4255632.99530994
2720,15563104.454693746,4272218.290445916
2721,15559092.611565044,4254467.057285136
2722,15550998.682708956,4255937.209244845
2723,15562262.879343348,4250017.65657205
2724,15547476.645339748,4245717.785387088
2725,15562077.309752189,4261197.063391985
2726,15560037.380083406,4251255.443991698
2727,15562000.944581514,4258940.200038338
2728,15544644.900132949,4257313.129304701
2729,15543033.327864736,4247896.060786927
2730,15559274.396293512,4261830.763334405
2731,15559158.401384104,4255354.414025044
2732,15559616.592408208,4259726.889443297
2733,15571796.391854372,4249306.440688091
2734,15551992.320483774,4257656.999316358
2735,15551314.273465354,4252431.177171665
2736,15557065.81759617,4258163.435785998
2737,15551407.002601186,4267167.668166987
2738,15564394.313633569,4251771.446951921
2739,15539377.3731481,4261196.652088508
2740,15547733.12544653,4246946.186896271
2741,15563409.136140045,4257296.545970474
2742,15559570.394819526,4259327.986014334
2743,15561428.094481887,4260790.977299139
2744,15546855.816539597,4244464.744160932
2745,15551820.443189995,4255516.245181732
2746,15547476.645339748,4245717.785387088
2747,15540305.109784374,4271033.564862941
2748,15551266.183445334,4256178.530911762
2749,15542516.026191022,4249974.650871601
2750,15555079.209963474,4250857.808186475
2751,15559310.686447509,4259214.212103269
2752,15551220.87641258,4258132.870754703
2753,15558660.914579744,4256901.70558135
2754,15558717.687520051,4260400.397587549
2755,15551945.677617136,4253038.887456132
2756,15556884.366826173,4260236.849050411
2757,15561824.057910638,4261584.655248537
2758,15549385.10668991,4246358.66738491
2759,15559798.488456164,4249941.643426288
2760,15545475.23221478,4239159.285140812
2761,15536896.061698323,4265797.638888976
2762,15551707.899184795,4255024.181751494
2763,15559100.4039294,4238257.095151332
2764,15544792.955055704,4261397.644231552
2765,15555841.303197443,4251677.750951439
2766,15551877.77272775,4259376.922868037
2767,15556253.74191083,4249222.900163477
2768,15564691.647993475,4264003.747556901
2769,15559742.27211331,4249321.916297867
2770,15536219.12787481,4263350.037945238
2771,15553002.544862729,4254212.20901884
2772,15555661.299580837,4248905.041140914
2773,15555283.369909586,4250656.324802752
2774,15558680.618129622,4255707.951741638
2775,15552630.18116602,4257316.966774055
2776,15547330.9281263,4238796.293198959
2777,15556387.547938766,4256835.374891131
2778,15547063.09343145,4250303.7720453
2779,15559882.200713243,4237283.568431493
2780,15554314.111103255,4254554.200312479
2781,15558680.618129622,4256281.173030417
2782,15562521.251881476,4260745.187309062
2783,15552044.30668598,4255275.212180894
2784,15551942.671990884,4255363.320842699
2785,15551417.57795281,4254189.3277713945
2786,15560376.904530326,4256048.345364681
2787,15561489.654160298,4250128.047773929
2788,15551471.67922534,4258311.464949348
2789,15551277.204074925,4258391.785315719
2790,15551183.139105204,4253996.688747238
2791,15543004.496116618,4248461.204318776
2792,15561077.660724867,4258770.505165144
2793,15551495.501596369,4236407.522940814
2794,15568910.322736064,4255432.794269329
2795,15555377.32355982,4255626.554836116
2796,15561972.224152884,4261256.70255977
2797,15555556.102662032,4257689.344760344
2798,15552471.328252662,4252464.055133269
2799,15550156.996039068,4258826.978449218
2800,15551777.25122756,4252081.443968763
2801,15552720.906551016,4257042.042913271
2802,15537004.932160314,4259574.728685858
2803,15551373.161475986,4258420.84334107
2804,15544179.250702957,4247469.380992557
2805,15554868.927445363,4250808.909431006
2806,15554982.807284446,4250855.890584106
2807,15562318.984366708,4256864.428780303
2808,15554332.701458216,4254558.173831848
2809,15558871.75369531,4258310.2313647065
2810,15554041.600989789,4254246.0514306445
2811,15541533.07508731,4253465.647379024
2812,15550068.719682869,4258899.763621885
2813,15554885.95932746,4254299.62404555
2814,15551264.513652973,4255255.343296128
2815,15560056.527035823,4248026.012460341
2816,15552355.444662744,4257500.070448564
2817,15551552.83113413,4253739.659314342
2818,15551275.645602051,4256063.830511712
2819,15555451.68497967,4254196.178439264
2820,15558690.859522771,4256862.784218478
2821,15556020.638897115,4254195.767399069
2822,15560017.56521404,4261407.78990842
2823,15547053.853913715,4246616.755855519
2824,15560295.307343576,4257537.623527204
2825,15551070.372461028,4254342.920775114
2826,15551389.302802151,4257508.979013944
2827,15551395.20273516,4255931.316732411
2828,15551542.14446301,4253775.555386239
2829,15557306.93561323,4266413.225486549
2830,15552183.456049472,4258459.633183962
2831,15556311.071448592,4249019.666532126
2832,15545347.103480875,4265612.475914231
2833,15551643.667838613,4241939.657244859
2834,15552537.006752225,4264316.697285012
2835,15558053.889396455,4258537.898621678
2836,15552622.166162686,4256297.34370571
2837,15536768.489561874,4248895.044001197
2838,15562243.287112964,4261831.174661748
2839,15556387.547938766,4256835.374891131
2840,15549036.788003214,4253933.252883531
2841,15559707.429112691,4249036.100378313
2842,15556922.549411522,4257389.467787466
2843,15560415.977671592,4249326.572680311
2844,15552641.758393064,4250200.912055464
2845,15558718.80071496,4255459.5149355335
2846,15551353.346606622,4258145.754658822
2847,15558900.36280444,4257083.842954988
2848,15553178.874936145,4251901.03367792
2849,15554925.032468723,4251248.869117571
2850,15542598.847892163,4252222.541409169
2851,15556788.743383586,4260275.096980231
2852,15561929.143509945,4261010.744502744
2853,15559271.83594522,4261807.317701239
2854,15558264.951150997,4253195.889331938
2855,15552295.777415682,4252018.156193246
2856,15551221.989607489,4253854.335346198
2857,15554633.598041829,4253995.729670966
2858,15558432.15302617,4255994.490112556
2859,15551948.90588237,4255094.064098052
2860,15558216.08189454,4257021.348525528
2861,15559980.05054565,4256930.896694418
2862,15556877.242378768,4255321.664404027
2863,15545968.154920012,4259727.986105093
2864,15542881.488079296,4252205.143859459
2865,15551795.17366558,4263618.263964932
2866,15557493.395760307,4253207.534412467
2867,15559523.195355436,4249529.948963141
2868,15555711.61599067,4251554.330981952
2869,15559274.396293512,4261830.763334405
2870,15563454.220533814,4257820.78337527
2871,15556718.055506932,4253592.788063674
2872,15555240.957183594,4245312.547157347
2873,15558123.352758706,4254417.731350909
2874,15559626.165884417,4257775.142884647
2875,15551881.334951458,4258159.872145661
2876,15558602.2492081,4256612.26552223
2877,15560613.124489788,4242587.02488611
2878,15561906.545653315,4258974.468304972
2879,15557065.81759617,4258780.237190865
2880,15559253.913507205,4254714.238372003
2881,15560665.110691993,4238717.758264303
2882,15558876.540433412,4256836.745355869
2883,15558846.929448863,4260767.945184337
2884,15561656.85603547,4261445.4935198845
2885,15562223.24960462,4260957.550288815
2886,15551742.85350491,4242019.0364216175
2887,15558506.737085002,4256221.835079323
2888,15550727.17447091,4256553.885075128
2889,15558083.500381004,4257465.943857577
2890,15552260.489137098,4254257.834643135
2891,15563661.05214771,4260793.033740321
2892,15562057.828841304,4260978.937622051
2893,15551398.542319886,4244391.096682101
2894,15555785.64345205,4253755.552217142
2895,15558069.140166689,4260583.2787331445
2896,15556862.993483948,4269967.655107029
2897,15551911.057255495,4254048.478990765
2898,15558837.801250622,4263200.843500936
2899,15562056.604326904,4261453.445570917
2900,15557550.502659086,4246042.671319456
2901,15559290.64893917,4261832.8199712895
2902,15559755.519132718,4248733.036831269
2903,15558733.16092927,4256844.96814789
2904,15557727.834607914,4253320.834842834
2905,15542226.261556484,4249843.854317654
2906,15559390.05724444,4249494.066812534
2907,15559597.890733756,4259071.105395533
2908,15554982.807284446,4250852.329323456
2909,15539377.3731481,4261196.652088508
2910,15558360.574593592,4256314.610724366
2911,15537004.932160314,4259574.728685858
2912,15547733.34808552,4254052.589338053
2913,15543852.750636462,4249398.7468614
2914,15558372.4857791,4253713.216863423
2915,15559148.827907898,4255277.952719555
2916,15553948.87185396,4250810.690054123
2917,15569388.551268516,4251193.25679854
2918,15545466.104016531,4252430.355223895
2919,15543408.80850718,4249665.946120472
2920,15551269.634349547,4254698.070037065
2921,15560798.69408094,4256336.400096346
2922,15551532.570986798,4255286.311366713
2923,15552538.453905609,4254587.35869074
2924,15556306.952627432,4256987.360476997
2925,15559019.808618069,4238113.030735123
2926,15559306.456306862,4260806.057876795
2927,15551993.54499818,4258066.532595141
2928,15555852.435146524,4259376.922868037
2929,15552928.40608186,4263693.0009158
2930,15544357.584527217,4263756.904842692
2931,15540018.128137112,4245950.667245771
2932,15548789.213455696,4254107.531128425
2933,15556798.316859793,4254685.601252716
2934,15559372.134806424,4261675.694028106
2935,15551341.212782124,4257892.328311562
2936,15556417.938159756,4253742.125452914
2937,15555888.16870307,4255373.872005306
2938,15552880.983978782,4257286.815265405
2939,15552729.92342977,4254646.82479441
2940,15555356.50681504,4251150.657405369
2941,15560340.503056835,4255042.95402426
2942,15555074.534544868,4250855.890584106
2943,15557647.573255057,4256643.100391198
2944,15537321.190833658,4258821.495593315
2945,15559067.342040632,4249306.3037358895
2946,15550719.270787058,4249676.49179136
2947,15558452.524492985,4253910.5092293145
2948,15553942.637962474,4249342.048318542
2949,15552417.56093861,4259219.283927096
2950,15554772.74740532,4254879.074540209
2951,15553730.796971498,4237441.986372652
2952,15559941.867960308,4257561.471169651
2953,15556502.207014289,4256548.677444752
2954,15556130.06595656,4253269.048043483
2955,15556230.92141522,4257181.285639871
2956,15558300.0167906,4250753.025406507
2957,15555283.369909586,4251133.398534423
2958,15544115.57595423,4259991.051032654
2959,15537004.932160314,4259574.728685858
2960,15562215.457240269,4260819.767510908
2961,15551552.051897688,4257670.293830482
2962,15562143.322210236,4261371.457460466
2963,15562095.232190212,4261135.093842948
2964,15552705.76710027,4251677.750951439
2965,15561929.143509945,4261232.846853593
2966,15550987.105481911,4236100.294317747
2967,15551214.865160076,4253416.05195216
2968,15537476.592842808,4250189.954989666
2969,15550413.58746535,4257934.131604062
2970,15552540.902934408,4254709.716716604
2971,15554672.448544117,4253892.423947661
2972,15556922.549411522,4256840.171518458
2973,15557648.686449967,4256694.492032689
2974,15555079.65524144,4250856.575442055
2975,15557534.02737445,4256328.999927409
2976,15569387.994671056,4251246.677493743
2977,15554773.860600231,4250554.968146304
2978,15543892.491694678,4247698.739855811
2979,15557534.02737445,4258001.017204532
2980,15558604.141639443,4255707.951741638
2981,15550980.31499298,4254280.716033865
2982,15559225.19307858,4255516.79330149
2983,15562015.193476336,4260943.840481837
2984,15552919.166564118,4252239.528019823
2985,15556731.525165318,4258077.497552424
2986,15571839.695136288,4249284.802261532
2987,15555767.721014028,4259648.067164859
2988,15555355.616259117,4261498.00458464
2989,15556616.8660898,4258383.150162697
2990,15554897.536554502,4248261.408300763
2991,15556377.97446256,4263819.849204876
2992,15556373.966960886,4249942.739107524
2993,15560667.89367926,4238717.347804451
2994,15570107.89781802,4265835.769135915
2995,15558260.164412891,4258765.433549538
2996,15556922.549411522,4256625.14763469
2997,15561637.263805091,4258700.599319539
2998,15545995.094236784,4259754.031855104
2999,15573108.069414388,4254943.612070723
3000,15560496.127704963,4238970.193983656
3001,15556861.657650052,4258483.208703426
3002,15558069.140166689,4260583.2787331445
3003,15554319.899716772,4254189.3277713945
3004,15555001.397639412,4250925.883288195
3005,15551433.385320503,4253847.758910452
3006,15558580.319268417,4256695.58839034
3007,15560964.22616375,4239264.367598076
3008,15559410.985308714,4261674.871385135
3009,15561888.6232153,4249866.452563479
3010,15541377.227800202,4245580.057469626
3011,15542214.35037097,4250185.16127683
3012,15561876.600710295,4261646.078920181
3013,15562297.833663458,4252682.285107146
3014,15560664.331455551,4238745.39592981
3015,15554138.11498831,4254582.151996592
3016,15567939.171498384,4255430.875865036
3017,15557806.314848926,4254824.128874822
3018,15543738.314199928,4250930.814297924
3019,15537004.932160314,4259574.728685858
3020,15552454.407690063,4254818.511004387
3021,15547956.098386591,4241431.6441216925
3022,15562660.0672865,4261388.184081876
3023,15537004.932160314,4259574.728685858
3024,15559621.713104788,4252207.335675221
3025,15551106.217337055,4254214.949291204
3026,15557918.413576158,4256894.579124268
3027,15558451.411298078,4255297.273536605
3028,15559294.545121342,4261096.157403427
3029,15558281.760394106,4253141.911120527
3030,15557857.967092654,4253418.65502146
3031,15559585.088992313,4249719.907192778
3032,15553638.179155154,4255629.158431459
3033,15559072.351417718,4255535.977510253
3034,15563902.17016477,4260876.936870566
3035,15559335.733332934,4255442.24926683
3036,15558144.948739922,4262146.530184795
3037,15551239.912045505,4256268.01724443
3038,15551829.682707723,4254767.128176959
3039,15555297.618804414,4259973.229863147
3040,15550826.360137207,4236139.00519786
3041,15561128.422412671,4239224.687906075
3042,15558909.936280658,4263351.68348356
3043,15561972.224152884,4261256.70255977
3044,15549233.712182432,4249720.865894438
3045,15551481.252701549,4258551.742478969
3046,15551722.48203809,4252060.484989586
3047,15559053.093145812,4254392.109356178
3048,15559271.83594522,4261807.317701239
3049,15544357.584527217,4263756.904842692
3050,15537584.90670735,4260059.5942631215
3051,15554189.98987102,4261110.690001952
3052,15562072.96829205,4261165.804371993
3053,15557534.02737445,4258001.017204532
3054,15552603.909766192,4254790.695737174
3055,15572458.408866117,4260021.895433166
3056,15557686.9803548,4256472.34483146
3057,15571369.70424616,4250191.598548835
3058,15552278.96817257,4254922.099518243
3059,15553212.604741856,4252572.279121245
3060,15557075.39107238,4261517.199292705
3061,15550979.535756538,4254958.410539027
3062,15560022.24063266,4249189.894984316
3063,15558609.373655513,4256108.36756122
3064,15551225.663150685,4255925.287188089
3065,15562538.951680511,4261202.136136118
3066,15561863.57632987,4260426.7191231055
3067,15547937.61935112,4241431.6441216925
3068,15558298.458317729,4257542.420462598
3069,15548789.213455696,4254107.531128425
3070,15552408.87801832,4257386.726719609
3071,15551245.923298009,4251938.704525645
3072,15555489.088328576,4244159.616843749
3073,15557492.50520438,4256610.20986739
3074,15559894.000579264,4255822.511375655
3075,15574589.063919902,4261541.055619729
3076,15559523.195355436,4249529.948963141
3077,15552000.78076508,4255148.463018041
3078,15558069.140166689,4257465.943857577
3079,15559103.409555651,4254206.591462641
3080,15560091.14739746,4261215.160760224
3081,15542886.052178416,4246760.247460141
3082,15561852.55570028,4249760.172734722
3083,15558797.61491444,4256801.935604811
3084,15553039.725572651,4250353.627301547
3085,15555888.16870307,4255373.872005306
3086,15558069.140166689,4260583.2787331445
3087,15542982.454857444,4249134.430073278
3088,15540186.999804642,4253521.408251721
3089,15547918.695037687,4254280.716033865
3090,15559260.036079202,4259469.725290361
3091,15557739.857112922,4250956.291216898
3092,15554870.708557218,4254354.841107325
3093,15551191.154108535,4253881.463185452
3094,15550632.998181704,4235394.631213193
3095,15558804.85068134,4255822.511375655
3096,15552984.065827256,4256267.606126375
3097,15550821.239440631,4253791.722357847
3098,15552664.801527662,4254693.411368725
3099,15559494.363607315,4257065.478326814
3100,15558190.923689622,4255172.853553635
3101,15559693.40285686,4261593.567143764
3102,15552616.600188147,4254495.282780878
3103,15554598.198443756,4254098.077284494
3104,15559941.867960308,4257561.471169651
3105,15568910.322736064,4255432.794269329
3106,15538066.474824524,4247623.564391815
3107,15537721.38440306,4259428.190283108
3108,15543712.71071704,4246772.981061653
3109,15555373.761336112,4248609.650053552
3110,15551643.667838613,4241939.657244859
3111,15565581.75864186,4247295.208395552
3112,15560132.33560905,4249070.063738592
3113,15559274.396293512,4261830.763334405
3114,15561876.600710295,4255645.876268963
3115,15558213.521546248,4255921.176137048
3116,15560889.53078543,4269670.322186677
3117,15556397.010095485,4253736.0971151525
3118,15562340.02375047,4260303.748742952
3119,15559089.717258282,4254183.984253432
3120,15555852.435146524,4260599.867054418
3121,15552557.378219044,4254577.630395791
3122,15550872.335086908,4267163.141355407
3123,15552431.92115292,4254847.970600972
3124,15550871.110572508,4263009.279725572
3125,15559378.702656386,4261665.959423588
3126,15540099.1687264,4255280.556231921
3127,15564466.00338564,4260561.206708348
3128,15542887.944609758,4249280.830656242
3129,15562947.160253257,4266184.571065013
3130,15559759.192675907,4261017.051050431
3131,15545461.762556387,4252354.188331373
3132,15551452.866231391,4258624.114612362
3133,15554982.807284446,4250852.740238084
3134,15562010.406738227,4256801.387420641
3135,15551232.7875981,4257649.872366987
3136,15552281.973798824,4255545.843687864
3137,15554449.809562529,4248390.679605572
3138,15557686.9803548,4257542.420462598
3139,15562103.915110497,4260897.364364172
3140,15559354.212368412,4264880.358550454
3141,15559347.867157437,4259374.181301812
3142,15544431.055391137,4256770.0039227465
3143,15571959.140949909,4249317.1229650695
3144,15554801.46783395,4254164.802415589
3145,15572028.715631656,4250424.849490035
3146,15547122.76067852,4261761.11212703
3147,15558642.435544277,4255822.511375655
3148,15551330.971388975,4256079.452717657
3149,15550948.47761861,4258129.992437776
3150,15549431.749556543,4251733.228749598
3151,15559521.41424358,4258612.463763076
3152,15553086.368439294,4262446.263480478
3153,15559271.83594522,4261807.317701239
3154,15541483.315274931,4253454.82404846
3155,15554973.011169257,4250570.993393042
3156,15562223.917521574,4261796.486109927
3157,15537140.853258574,4248693.459788858
3158,15561164.82388616,4259615.715924677
3159,15562058.162799776,4260950.96957932
3160,15552459.305747654,4258239.917270124
3161,15542208.561757453,4250029.983077848
3162,15558069.140166689,4254867.153636746
3163,15558609.373655513,4256108.36756122
3164,15558298.458317729,4256816.18840287
3165,15563481.827767538,4260694.1879052585
3166,15559249.1267691,4259514.961616438
3167,15559414.547532417,4261676.653778317
3168,15559274.396293512,4261830.763334405
3169,15548409.391353102,4254002.4432066325
3170,15557455.435813952,4256724.36781796
3171,15552259.264622703,4263869.766124744
3172,15554947.51900587,4250676.8701853445
3173,15551939.777684128,4258170.563070152
3174,15561925.469966752,4250109.010005842
3175,15562544.851613522,4257025.459990173
3176,15560601.658582233,4243399.094206212
3177,15554956.647204112,4260700.220080393
3178,15537004.932160314,4259574.728685858
3179,15551408.672393546,4253542.644039629
3180,15557075.39107238,4256625.14763469
3181,15550739.085656423,4236300.826362328
3182,15559645.646795304,4249413.811740996
3183,15554839.650419287,4254217.415536919
3184,15558298.458317729,4256930.896694418
3185,15552003.67507184,4263899.661532141
3186,15554575.04398967,4254485.828601864
3187,15553160.173261683,4263696.017830979
3188,15539377.3731481,4261196.652088508
3189,15550998.905347938,4257912.201988067
3190,15556774.494488765,4253519.901197369
3191,15559737.5966947,4249066.2291603815
3192,15554940.283238966,4251765.145733748
3193,15561853.5575757,4249732.644235953
3194,15555465.488596523,4251222.021755866
3195,15559310.797767,4259328.5343252085
3196,15555135.314986836,4251771.994884105
3197,15558915.16829672,4261400.934720314
3198,15550751.442119904,4261130.432430909
3199,15541396.263433132,4259978.850382702
3200,15550554.51794069,4257653.572897812
3201,15565476.33908408,4265520.581381629
3202,15554609.66435131,4254508.299417531
3203,15551296.351027336,4249515.157833378
3204,15543367.286337111,4249756.337914822
3205,15551614.94740999,4255516.79330149
3206,15559650.433533408,4249153.466146883
3207,15568910.322736064,4255432.794269329
3208,15551549.26891042,4255346.329381451
3209,15553533.761472791,4263340.438976636
3210,15558679.95021267,4257569.557451026
3211,15556750.33815926,4247112.549228953
3212,15543988.003817776,4258944.586370472
3213,15551113.230464986,4236048.999192228
3214,15559304.00727806,4259537.716930028
3215,15556475.93561446,4247617.539422499
3216,15559330.27867789,4254647.372870599
3217,15556468.699847557,4256725.464178602
3218,15536929.457545558,4258985.160026151
3219,15545347.103480875,4265612.475914231
3220,15555530.610498644,4258267.741311961
3221,15561967.43741478,4260294.152450423
3222,15551552.83113413,4253739.659314342
3223,15554698.942582922,4254209.057706471
3224,15559043.74230858,4255526.385401665
3225,15551165.88458413,4254719.034069162
3226,15539377.3731481,4261196.652088508
3227,15553160.173261683,4263696.017830979
3228,15560813.499573214,4239014.251111081
3229,15555703.823626311,4249478.4540050905
3230,15572106.527955724,4249190.990590324
3231,15562775.282959463,4257028.886211892
3232,15562082.096490305,4261402.442861328
3233,15555581.483505933,4255673.693710945
3234,15559760.305870827,4261194.047166859
3235,15550986.771523442,4252803.2518701
3236,15566229.972036744,4259383.502629781
3237,15559199.36695672,4259922.508232069
3238,15554598.421082744,4253982.165601267
3239,15559388.053493615,4259365.134138147
3240,15565903.917248216,4269963.401556342
3241,15557878.004600996,4253949.831119106
3242,15560773.201917551,4263451.650401598
3243,15558143.167628068,4253224.933555876
3244,15556963.18102566,4248598.694580002
3245,15550989.109232744,4255719.873561488
3246,15542328.230210053,4249703.472320257
3247,15562261.320870476,4249999.851643729
3248,15546880.084188582,4242982.854969876
3249,15555295.83769256,4259878.503980666
3250,15553250.00809076,4255513.09349367
3251,15554235.18558428,4262379.624900513
3252,15551277.204074925,4256130.430597541
3253,15569018.7479201,4251580.357274818
3254,15559364.453761565,4261223.386846601
3255,15558260.164412891,4258765.433549538
3256,15558146.173254322,4253222.604535077
3257,15536972.649507986,4258871.663827357
3258,15559309.12797464,4249479.001822517
3259,15555731.764818504,4259631.206125187
3260,15555056.166828878,4250854.109953635
3261,15559184.56146444,4259767.191836607
3262,15542303.4059636,4249696.350549829
3263,15555546.751824804,4257236.654303409
3264,15539377.3731481,4261196.652088508
3265,15561422.86246582,4252597.896854803
3266,15565645.767349062,4247427.480728023
3267,15558680.618129622,4256281.173030417
3268,15552622.166162686,4256297.34370571
3269,15558069.140166689,4260583.2787331445
3270,15550442.30789397,4258026.373532986
3271,15555986.24117446,4255564.616855947
3272,15554827.739233771,4254170.830989575
3273,15542034.235434867,4246563.357742056
3274,15556425.396565638,4253744.728599795
3275,15555821.04305012,4251654.601039799
3276,15554827.739233771,4254170.830989575
3277,15556559.53655204,4253672.799769195
3278,15558420.13052116,4261476.342026039
3279,15544357.584527217,4263756.904842692
3280,15551360.582373526,4253892.423947661
3281,15559867.28390147,4257797.894576877
3282,15547888.861414157,4251578.850487755
3283,15555312.312977197,4258257.598549591
3284,15560238.645722764,4253592.788063674
3285,15536919.884069351,4258913.333792427
3286,15558527.776468763,4257943.725824893
3287,15558587.443715826,4261021.438216187
3288,15557810.211031113,4254939.638411346
3289,15557075.39107238,4257074.249488663
3290,15562093.673717337,4261065.035771607
3291,15545470.00019871,4251472.280074282
3292,15557572.321279276,4254733.284153132
3293,15557381.185713593,4257313.129304701
3294,15558417.904131344,4253969.012580044
3295,15556583.024964605,4255473.080837202
3296,15554675.788128836,4248644.707642576
3297,15550401.564960342,4257967.574353147
3298,15555022.103064695,4254862.220852903
3299,15551420.249620588,4258175.36028326
3300,15555112.605810717,4250917.5279712295
3301,15557530.576470232,4259710.713694582
3302,15561648.28443468,4253339.056182382
3303,15572037.955149395,4249440.106853226
3304,15570222.779532522,4271473.927965667
3305,15571369.147648709,4250385.9511604365
3306,15568007.187707258,4255468.558868109
3307,15552553.148078391,4263687.241352777
3308,15557289.235814195,4249581.033296459
3309,15562070.519263254,4250081.617591855
3310,15557534.02737445,4256328.999927409
3311,15556184.16722909,4258686.892343408
3312,15551231.00648624,4237317.084989951
3313,15556675.420141958,4263906.792558838
3314,15559339.852154097,4259353.071264913
3315,15554612.447338575,4253974.630014258
3316,15557310.720475914,4250008.206260333
3317,15558107.32275203,4256116.315730666
3318,15552535.114320887,4255524.466980957
3319,15556825.701454528,4256242.939071231
3320,15558336.640903063,4255077.347103935
3321,15557381.185713593,4256778.089618831
3322,15557139.956377037,4266435.995175254
3323,15558034.519805051,4261293.857240364
3324,15559173.09555689,4259311.810855969
3325,15562146.550475463,4261292.623319053
3326,15546680.043063631,4268243.593638865
3327,15555416.508020576,4249859.330687032
3328,15563133.063802876,4267756.306843176
3329,15559183.448269527,4261545.854312494
3330,15551881.000992984,4242734.843577234
3331,15546339.182782818,4253702.667302397
3332,15551925.5287893,4255717.4069770025
3333,15559604.68122269,4249578.020272869
3334,15567292.182617895,4266677.823173418
3335,15562390.56279929,4262916.035868008
3336,15559637.297833491,4249424.083261694
3337,15553370.678418783,4254957.0403096415
3338,15562109.147126565,4261358.158443684
3339,15556725.513912814,4263835.893904238
3340,15557577.108017383,4256606.09855887
3341,15554991.267565746,4250617.699587869
3342,15559005.448403755,4255469.106985477
3343,15559175.09930772,4260924.783878705
3344,15553327.597775845,4263493.749226604
3345,15559282.522616334,4259454.235318703
3346,15559274.396293512,4261830.763334405
3347,15553414.42697866,4255382.367754025
3348,15552847.476812048,4250242.685969411
3349,15548973.113254476,4248217.040111436
3350,15541275.147827148,4245703.820847402
3351,15554560.572455872,4254086.842292184
3352,15551300.803806974,4253851.86918233
3353,15543665.511252947,4275010.651493845
3354,15551488.377148952,4253744.454584305
3355,15551256.721288616,4251878.431231518
3356,15563629.882690284,4260742.0341132125
3357,15558609.373655513,4256108.36756122
3358,15551135.271724164,4255478.01389653
3359,15552635.3018626,4263427.927030979
3360,15551572.20072552,4253654.988893711
3361,15558585.106006518,4259743.476464722
3362,15558680.618129622,4260370.511754245
3363,15556324.652426472,4261847.627768316
3364,15551332.863820313,4252568.169330001
3365,15551444.18331111,4258323.389608075
3366,15568044.1457782,4261259.170394416
3367,15556879.580088075,4258488.280188098
3368,15537856.303625902,4238805.733847424
3369,15566056.758909076,4269007.904003887
3370,15559569.170305133,4253419.614047148
3371,15557686.9803548,4256472.34483146
3372,15559521.41424358,4258612.463763076
3373,15552947.886992749,4251460.088923457
3374,15557990.99388416,4254413.072801948
3375,15555045.591477258,4250887.805010108
3376,15555045.591477258,4251464.609236225
3377,15559101.071846344,4255746.183830591
3378,15546045.18800764,4243667.242223384
3379,15556748.223088937,4253629.779704119
3380,15560421.766285114,4249335.611545999
3381,15547325.36215176,4243028.433832844
3382,15554548.661270352,4254699.303214313
3383,15539377.3731481,4261196.652088508
3384,15558604.141639443,4257111.801104856
3385,15551273.41921224,4252438.985678604
3386,15551335.869446568,4255862.11420767
3387,15543824.92076376,4249775.375069673
3388,15559268.60767999,4259071.516619018
3389,15553494.799651012,4248813.013021356
3390,15551347.669312593,4256112.615720032
3391,15551753.54017602,4254179.18879082
3392,15556397.900651414,4248847.112636176
3393,15548957.973803738,4257432.502642825
3394,15558737.947667371,4255311.387346518
3395,15561972.224152884,4258994.755169444
3396,15559349.759588778,4259483.981566859
3397,15542328.007571068,4250003.960470769
3398,15554839.873058269,4258187.14773012
3399,15548324.67722061,4260674.994642892
3400,15559148.827907898,4256102.063844732
3401,15552341.5297264,4252143.773196293
3402,15555148.673325729,4237554.850290646
3403,15558427.477607556,4259456.428587694
3404,15559954.892340733,4261132.900237035
3405,15562071.29849969,4260885.299799571
3406,15551669.939238442,4263518.844043131
3407,15550692.999387242,4257972.371477187
3408,15555164.48069342,4260962.897118201
3409,15545968.154920012,4259727.986105093
3410,15562259.428439133,4257868.479947444
3411,15552408.87801832,4257386.726719609
3412,15545475.23221478,4239159.285140812
3413,15557750.54378404,4257766.097044262
3414,15559437.813305996,4248660.182317181
3415,15557381.185713593,4256778.089618831
3416,15551491.494094694,4253841.456496567
3417,15551722.48203809,4242024.7845912175
3418,15558804.85068134,4255822.511375655
3419,15552761.98344312,4257199.102258435
3420,15559904.130652923,4261077.100534657
3421,15559404.974056205,4259440.116160124
3422,15555359.735080274,4256033.134312398
3423,15560889.308146449,4238438.375475907
3424,15554189.98987102,4251016.559433309
3425,15557514.991741529,4257789.808126625
3426,15552646.879089644,4252569.8132463135
3427,15551476.577282932,4249196.331671199
3428,15552848.033409506,4240473.709271485
3429,15558057.228981176,4254684.368077015
3430,15558877.65362832,4256830.852358726
3431,15556158.229787732,4259071.105395533
3432,15555546.751824804,4257236.654303409
3433,15545961.698389538,4243518.45279935
3434,15559459.297967715,4259221.065919811
3435,15566345.744307172,4263768.424045254
3436,15559415.883366313,4254417.731350909
3437,15559566.16467888,4259805.575206496
3438,15559276.622683324,4261804.575525207
3439,15551379.72932594,4253893.520024487
3440,15547019.233552074,4253684.719371295
3441,15564746.639821924,4259673.153150065
3442,15551293.345401088,4256087.400866085
3443,15565961.24678597,4269992.078752746
3444,15552951.783174925,4254458.699263966
3445,15557457.662203765,4257599.709739387
3446,15559274.396293512,4261830.763334405
3447,15555488.197772646,4264150.621619277
3448,15558656.684439097,4242782.885081011
3449,15549052.038773453,4253930.101651509
3450,15554560.572455872,4254086.842292184
3451,15560665.110691993,4259100.028151872
3452,15557935.445458252,4259424.76330936
3453,15559274.396293512,4261830.763334405
3454,15558069.140166689,4260370.511754245
3455,15552517.303202355,4252440.766566932
3456,15551849.052299133,4258592.177608068
3457,15547951.756926453,4241421.7906515645
3458,15553169.96937688,4244280.626391827
3459,15566553.577796482,4271912.524783216
3460,15554052.065021925,4254215.086304841
3461,15559980.05054565,4259911.952678974
3462,15554982.807284446,4250855.890584106
3463,15552106.979559297,4254953.066645386
3464,15559397.181691851,4260966.598770845
3465,15573462.844631547,4264694.9368402045
3466,15545440.277894665,4252363.2296973625
3467,15563328.429509224,4261245.734412533
3468,15559419.556909502,4259483.15908886
3469,15552784.247341275,4251592.274597996
3470,15551541.365226574,4257960.5842618905
3471,15561113.060322942,4238923.674227496
3472,15549371.080434063,4262923.16625254
3473,15559851.142575312,4248379.587410457
3474,15544637.219088083,4241195.163282426
3475,15567891.304117346,4252956.140428092
3476,15556552.968702087,4259422.84420453
3477,15571412.116972152,4250357.325365315
3478,15549052.038773453,4253930.101651509
3479,15558475.79026656,4263350.17507342
3480,15547102.723170176,4242207.222111057
3481,15552575.857254514,4254508.984504099
3482,15559787.467826577,4261390.789049809
3483,15552447.50588163,4254827.143343075
3484,15558609.373655513,4256108.36756122
3485,15557065.81759617,4257980.595123285
3486,15551763.336291216,4263690.669663736
3487,15552011.467436193,4254198.233640459
3488,15551938.553169722,4253103.140132999
3489,15558366.474526605,4259436.552103563
3490,15559477.6656837,4261956.218893076
3491,15559706.53855677,4257442.370531626
3492,15556160.56749704,4258645.908587309
3493,15551422.476010408,4252224.048284857
3494,15554817.163882148,4254869.757051336
3495,15558052.776201548,4259705.093312919
3496,15537733.29558858,4250102.572782393
3497,15561355.95945185,4250099.285691029
3498,15558294.89609402,4264376.764910738
3499,15556865.21987376,4255086.801794194
3500,15551633.983042918,4258131.500127502
3501,15537753.555735895,4259410.370031351
3502,15558047.655504968,4256444.799441151
3503,15554979.356380232,4250855.890584106
3504,15551552.83113413,4253739.659314342
3505,15568158.804853722,4259166.646734866
3506,15543921.2121233,4264826.322608627
3507,15550952.930398244,4250745.902953289
3508,15558967.265818411,4254217.415536919
3509,15558695.646260874,4256991.471928864
3510,15554420.53253645,4251892.677616538
3511,15553113.864353525,4240587.835975648
3512,15559975.26380754,4249986.840368268
3513,15557658.259926174,4258146.714099099
3514,15557640.89408561,4259351.289250677
3515,15559048.417727202,4254341.55062282
3516,15559196.583969442,4255421.283848619
3517,15560673.793612275,4242670.925435648
3518,15551376.055782745,4253875.845799074
3519,15559444.937753407,4261727.383552325
3520,15551695.987999288,4253796.517650631
3521,15551354.571121028,4258508.566150302
3522,15546988.7320116,4269019.428748651
3523,15558139.048806906,4253226.029565837
3524,15562015.193476336,4260943.840481837
3525,15551286.77755113,4256003.123379398
3526,15554277.820949256,4254638.466635888
3527,15537343.677370802,4250467.719992266
3528,15559452.173520306,4261391.748774998
3529,15560691.82736978,4258327.09036688
3530,15557532.914179545,4257055.062581261
3531,15555955.07171704,4262300.78348417
3532,15546981.496244702,4255641.3542284295
3533,15559712.438489784,4247896.882394349
3534,15554981.026172591,4250854.931783048
3535,15542887.944609758,4249296.032325674
3536,15551927.866498608,4255423.613337547
3537,15562000.944581514,4261133.585738837
3538,15568030.787439307,4266276.059691911
3539,15543068.28218484,4247237.288404989
3540,15551323.512983097,4255220.675604312
3541,15559368.572582722,4256625.14763469
3542,15557075.39107238,4259071.105395533
3543,15563608.286709074,4255246.847646075
3544,15555174.72208658,4251039.844969431
3545,15556345.691810234,4259736.348154913
3546,15555079.543921946,4251764.597801905
3547,15562243.287112964,4260733.67129385
3548,15559274.396293512,4261830.763334405
3549,15550946.139909305,4253952.297305056
3550,15558604.141639443,4258727.190902242
3551,15555655.733606294,4259374.181301812
3552,15555109.60018446,4249797.151424089
3553,15552537.006752225,4264316.697285012
3554,15551404.21961392,4253885.436460483
3555,15558819.21089565,4260763.009737483
3556,15558815.53735246,4263209.208209053
3557,15556502.207014289,4256548.677444752
3558,15555098.57955487,4251568.713925623
3559,15546042.850298326,4243643.835473584
3560,15561389.355299093,4238882.217081629
3561,15557547.497032836,4257446.070992218
3562,15559858.26702272,4248391.5012501
3563,15555384.225368248,4255642.176417474
3564,15555327.563747434,4251606.246648591
3565,15550540.714323835,4257997.453617137
3566,15542505.896117358,4249386.968879061
3567,15556368.400986351,4239307.331288497
3568,15558616.164144443,4256053.141646817
3569,15552169.875071593,4253781.857762161
3570,15558278.420809386,4261233.806564905
3571,15550253.398718096,4258631.653403811
3572,15554585.28538283,4253990.523258387
3573,15546246.453646995,4264448.078502671
3574,15551745.191214222,4251371.326796445
3575,15543970.081379764,4258956.511719861
3576,15556499.757985488,4238184.72067349
3577,15546947.098522045,4242331.494868098
3578,15555054.163078047,4250855.479669355
3579,15559356.772716695,4254234.953300256
3580,15551017.495702898,4253253.15584733
3581,15558958.248939654,4238147.644330089
3582,15544549.388009848,4251781.035769143
3583,15561778.639558395,4249939.315104029
3584,15568158.804853722,4259166.646734866
3585,15551519.54660638,4255426.627971014
3586,15559112.760392874,4238231.237296305
3587,15556119.935882907,4256749.310049826
3588,15559375.140432678,4261680.2185655525
3589,15540095.940461176,4264679.302313303
3590,15551611.162547298,4255605.177971464
3591,15557571.653362334,4257037.93144239
3592,15546527.535361247,4239219.351682587
3593,15550807.547143264,4253946.268851493
3594,15551222.100926977,4253458.934172732
3595,15559674.255904442,4253644.165375847
3596,15556773.603932835,4265627.151679869
3597,15559345.30680914,4259181.862147199
3598,15558361.687788494,4255622.58092863
3599,15542852.433692198,4249914.9362300895
3600,15559488.463674309,4248423.682375988
3601,15540095.940461176,4264679.302313303
3602,15558618.501853758,4256904.583574951
3603,15556593.600316226,4257847.372818
3604,15550845.8410481,4253462.633285895
3605,15558745.406073255,4257564.897559334
3606,15557495.844789105,4258134.789633079
3607,15558512.970976483,4256929.93736083
3608,15551103.768308269,4255848.821891663
3609,15563887.809950454,4263187.130878534
3610,15567107.837541144,4254618.735926353
3611,15559636.073319098,4249535.564119488
3612,15562371.97244432,4262984.597450522
3613,15554949.411437206,4254815.770580832
3614,15539377.3731481,4261196.652088508
3615,15550946.139909305,4253952.297305056
3616,15561383.344046587,4250440.874546299
3617,15558082.164547114,4255631.076870531
3618,15562091.336008033,4261319.495414665
3619,15555600.18518039,4256921.0292671975
3620,15559456.96025841,4259171.444385119
3621,15559507.054029264,4259673.153150065
3622,15558432.15302617,4255994.490112556
3623,15555109.60018446,4249797.151424089
3624,15557381.185713593,4256271.580268239
3625,15552860.055914508,4254232.213022885
3626,15558230.553428344,4255457.459497353
3627,15551369.82189126,4259808.591048414
3628,15561606.316986648,4249550.492232072
3629,15559387.274257174,4261672.540563723
3630,15551722.48203809,4252060.484989586
3631,15558336.640903063,4255077.347103935
3632,15561850.99722741,4249651.702633059
3633,15559472.09970916,4252148.01981592
3634,15556311.071448592,4250462.378291139
3635,15558298.458317729,4256778.089618831
3636,15542323.332152454,4248090.372658775
3637,15551437.0588637,4253838.853326675
3638,15571827.783950776,4249315.890394115
3639,15555397.249748671,4250888.900786045
3640,15546527.31272226,4252327.475248227
3641,15550850.6277862,4253583.334664515
3642,15551176.793894228,4258642.755997047
3643,15562203.880013231,4256720.667601594
3644,15554734.564819982,4253042.175430436
3645,15553737.698779926,4250697.552576096
3646,15550401.231001863,4252552.415144526
3647,15559384.936547866,4261179.240255593
3648,15550185.6051482,4240606.720364959
3649,15562052.151547275,4261449.058231701
3650,15559354.212368412,4260983.873166433
3651,15554820.837425346,4254920.044181052
3652,15559840.455904191,4262006.949965209
3653,15550821.01680165,4261161.005846142
3654,15561174.397362372,4239066.107397701
3655,15548008.084588796,4259085.498226797
3656,15551174.45618492,4253952.160294713
3657,15571839.695136288,4249284.802261532
3658,15559006.78423764,4256100.419397551
3659,15558221.981827551,4259587.065965653
3660,15558298.458317729,4257542.420462598
3661,15551132.488736892,4258249.511759309
3662,15559134.467693584,4254676.009889812
3663,15558053.889396455,4258537.898621678
3664,15554179.414519396,4261140.440759211
3665,15560509.82000233,4261496.085115689
3666,15563431.956635658,4262912.882045571
3667,15537635.22311719,4259384.050943441
3668,15552341.084448434,4263767.189844397
3669,15567891.304117346,4252956.140428092
3670,15568910.322736064,4255432.794269329
3671,15551024.84278929,4260664.027079529
3672,15559131.462067334,4254194.123238452
3673,15558654.903327247,4255618.881085024
3674,15560340.503056835,4255042.95402426
3675,15538467.224991376,4266477.282503016
3676,15559384.936547866,4261682.000959607
3677,15551145.401797824,4253721.437307641
3678,15559287.643312914,4258412.893496271
3679,15550970.96415575,4239836.865750314
3680,15552887.106550774,4263506.228062587
3681,15559274.396293512,4261830.763334405
3682,15559274.396293512,4261830.763334405
3683,15553545.004741363,4263356.34584348
3684,15537862.648836875,4259954.449123655
3685,15553695.17473444,4255572.564630249
3686,15559172.650278926,4259361.4330279
3687,15555178.0616713,4251069.157420618
3688,15552931.077749638,4254486.102635926
3689,15559514.846393624,4259534.152841638
3690,15565117.890323725,4250171.054076944
3691,15558976.83929462,4255994.490112556
3692,15559621.713104788,4261342.802898051
3693,15542399.474684162,4249699.226648865
3694,15555774.288863989,4261706.5431842245
3695,15559236.213708168,4259464.516270896
3696,15551877.77272775,4254102.735699325
3697,15560037.380083406,4251255.443991698
3698,15543892.491694678,4247698.739855811
3699,15559577.63058643,4237402.450074724
3700,15556501.761736324,4253463.181302765
3701,15558275.52650262,4254614.21431043
3702,15559712.549809271,4261631.819822772
3703,15556253.74191083,4254188.7797181485
3704,15563763.688718218,4260771.9209625935
3705,15557457.662203765,4257599.709739387
3706,15558423.915383851,4253935.44504547
3707,15561372.546055986,4265161.651490637
3708,15559384.936547866,4261682.000959607
3709,15559256.919133458,4260707.760303997
3710,15555116.947270852,4251082.169982516
3711,15563403.013568051,4256092.471239657
3712,15559597.890733756,4258306.8047414245
3713,15559238.662736963,4259376.100398097
3714,15557992.66367652,4257618.897602546
3715,15555340.365488878,4260059.5942631215
3716,15562437.984902363,4260747.929219235
3717,15550845.8410481,4253462.633285895
3718,15559312.356239872,4265138.473007569
3719,15555095.462609127,4251906.513065895
3720,15563687.323547533,4260826.348141391
3721,15554495.11659528,4248112.556474396
3722,15562005.620000124,4261426.298937791
3723,15541224.942736795,4266666.575240757
3724,15551727.49141518,4258688.400109944
3725,15551266.962681768,4255862.525310487
3726,15537004.932160314,4259574.728685858
3727,15558604.141639443,4258153.841372355
3728,15536461.136447793,4247438.161172389
3729,15559372.80272337,4261679.670136673
3730,15558804.85068134,4255822.511375655
3731,15560715.53842132,4242819.429613758
3732,15552326.835553614,4257356.026806614
3733,15554982.807284446,4250855.890584106
3734,15562015.193476336,4260943.840481837
3735,15551250.264758153,4254219.6077558
3736,15551094.19483206,4258039.2573116
3737,15546066.783988854,4243698.314418762
3738,15552037.850155516,4261224.894963109
3739,15559521.41424358,4258153.841372355
3740,15559763.088858094,4261482.785947212
3741,15551099.649487106,4254088.897472841
3742,15559387.608215643,4261574.509407432
3743,15571421.913087342,4250290.075586086
3744,15558649.448672196,4255614.907180327
3745,15558414.8985051,4263167.658984304
3746,15536713.720372405,4248593.627677187
3747,15551237.574336195,4255908.568923489
3748,15560037.380083406,4251255.443991698
3749,15559726.910023583,4261086.697514777
3750,15551270.970183436,4258238.272501395
3751,15559271.83594522,4261804.849742781
3752,15557686.9803548,4254790.695737174
3753,15561871.813972188,4261249.573262816
3754,15562091.892605487,4261407.78990842
3755,15569053.145642752,4251255.033061952
3756,15551438.172058608,4253969.012580044
3757,15559158.401384104,4248647.035689569
3758,15562500.10117822,4257035.464560604
3759,15554579.608088795,4254006.690547654
3760,15550940.46261527,4253831.043820714
3761,15559674.36722393,4248985.977224542
3762,15559066.78544318,4249314.520870995
3763,15557194.391608035,4254218.785673669
3764,15545755.757331578,4260146.507697503
3765,15559375.140432678,4261680.2185655525
3766,15558069.140166689,4260583.2787331445
3767,15559053.2044653,4255459.5149355335
3768,15550597.153305668,4237177.547339043
3769,15559289.981022222,4261681.178316162
3770,15550081.410104824,4254719.034069162
3771,15562101.132123228,4261348.698328196
3772,15562091.558647016,4261387.498564102
3773,15561537.410221845,4258884.822746533
3774,15562067.736275982,4261354.730864662
3775,15558218.530923337,4264477.015496841
3776,15551436.056988282,4253639.781169126
3777,15542818.815205976,4249330.270397193
3778,15552475.224434836,4249487.903859567
3779,15562371.749805342,4263990.719607527
3780,15559280.184907032,4254669.02190213
3781,15561991.705063771,4237064.687301704
3782,15558432.15302617,4255994.490112556
3783,15562038.347930416,4260674.5833590645
3784,15542652.615206225,4265697.239019599
3785,15537273.43477211,4249034.046146192
3786,15551703.223766187,4253772.130183456
3787,15557534.02737445,4258001.017204532
3788,15551097.64573627,4258362.042039571
3789,15560030.70091396,4257939.751075241
3790,15551396.427249562,4258583.953501896
3791,15561336.812499436,4249994.236249264
3792,15560037.380083406,4251255.443991698
3793,15566192.123409877,4263318.909892021
3794,15556225.021482212,4252464.055133269
3795,15555054.608356012,4250854.109953635
3796,15556360.719941484,4247112.549228953
3797,15550860.20126241,4259066.307789321
3798,15555055.387592442,4250853.972982072
3799,15555247.525033558,4249554.73784579
3800,15551967.38491784,4254223.444139898
3801,15551363.921958243,4258159.1868303465
3802,15551476.465963444,4253959.421845371
3803,15558377.272517204,4255189.707719558
3804,15560346.959587306,4249249.605671708
3805,15550932.336292448,4258002.798998663
3806,15546498.258335164,4242134.13724876
3807,15558344.6559064,4255656.975830925
3808,15551911.168574983,4255074.880664345
3809,15559387.274257174,4261672.540563723
3810,15557362.595358623,4256468.507658503
3811,15556297.713109702,4252910.657228846
3812,15551549.936827363,4255557.354239656
3813,15558081.162671696,4250854.2469252
3814,15561741.23620949,4259008.599605328
3815,15554838.425904892,4266503.755855143
3816,15556922.549411522,4256840.171518458
3817,15537238.480451996,4247068.459541632
3818,15543921.2121233,4264826.322608627
3819,15556565.102526585,4256762.055278185
3820,15551270.970183436,4256099.597174052
3821,15550535.0370298,4257987.17404462
3822,15561260.336009264,4257542.420462598
3823,15551196.942722058,4253670.333646245
3824,15553151.712980384,4255936.935174432
3825,15568910.322736064,4255432.794269329
3826,15550338.224170078,4258268.563698512
3827,15551985.307355858,4263886.359437092
3828,15545978.39631316,4264102.760480029
3829,15546680.043063631,4263351.68348356
3830,15557658.259926174,4253634.574925928
3831,15552789.14539888,4263679.287675497
3832,15561917.121004948,4249677.861359752
3833,15559422.005938305,4259579.800676976
3834,15556384.542312518,4253751.578989275
3835,15552202.15772392,4264198.345829439
3836,15550372.844531711,4257956.883627151
3837,15554982.807284446,4250851.781437301
3838,15539753.076429533,4261563.540941159
3839,15559158.401384104,4258497.874895259
3840,15562088.1077428,4261054.342015497
3841,15560056.527035823,4256333.3852121
3842,15557852.289798629,4253527.7104812525
3843,15551722.48203809,4252060.484989586
3844,15552414.11003439,4257932.349821121
3845,15559225.19307858,4255478.562014368
3846,15558160.422149142,4258917.308896077
3847,15555884.717798851,4251761.447194335
3848,15551505.075072575,4253756.374264464
3849,15554982.807284446,4250852.740238084
3850,15550293.807693252,4252956.277425965
3851,15544234.019892434,4270689.547846902
3852,15558871.75369531,4255631.487964663
3853,15558737.947667371,4260666.768969337
3854,15551453.756787322,4250813.018561713
3855,15550979.535756538,4254958.410539027
3856,15561784.428171918,4261209.676706077
3857,15557018.06153462,4254991.296095828
3858,15573448.929695198,4265866.767204589
3859,15559464.084705826,4261586.300520955
3860,15551352.233411714,4258514.597119298
3861,15551810.869713783,4255574.208998067
3862,15558846.929448863,4256929.93736083
3863,15559274.396293512,4261830.763334405
3864,15547733.34808552,4254052.589338053
3865,15551651.794161445,4252437.478773325
3866,15563969.073178738,4259125.935330348
3867,15552021.040912405,4255294.670020262
3868,15558742.734405477,4256749.310049826
3869,15552668.69770984,4256267.606126375
3870,15555423.187190026,4251196.407242561
3871,15551281.434215574,4253454.002023791
3872,15551648.454576716,4258230.322789361
3873,15555699.593485665,4260064.803566214
3874,15559089.717258282,4254183.984253432
3875,15560093.93038473,4249897.131468818
3876,15548512.139243107,4256567.17824812
3877,15555295.83769256,4259878.503980666
3878,15542479.84735651,4259672.330657833
3879,15556999.025901696,4257695.238220192
3880,15554987.816661531,4250831.372697708
3881,15551374.60862937,4253913.112416255
3882,15539377.3731481,4261196.652088508
3883,15550727.17447091,4256553.885075128
3884,15558298.458317729,4256472.34483146
3885,15562014.525559384,4258919.502057332
3886,15554595.860734452,4255868.691854558
3887,15549855.988135962,4262806.338231083
3888,15565560.051341156,4247223.595780583
3889,15562228.036342729,4249982.594586988
3890,15572279.407124922,4263350.17507342
3891,15557534.02737445,4258001.017204532
3892,15558140.941238254,4253233.290634596
3893,15556271.998307323,4265175.640894759
3894,15547603.660878744,4243096.870919935
3895,15543308.509645978,4249870.424381203
3896,15540065.438920692,4251203.666964845
3897,15554983.3638819,4254416.224173088
3898,15557288.011299793,4260075.633441118
3899,15558902.589194264,4256610.20986739
3900,15550716.821758268,4255649.439090095
3901,15547660.099860577,4254145.072560321
3902,15549125.954915335,4271912.524783216
3903,15542820.59631783,4249661.152637061
3904,15551257.834483525,4256090.141608267
3905,15551595.243860116,4255202.725182557
3906,15562024.766952544,4267460.131609162
3907,15553100.72865361,4256864.702873962
3908,15555881.155575149,4249555.970443631
3909,15572157.400963012,4249487.903859567
3910,15551377.05765816,4253793.914491431
3911,15538055.78815341,4259205.850452905
3912,15551441.400323838,4251960.348198625
3913,15543429.179973992,4249554.73784579
3914,15558604.141639443,4255707.951741638
3915,15561152.022144716,4239166.263241535
3916,15555515.69368687,4254112.32655963
3917,15559444.937753407,4249134.293123229
3918,15554709.517934548,4257501.029832181
3919,15555164.48069342,4260962.897118201
3920,15559785.130117267,4261126.730722758
3921,15551552.83113413,4257733.477257766
3922,15557678.408754006,4254617.502758191
3923,15558804.85068134,4255822.511375655
3924,15557729.94967824,4260339.529279392
3925,15559062.777941506,4255421.283848619
3926,15544572.09718597,4246005.02074948
3927,15550363.71633347,4240713.185139224
3928,15555364.967096342,4267039.957930622
3929,15555071.083640646,4251462.554548371
3930,15558499.056040132,4256903.487196346
3931,15556219.789466145,4251936.649748791
3932,15551342.659935508,4258091.752013334
3933,15538197.16390671,4259671.234001624
3934,15542820.373678848,4252232.8155656895
3935,15559414.65885191,4249672.520043987
3936,15556540.389599629,4248905.041140914
3937,15556693.231260488,4254484.869482714
3938,15558457.311231086,4262687.454660927
3939,15556774.494488765,4253519.901197369
3940,15550467.020820929,4258011.159728855
3941,15551385.0726615,4259072.88736409
3942,15554026.795497512,4243207.329279834
3943,15552456.522760388,4254283.730352377
3944,15552183.456049472,4258459.633183962
3945,15560276.271710647,4252428.300354728
3946,15556119.60192443,4254143.702432805
3947,15555868.019875234,4249423.398493348
3948,15552412.774200508,4255019.93401541
3949,15559202.0386245,4254635.315200726
3950,15555546.751824804,4257236.654303409
3951,15558791.269703466,4260767.945184337
3952,15540318.690762252,4259812.155226299
3953,15552537.006752225,4264316.697285012
3954,15562891.500507858,4261293.445933248
3955,15558422.690869449,4256080.549013646
3956,15537650.251248442,4259350.8780166665
3957,15550998.682708956,4255937.209244845
3958,15540814.396454751,4252952.441486149
3959,15551568.081904365,4256438.495530737
3960,15559013.908685056,4238238.898876625
3961,15558959.807412526,4257189.782792796
3962,15554794.899983987,4254923.058675734
3963,15554245.649616413,4236913.798665076
3964,15550784.949286632,4240786.397376815
3965,15544707.461686775,4246005.842215081
3966,15555487.529855704,4262045.341203412
3967,15554016.220145889,4252861.338310771
3968,15547721.436900005,4254045.464737066
3969,15558086.17204878,4259168.565794716
3970,15553410.753435465,4240405.28855546
3971,15558143.167628068,4253224.933555876
3972,15558432.15302617,4255994.490112556
3973,15552190.246538412,4255151.066499584
3974,15551385.0726615,4259072.88736409
3975,15561716.634602023,4258914.156227542
3976,15544272.202477776,4267135.294646678
3977,15558680.618129622,4256773.8412015
3978,15558804.85068134,4255822.511375655
3979,15560515.052018398,4257494.588258092
3980,15562340.02375047,4260303.748742952
3981,15558338.533334414,4256051.771280277
3982,15571834.12916175,4249235.088823253
3983,15563133.063802876,4267756.306843176
3984,15536855.430084178,4259563.48806528
3985,15558100.198304622,4255805.79326816
3986,15540095.940461176,4264679.302313303
3987,15559398.851484217,4252150.348608028
3988,15551509.861810677,4255275.623261651
3989,15559447.72074068,4261507.4648294
3990,15567862.58368872,4261222.152933247
3991,15542779.408106232,4247271.930821163
3992,15552469.324501824,4256416.7059553405
3993,15563170.02187382,4256649.404419555
3994,15560925.932258924,4255765.231408653
3995,15560648.858046334,4253882.970289605
3996,15558057.228981176,4254684.368077015
3997,15555390.236620752,4258252.527171937
3998,15551087.626982098,4254825.636108846
3999,15558142.499711124,4253220.001512417
4000,15551638.324503057,4243179.406615335
4001,15559232.428845478,4259170.210703427
4002,15571493.380200436,4250245.014356192
4003,15551665.15250034,4255535.977510253
4004,15547912.795104671,4243073.602262386
4005,15557572.321279276,4255440.330860877
4006,15554785.883105231,4254116.299918504
4007,15560795.020537743,4258231.967556893
4008,15554599.979555603,4253904.206779285
4009,15547320.24145518,4244631.753288634
4010,15555955.73963398,4237677.155046958
4011,15557534.02737445,4255784.416053184
4012,15552355.444662744,4257500.070448564
4013,15551809.645199388,4255494.183384357
4014,15551385.0726615,4251826.377290079
4015,15555692.802996725,4266961.905900999
4016,15559521.41424358,4258612.463763076
4017,15572458.408866117,4260021.895433166
4018,15559274.396293512,4261830.763334405
4019,15557247.379685655,4257695.238220192
4020,15556922.549411522,4257542.420462598
4021,15562125.065813744,4261128.924327437
4022,15562108.256570634,4261414.233789163
4023,15539377.3731481,4261196.652088508
4024,15558527.776468763,4256625.14763469
4025,15552371.80862789,4255605.315002518
4026,15557622.415050132,4255993.530861105
4027,15560330.81826114,4249263.985587736
4028,15554527.955845067,4263809.152751732
4029,15560034.374457156,4254052.315314855
4030,15560018.233130991,4257962.777231215
4031,15556225.021482212,4252464.055133269
4032,15555465.488596523,4251222.021755866
4033,15558914.945657738,4258336.684932568
4034,15551765.674000518,4253919.82590123
4035,15559282.633935828,4261114.665904913
4036,15551738.51204477,4266121.338743984
4037,15555285.15102144,4251468.855592342
4038,15557381.185713593,4256166.608591938
4039,15551724.819747403,4258459.633183962
4040,15562087.105867384,4261175.675631803
4041,15552702.093557077,4254609.418659223
4042,15559527.759454556,4257589.704652666
4043,15555468.048944816,4266700.456243773
4044,15551438.172058608,4258372.459030308
4045,15559257.253091924,4259228.74219944
4046,15558398.75717893,4253978.603323123
4047,15551452.866231391,4258624.114612362
4048,15559778.228308834,4249062.805430972
4049,15563682.425489942,4260806.469165569
4050,15559444.937753407,4260542.562051327
4051,15558393.079884898,4259624.626214322
4052,15537004.932160314,4259574.728685858
4053,15559275.175529942,4259382.131845758
4054,15559503.937083522,4261496.496430432
4055,15549639.58304586,4246745.4600705085
4056,15558090.624828417,4255203.958416698
4057,15539790.813736908,4255537.484842367
4058,15551151.524369815,4257618.897602546
4059,15559956.116855128,4250013.41077882
4060,15559759.192675907,4261017.051050431
4061,15550925.211845033,4257757.325327401
4062,15551369.933210757,4257866.56111581
4063,15557772.919001693,4256978.726433107
4064,15554400.161069635,4254047.793933036
4065,15558328.291941252,4237324.882734554
4066,15542557.10308312,4249657.454808435
4067,15554037.036890669,4258459.633183962
4068,15551456.094496625,4253741.988445204
4069,15553520.514453389,4248622.659692635
4070,15542881.488079296,4252205.143859459
4071,15552126.12651171,4257695.238220192
4072,15543921.2121233,4264826.322608627
4073,15547495.680972671,4244477.611986832
4074,15553291.752899809,4260449.339243379
4075,15544069.26704606,4249596.509294345
4076,15558403.543917034,4255657.798021149
4077,15543061.157737432,4247211.40935926
4078,15551476.465963444,4253763.498677196
4079,15555069.413848286,4251142.849817521
4080,15562410.37766865,4261050.091935847
4081,15559439.037820391,4259265.88998596
4082,15552412.774200508,4255019.93401541
4083,15563902.17016477,4260876.936870566
4084,15555148.673325729,4237554.850290646
4085,15559054.317660213,4249271.654884004
4086,15554484.541243665,4260047.667710125
4087,15560438.686847718,4259071.105395533
4088,15543515.675218344,4249261.794361214
4089,15547603.660878744,4260585.198041755
4090,15559005.448403755,4255593.2562766345
4091,15555986.24117446,4255564.616855947
4092,15571412.116972152,4250357.325365315
4093,15541459.047625938,4245617.158954954
4094,15546081.700800618,4251646.108185085
4095,15550027.197512804,4240193.597563488
4096,15557992.66367652,4257236.654303409
4097,15558107.32275203,4255688.76723123
4098,15559273.283098605,4259381.857688975
4099,15551280.543659642,4256035.189858768
4100,15556821.47131388,4253559.632699632
4101,15559412.432462096,4252155.417157269
4102,15554663.431665365,4254090.130581422
4103,15557288.45657776,4253230.276605467
4104,15556158.229787732,4254943.612070723
4105,15551262.843860608,4251942.266139776
4106,15549924.672261784,4259093.174411224
4107,15557686.9803548,4259682.611815176
4108,15561337.146457909,4257657.273429889
4109,15543732.191627936,4248938.456304289
4110,15553639.626308538,4253827.61860056
4111,15559521.41424358,4258612.463763076
4112,15562290.0412991,4261075.318239278
4113,15557938.339765009,4259126.20948071
4114,15545347.103480875,4265612.475914231
4115,15541737.680311397,4254223.170112416
4116,15551634.094362406,4258278.158212836
4117,15552685.06167498,4257430.172725938
4118,15563056.587312702,4262033.1382594975
4119,15539377.3731481,4261196.652088508
4120,15555878.372587882,4259694.126722873
4121,15540899.44454572,4252354.188331373
4122,15557763.345525485,4253414.818919551
4123,15536941.92532853,4258887.1529734535
4124,15557725.162940135,4257599.709739387
4125,15559731.585442197,4257781.310507381
4126,15561518.485908406,4253755.415209256
4127,15555281.588797731,4259952.529925814
4128,15553270.713516043,4254140.962178286
4129,15563902.17016477,4260876.936870566
4130,15552852.263550157,4255813.056049425
4131,15558527.776468763,4256137.830632115
4132,15558393.970440827,4257603.2731971415
4133,15545475.23221478,4239159.285140812
4134,15536989.013473133,4240473.025062213
4135,15547841.88458904,4246657.831504529
4136,15560007.10118191,4261755.079366185
4137,15559478.444920136,4255008.012958436
4138,15551456.094496625,4253741.988445204
4139,15556440.53601639,4255293.847857336
4140,15557309.49596152,4258053.5117226485
4141,15548596.296778144,4263705.205714152
4142,15572221.966267675,4249351.635008062
4143,15559274.396293512,4261830.763334405
4144,15562017.085907672,4258550.371799246
4145,15561703.276263127,4259053.971097305
4146,15558656.684439097,4255618.332960154
4147,15557572.321279276,4255440.330860877
4148,15558902.589194264,4256518.802139468
4149,15560438.686847718,4259071.105395533
4150,15552646.879089644,4252569.8132463135
4151,15559812.29207302,4257816.945729083
4152,15544473.35679764,4264410.36452584
4153,15550958.051094824,4255404.566354399
4154,15556922.549411522,4257389.467787466
4155,15557120.809424624,4260193.803153301
4156,15557706.015987724,4254236.460453108
4157,15556196.412373075,4253825.700477742
4158,15556210.438628914,4253868.858322483
4159,15551608.824837996,4259627.09368043
4160,15553500.476945044,4256058.212004502
4161,15561672.552083671,4250048.47286257
4162,15556463.913109452,4259071.105395533
4163,15543159.230208823,4247362.029001547
4164,15556463.913109452,4258153.841372355
4165,15547084.132815212,4243051.29177241
4166,15550720.606620954,4249645.950460699
4167,15559038.287653536,4261455.365032379
4168,15562437.984902363,4260747.929219235
4169,15556208.657517066,4253683.349301424
4170,15537927.770738993,4259146.085400501
4171,15550532.254042534,4258185.502969331
4172,15558826.335343068,4253469.7575073615
4173,15557918.413576158,4256894.579124268
4174,15557675.06916928,4257737.177816883
4175,15561283.156504871,4261722.996103106
4176,15575297.38983982,4266809.36997799
4177,15560056.527035823,4256333.3852121
4178,15553421.774065051,4256649.404419555
4179,15557958.71123182,4260985.792545406
4180,15559292.096092546,4255516.79330149
4181,15562494.201245213,4257034.916364725
4182,15571555.830434766,4267624.885807624
4183,15550968.849085424,4257217.604162286
4184,15559538.446125677,4257917.958508005
4185,15545065.242530184,4260036.152429933
4186,15564547.155294422,4266676.588643659
4187,15559151.722214654,4237674.145293862
4188,15562016.417990731,4260746.558264061
4189,15555639.814919112,4250322.399257332
4190,15540225.07107049,4253052.587355589
4191,15552970.484849382,4251472.554032885
4192,15551739.068642223,4258753.508408608
4193,15556428.402191894,4253719.65621087
4194,15554245.649616413,4254649.01709934
4195,15557686.9803548,4256930.896694418
4196,15548012.982646387,4241341.731535021
4197,15556377.97446256,4257184.163707058
4198,15552027.052164905,4255697.126192343
4199,15559234.655235296,4261085.874916151
4200,15557839.82201566,4259720.857805382
4201,15556527.699177677,4253549.9053185
4202,15559274.396293512,4261830.763334405
4203,15551497.950625164,4258560.514833255
4204,15537004.932160314,4259574.728685858
4205,15558833.459790478,4255449.922894002
4206,15562535.946054256,4257012.166260065
4207,15554911.785449322,4244491.164287895
4208,15551387.521690296,4253854.746373565
4209,15547874.389880354,4246670.564986996
4210,15571598.46579974,4250280.898967997
4211,15550374.514324076,4257644.390101403
4212,15558364.470775766,4256473.167082983
4213,15558298.458317729,4256930.896694418
4214,15558680.618129622,4256004.08263169
4215,15548084.89503744,4243400.599868446
4216,15560438.686847718,4259071.105395533
4217,15571595.12621502,4250188.448393977
4218,15559293.654565418,4259399.677894244
4219,15537004.932160314,4259574.728685858
4220,15552260.489137098,4254257.834643135
4221,15551992.320483774,4255280.282177958
4222,15551251.934550513,4256140.297311418
4223,15559072.351417718,4255535.977510253
4224,15559066.340165216,4254232.898092163
4225,15539377.3731481,4261196.652088508
4226,15559155.06179938,4256310.225447204
4227,15561836.748332588,4249616.6418199055
4228,15543969.079504345,4252677.490302643
4229,15560362.21035754,4258306.8047414245
4230,15573048.40216732,4267670.979017782
4231,15554227.170580938,4260379.559750197
4232,15554078.670380224,4240359.720595395
4233,15556447.326505324,4265289.202603282
4234,15545699.8749472,4258345.457114283
4235,15549639.58304586,4246745.4600705085
4236,15551017.38438341,4257980.595123285
4237,15556119.935882907,4256749.310049826
4238,15550901.055515531,4259553.344100534
4239,15551091.968442246,4256600.616816579
4240,15555107.9303921,4251637.752318331
4241,15561336.812499436,4250013.41077882
4242,15547797.913390176,4245458.212146962
4243,15551521.772996197,4253807.7523448095
4244,15549948.16067434,4263504.856761231
4245,15556378.97633798,4253746.372692878
4246,15537607.838522457,4259133.200317343
4247,15556119.935882907,4256749.310049826
4248,15552907.25537861,4250352.531579192
4249,15559970.588388924,4247939.879935478
4250,15550005.935490062,4240510.519793311
4251,15555852.435146524,4259376.922868037
4252,15558890.789328234,4254599.553326203
4253,15552261.824970989,4257395.635192647
4254,15549863.891819809,4240338.510348232
4255,15544558.850166569,4247206.75387604
4256,15551896.808360675,4255230.130418457
4257,15562606.411291936,4260400.397587549
4258,15558427.36628806,4255726.999253121
4259,15551978.405547429,4255157.643718873
4260,15555635.028181003,4251727.47548339
4261,15558058.342176082,4254332.09657666
4262,15557212.202726562,4259992.69606515
4263,15558118.120742643,4255875.817643148
4264,15557574.65898859,4255824.9779838445
4265,15571892.90585289,4249288.363012331
4266,15559559.596828924,4261673.500313656
4267,15550998.905347938,4254212.20901884
4268,15559521.41424358,4258612.463763076
4269,15559253.913507205,4263112.808764631
4270,15552417.56093861,4259219.283927096
4271,15551828.45819333,4263595.225888702
4272,15555191.97660765,4251746.242100999
4273,15557055.130925056,4257364.112936051
4274,15541571.035033671,4252827.637177927
4275,15558718.80071496,4255096.393517292
4276,15556436.528514717,4253694.172858051
4277,15557725.162940135,4255354.414025044
4278,15537466.908047102,4258920.598638122
4279,15559846.244517714,4248666.207860109
4280,15548970.775545176,4254896.613364327
4281,15555049.821617903,4243172.289084779
4282,15561967.43741478,4261364.190985376
4283,15550931.779694987,4255015.2752099885
4284,15555902.306278404,4238206.063570061
4285,15561425.75677258,4261453.445570917
4286,15557648.686449967,4256658.586380409
4287,15551357.57674727,4254477.196532508
4288,15556731.525165318,4258077.497552424
4289,15557163.778748076,4257368.087476443
4290,15542922.00837394,4249664.987423621
4291,15561374.995084776,4260896.130487635
4292,15559244.340030998,4258153.841372355
4293,15555310.865823817,4251363.793007078
4294,15557610.503864624,4257695.238220192
4295,15551432.272125596,4253573.60726231
4296,15563725.506132882,4264899.422055667
4297,15551132.15477842,4252135.416949578
4298,15537004.932160314,4259574.728685858
4299,15561537.410221845,4258884.822746533
4300,15555079.432602458,4250857.123328445
4301,15553772.541780544,4250749.601149572
4302,15549103.913656164,4262357.275015139
4303,15550349.02216069,4266714.859131167
4304,15558260.164412891,4261431.097580154
4305,15565832.784093598,4251864.869786086
4306,15550720.606620954,4253253.15584733
4307,15557534.02737445,4258001.017204532
4308,15552183.456049472,4259071.105395533
4309,15561537.410221845,4258884.822746533
4310,15552302.56790462,4264025.552264833
4311,15562050.593074406,4260918.751579608
4312,15563039.88938908,4261087.794313039
4313,15551396.649888538,4253810.492515872
4314,15542587.715943092,4246842.126145474
4315,15562733.426830929,4265935.895957917
4316,15561776.30184909,4249810.299432629
4317,15559081.92489393,4255325.775229734
4318,15557592.91538508,4256895.264360325
4319,15554842.544726048,4260885.573994075
4320,15555473.61491936,4252952.989477472
4321,15551286.554912154,4255963.520036783
4322,15551270.970183436,4258495.544751315
4323,15559139.254431687,4255430.875865036
4324,15556119.935882907,4256749.310049826
4325,15559532.768831642,4261147.295783886
4326,15561518.374588918,4263638.285189692
4327,15559275.7321274,4249552.409605806
4328,15552508.286323603,4257255.704477721
4329,15543837.277227243,4250585.648981108
4330,15554415.41183987,4254587.35869074
4331,15564962.488314573,4260000.09871445
4332,15551391.64051146,4258403.572995936
4333,15556311.294087576,4258620.276684166
4334,15559674.255904442,4259376.922868037
4335,15556008.282433638,4257912.201988067
4336,15552136.701863335,4263540.510652415
4337,15559117.769769968,4254383.614376516
4338,15562596.169898786,4261225.169166133
4339,15559602.90011084,4261563.815152682
4340,15558998.657914815,4248995.426654014
4341,15559606.351015056,4261454.268197216
4342,15561497.335205162,4258934.991271216
4343,15557457.662203765,4257313.129304701
4344,15563827.029508485,4260726.542338134
4345,15554542.53869836,4256701.481314592
4346,15550807.547143264,4254351.14169249
4347,15554811.263949132,4253785.831001019
4348,15559956.116855128,4250013.41077882
4349,15562950.833796443,4261656.361934667
4350,15557492.50520438,4253207.397411447
4351,15551782.149285164,4255115.576988732
4352,15549068.625377588,4253900.91854593
4353,15552183.456049472,4258459.633183962
4354,15550689.993760986,4257775.828175889
4355,15559723.570438862,4260492.249054727
4356,15558804.85068134,4255822.511375655
4357,15559550.134672206,4259116.47714696
4358,15558597.907747956,4256658.449336161
4359,15559366.346192902,4259557.04527577
4360,15551617.84171675,4254765.483930467
4361,15551772.35316997,4257994.164152881
4362,15537004.932160314,4259574.728685858
4363,15552603.909766192,4245152.509565681
4364,15548103.708031382,4272756.832146068
4365,15562045.138419356,4260900.791799727
4366,15540073.008646073,4271129.073705068
4367,15562024.766952544,4267460.131609162
4368,15550813.335756786,4253412.900869099
4369,15551497.950625164,4258560.514833255
4370,15551571.978086542,4262128.568386619
4371,15556903.402459104,4256797.138994259
4372,15562297.833663458,4252682.285107146
4373,15558558.834606696,4255478.01389653
4374,15552065.012111263,4257761.025894594
4375,15560059.977940038,4261942.370722425
4376,15556026.761469107,4247044.087057719
4377,15555055.832870409,4251459.951944309
4378,15551779.81157585,4251210.104835804
4379,15557381.185713593,4257313.129304701
4380,15559416.32864427,4256832.908055045
4381,15546680.043063631,4249287.267396577
4382,15558804.85068134,4255822.511375655
4383,15554009.429656949,4250797.951756655
4384,15558709.227238754,4255669.719786328
4385,15559349.425630303,4261220.919020037
4386,15558671.489931377,4262367.284467351
4387,15545986.522635989,4255402.510926548
4388,15559218.29127015,4254712.320093727
4389,15556549.963075832,4258070.2332669925
4390,15550943.245602535,4259465.612906363
4391,15559139.254431687,4255421.283848619
4392,15555694.250150109,4251686.92874061
4393,15559581.19281014,4260910.388624997
4394,15548784.64935657,4248106.942047677
4395,15558948.118865997,4255669.719786328
4396,15562065.287247192,4261177.457943554
4397,15561850.99722741,4249651.702633059
4398,15562835.395484492,4260585.198041755
4399,15545601.023239374,4239746.282073782
4400,15551323.512983097,4255220.675604312
4401,15559274.396293512,4261830.763334405
4402,15561741.23620949,4235525.802604523
4403,15552460.53026205,4252067.608298267
4404,15554400.161069635,4254047.793933036
4405,15554553.00273049,4254026.283142089
4406,15554692.820010936,4254217.415536919
4407,15561836.748332588,4249616.6418199055
4408,15552393.627248088,4258946.916610134
4409,15558146.173254322,4253222.604535077
4410,15560691.82736978,4255516.79330149
4411,15554950.747271102,4251388.449064297
4412,15560436.237818925,4249170.4479958685
4413,15551457.31901102,4253820.905172166
4414,15551493.386526044,4255779.34582243
4415,15571399.649189183,4250062.990789492
4416,15547733.34808552,4254052.589338053
4417,15545347.103480875,4265612.475914231
4418,15561950.739491165,4236517.503576611
4419,15559062.777941506,4256969.133059004
4420,15561850.99722741,4249651.702633059
4421,15559225.19307858,4255516.79330149
4422,15556384.542312518,4253751.578989275
4423,15571483.806724224,4250280.898967997
4424,15571465.9956057,4250232.139753147
4425,15559444.937753407,4249134.293123229
4426,15559274.396293512,4261830.763334405
4427,15556215.559325494,4256112.75275744
4428,15559637.297833491,4249424.083261694
4429,15551401.770585118,4253786.242025809
4430,15559207.938557507,4254668.884882811
4431,15551500.62229294,4258254.994328339
4432,15564576.4323205,4246496.815841849
4433,15563902.17016477,4260876.936870566
4434,15549874.02189347,4257083.294756683
4435,15559179.552087354,4261626.746879145
4436,15559024.595356168,4255344.82207568
4437,15557622.415050132,4255993.530861105
4438,15558802.958250005,4261911.246680165
4439,15556922.549411522,4257389.467787466
4440,15551578.87989497,4253835.976139618
4441,15558298.346998235,4254007.3756028125
4442,15559013.908685056,4254321.8204487935
4443,15559010.123822363,4248996.933085555
4444,15551195.940846646,4253481.813892718
4445,15560018.233130991,4257962.777231215
4446,15545816.315134564,4251723.366009372
4447,15550679.752367834,4258024.86585776
4448,15559336.401249882,4259852.320849736
4449,15557852.289798629,4253527.7104812525
4450,15557901.047735594,4269491.404943564
4451,15552058.5555808,4257397.005727602
4452,15557573.991071636,4255342.355575777
4453,15548087.010107763,4259778.569750053
4454,15551770.238099644,4255203.958416698
4455,15560550.228977492,4254958.684584927
4456,15559956.116855128,4249400.664208562
4457,15562226.032591892,4250146.811649692
4458,15559616.481088717,4249422.302864081
4459,15558298.458317729,4256778.089618831
4460,15559394.84398255,4255070.084811172
4461,15537247.163372286,4247096.80289168
4462,15551357.57674727,4254466.235184411
4463,15558921.06822973,4257044.098649292
4464,15551347.446673611,4253803.368072539
4465,15543986.334025417,4251009.573782133
4466,15559597.890733756,4259071.105395533
4467,15561236.736277211,4261675.968242444
4468,15557204.521681702,4259863.973020677
4469,15551094.19483206,4258058.308884394
4470,15565024.938548904,4256013.675159239
4471,15559081.92489393,4255516.79330149
4472,15562177.71993289,4258971.315619957
4473,15553796.475471064,4254673.680560088
4474,15554500.125972368,4263673.253855215
4475,15552431.92115292,4254847.970600972
4476,15558680.618129622,4256773.8412015
4477,15552814.080964811,4263308.625312439
4478,15551954.137898438,4254637.781541212
4479,15553819.184647186,4250799.45843623
4480,15571550.709738191,4267813.649711562
4481,15561917.121004948,4249677.861359752
4482,15555543.74619856,4251359.409713827
4483,15556731.525165318,4252688.723847923
4484,15568283.03740544,4256776.170978541
4485,15546310.68499318,4252083.087811963
4486,15563827.029508485,4260726.542338134
4487,15559101.071846344,4255392.644878228
4488,15559048.417727202,4254341.55062282
4489,15550719.270787058,4249676.49179136
4490,15562099.684969844,4261410.120673355
4491,15559299.554498428,4259145.400023353
4492,15536916.98976259,4258871.663827357
4493,15566228.747522349,4269179.953244825
4494,15545369.478698522,4239406.531535006
4495,15559349.425630303,4249678.957014591
4496,15552637.305613432,4263733.866474017
4497,15554245.649616413,4236913.798665076
4498,15557902.606208466,4257254.882167353
4499,15552431.92115292,4257437.2995321015
4500,15553884.195229812,4253749.249856372
4501,15546042.850298326,4243643.835473584
4502,15561355.95945185,4259682.611815176
4503,15551618.064355724,4253773.500264439
4504,15555852.435146524,4259376.922868037
4505,15561917.121004948,4249677.861359752
4506,15556693.231260488,4254484.869482714
4507,15563122.154492777,4260884.88850783
4508,15551916.400591051,4264475.7812159015
4509,15551333.0864593,4256106.449038425
4510,15559597.890733756,4258306.8047414245
4511,15553503.593890788,4240519.414547604
4512,15554994.273191996,4251784.597331965
4513,15555107.151155664,4254504.051881765
4514,15550731.181972578,4255077.347103935
4515,15564468.786372911,4260559.28740395
4516,15557750.54378404,4257766.097044262
4517,15554305.762141444,4248813.013021356
4518,15550979.535756538,4257121.942804342
4519,15552369.136960112,4258299.403238809
4520,15562705.930916706,4260996.486234431
4521,15554610.332268251,4254370.323857056
4522,15560604.775527976,4237397.5251479335
4523,15554629.479220672,4261517.199292705
4524,15559911.923017282,4261234.080768154
4525,15558298.458317729,4257542.420462598
4526,15562079.42482252,4261124.400018274
4527,15554797.90561024,4254840.29739608
4528,15550654.705482405,4254484.869482714
4529,15551795.396304566,4254832.898239316
4530,15556502.207014289,4256548.677444752
4531,15559462.637552442,4261330.326533113
4532,15559439.92837632,4256838.801053294
4533,15555053.4951611,4250854.794811474
4534,15571589.894198952,4250053.4034771
4535,15551385.0726615,4259072.88736409
4536,15550719.270787058,4249676.49179136
4537,15546508.05445036,4258612.463763076
4538,15551434.275876433,4258538.8580963705
4539,15554592.409830237,4253966.546390325
4540,15559514.735074136,4255445.537963532
4541,15548095.247750085,4256158.112234013
4542,15550609.287130162,4253138.897116574
4543,15537004.932160314,4259574.728685858
4544,15557986.875062998,4253316.724770441
4545,15552260.155178629,4254189.3277713945
4546,15551280.543659642,4255526.385401665
4547,15552776.788935397,4263912.140831916
4548,15559167.863540825,4238237.257108963
4549,15560882.962935472,4254647.372870599
4550,15536752.793513669,4260246.308203394
4551,15555716.514048267,4251548.303849272
4552,15561518.374588918,4263638.285189692
4553,15558976.83929462,4243248.66590395
4554,15545475.23221478,4239159.285140812
4555,15553370.678418783,4254957.0403096415
4556,15551814.877215456,4255174.223810055
4557,15547521.28445556,4260688.292828231
4558,15559731.585442197,4257473.0706870565
4559,15560799.918595342,4257672.623798538
4560,15542151.120900191,4249876.039712165
4561,15560015.784102192,4261544.894573769
4562,15562208.666751329,4260928.896811822
4563,15552385.72356424,4254349.908554488
4564,15550887.585857147,4255536.662661188
4565,15554984.477076812,4250854.931783048
4566,15559867.28390147,4259511.260455453
4567,15559464.084705826,4261708.188474997
4568,15558240.01558506,4255457.185438957
4569,15552431.92115292,4254847.970600972
4570,15557772.919001693,4251441.73373322
4571,15542959.077764375,4249181.814893372
4572,15551072.153572882,4254044.231633523
4573,15558499.056040132,4257380.011106279
4574,15559372.80272337,4261682.549388607
4575,15549707.933213206,4240316.068582987
4576,15560515.052018398,4264498.135436723
4577,15556632.562138006,4253856.253474037
4578,15554511.257921446,4248417.930848679
4579,15561999.720067108,4260625.092318497
4580,15540182.324386029,4253515.243030693
4581,15561397.926899884,4249760.172734722
4582,15558413.11739324,4256685.721175448
4583,15548635.481238903,4237190.817019698
4584,15554956.647204112,4260700.220080393
4585,15557954.481091175,4256758.903231078
4586,15551684.522091735,4251315.987809928
4587,15562034.34042875,4261416.838763307
4588,15551543.257657915,4255344.82207568
4589,15559521.41424358,4258612.463763076
4590,15554579.719408285,4254126.986890919
4591,15562151.337213572,4260843.75941199
4592,15551735.06114055,4257713.740963608
4593,15554566.917666849,4254006.690547654
4594,15558130.25456714,4254980.882325474
4595,15565655.452144764,4247338.066647189
4596,15551177.016533207,4253828.577662096
4597,15557142.29408635,4269715.051955905
4598,15556693.231260488,4251911.170547828
4599,15556007.61451669,4250140.237441384
4600,15553985.941244395,4250901.502217189
4601,15555852.435146524,4259376.922868037
4602,15550922.20621878,4255879.928677139
4603,15559582.528644027,4255004.724393282
4604,15562015.193476336,4260943.840481837
4605,15552316.148882495,4257363.83882987
4606,15557801.639430316,4257924.537391652
4607,15559311.243044963,4252382.956339988
4608,15559139.254431687,4255555.024722246
4609,15555151.122354528,4250654.544204743
4610,15552575.189337572,4263602.49384798
4611,15554677.23528222,4254293.869429839
4612,15552260.489137098,4254257.834643135
4613,15552476.114990763,4252319.940800669
4614,15551690.310705256,4258739.801366135
4615,15551453.08887038,4253782.816819683
4616,15565999.429371314,4269084.461465094
4617,15559539.893279051,4259290.289707794
4618,15562242.173918055,4263007.359991068
4619,15552535.114320887,4255524.466980957
4620,15556072.513779828,4259418.183522775
4621,15551543.257657915,4255344.82207568
4622,15559032.387720527,4256815.777264207
4623,15547721.548219496,4259015.316219154
4624,15555079.65524144,4250856.575442055
4625,15541369.21279686,4253449.2068811245
4626,15562103.915110497,4260897.364364172
4627,15559836.671041502,4260093.4547776105
4628,15550994.786526777,4254117.121992935
4629,15559483.23165824,4254766.854135858
4630,15559639.078945348,4260491.152316236
4631,15561306.756236924,4258649.60945529
4632,15552079.261006083,4257514.324156657
4633,15552503.499585502,4263647.747288138
4634,15555733.545930356,4251517.48333631
4635,15557288.45657776,4266413.225486549
4636,15556607.292613594,4266166.053969957
4637,15558963.480955722,4237758.829116545
4638,15555409.160934182,4251269.278635578
4639,15558785.703728927,4256706.414928033
4640,15557949.694353068,4257193.620218862
4641,15550309.83769993,4257451.690212554
4642,15558143.05630858,4257426.33521685
4643,15562019.534936473,4255559.5467270855
4644,15554984.477076812,4250853.83601051
4645,15559024.595356168,4255860.743865068
4646,15550652.256453617,4258195.371537785
4647,15552660.348748028,4257508.704904132
4648,15551789.385052064,4253636.90403442
4649,15556516.5672286,4251585.836502252
4650,15550794.968040803,4252217.335840214
4651,15555030.785984978,4254389.369039434
4652,15558069.140166689,4260583.2787331445
4653,15560267.922748836,4253483.731955251
4654,15563670.73694341,4260809.896572613
4655,15559325.603259277,4254891.132478773
4656,15559597.890733756,4259071.105395533
4657,15560553.7912012,4249280.830656242
4658,15559737.485375209,4261110.690001952
4659,15568158.804853722,4259166.646734866
4660,15551314.050826376,4253949.831119106
4661,15561212.023350256,4261195.555279319
4662,15559238.996695437,4259484.392805879
4663,15559274.396293512,4261830.763334405
4664,15557333.20701306,4256928.42983678
4665,15554797.2376933,4254886.884794351
4666,15571574.42078973,4250079.700125443
4667,15561088.347395992,4260351.456150904
4668,15561121.854562713,4258774.891429182
4669,15557998.007012077,4254493.227523878
4670,15559274.396293512,4261830.763334405
4671,15562208.666751329,4260928.896811822
4672,15558432.15302617,4255994.490112556
4673,15537238.480451996,4248595.681826694
4674,15550205.642656542,4257069.452758656
4675,15554572.14968291,4253902.15163332
4676,15556174.2597944,4258623.292199061
4677,15552110.764421985,4255422.928193694
4678,15556357.60299574,4253776.651451356
4679,15545470.00019871,4244169.062111078
4680,15556999.025901696,4256262.124553756
4681,15551149.07534102,4253948.598026341
4682,15552056.329190986,4253367.278768189
4683,15552829.443054542,4256332.288890762
4684,15558587.109757349,4255491.031702652
4685,15557916.298505832,4257236.654303409
4686,15553525.857788945,4256166.334515772
4687,15554732.783708122,4254873.730685324
4688,15558512.525698524,4255541.321688688
4689,15553188.337092862,4252895.313541623
4690,15559013.908685056,4256701.618359377
4691,15558413.11739324,4256685.721175448
4692,15541694.377029471,4249790.577425738
4693,15540095.940461176,4264679.302313303
4694,15557419.368298927,4253816.109868696
4695,15553021.135217687,4255034.321515263
4696,15551380.842520852,4257714.426251001
4697,15554885.95932746,4254299.62404555
4698,15546178.771396589,4243429.891883925
4699,15562465.146858117,4260722.155290773
4700,15559725.01759224,4261032.543237376
4701,15554245.649616413,4262361.38848754
4702,15559968.69595759,4247859.225450805
4703,15551737.62148884,4255286.996502009
4704,15559569.170305133,4253419.614047148
4705,15554542.53869836,4254124.657678094
4706,15557667.833402386,4257623.557517254
4707,15555852.435146524,4260599.867054418
4708,15559235.434471732,4260800.43693178
4709,15551333.0864593,4258822.729235651
4710,15562066.17780311,4260929.719398631
4711,15571827.783950776,4249315.890394115
4712,15553802.93200153,4251125.31700897
4713,15555049.821617903,4243172.289084779
4714,15547343.841187231,4253686.911483436
4715,15551555.502801908,4252225.692149477
4716,15555998.486318445,4251932.814166359
4717,15556043.570712214,4255163.261763485
4718,15558804.85068134,4255822.511375655
4719,15551495.501596369,4256761.507096011
4720,15560132.892206503,4255402.236869529
4721,15560897.323149782,4260141.298355465
4722,15573828.306519823,4255965.301498938
4723,15551269.85698853,4253763.498677196
4724,15552355.444662744,4257500.070448564
4725,15567338.15756759,4274168.777607284
4726,15559558.038356053,4261518.981660166
4727,15559388.276132591,4261666.370744731
4728,15571827.783950776,4249315.890394115
4729,15552520.19750912,4254760.277151539
4730,15560665.110691993,4257181.14858907
4731,15551983.748882988,4255414.843499462
4732,15558948.118865997,4249227.556503812
4733,15556922.549411522,4257389.467787466
4734,15542436.544074591,4249459.554320601
4735,15562984.897560632,4255011.712595413
4736,15559547.24036544,4263328.508841705
4737,15556372.18584904,4253338.371169065
4738,15572933.631772315,4274562.046652725
4739,15552637.305613432,4263733.866474017
4740,15559822.199507704,4248368.221345639
4741,15559403.526902832,4248641.694876608
4742,15554542.53869836,4250650.435133519
4743,15562024.766952544,4261287.824737507
4744,15553169.96937688,4244280.626391827
4745,15548012.982646387,4241341.731535021
4746,15549308.296241255,4249302.879931412
4747,15557543.600850657,4256887.863813187
4748,15554740.57607248,4253976.137131244
4749,15558113.44532403,4255443.071440915
4750,15563493.738953048,4264230.710642367
4751,15553470.19804355,4256241.705719933
4752,15545952.347552314,4256404.646334791
4753,15554851.561604807,4254563.791568588
4754,15565377.598695742,4252522.413758384
4755,15571496.163187703,4249496.121130958
4756,15559274.396293512,4261830.763334405
4757,15559454.51122962,4259302.215434351
4758,15551008.256185168,4255707.951741638
4759,15554950.524632111,4253896.80825562
4760,15550979.535756538,4258345.04591811
4761,15563343.235001491,4255908.568923489
4762,15537364.271476598,4259243.135238277
4763,15556463.913109452,4256625.14763469
4764,15561804.354360769,4249798.521007573
4765,15562013.301044988,4261132.76313668
4766,15557409.79482272,4256424.517307566
4767,15557916.298505832,4257236.654303409
4768,15559143.70721132,4256907.0504272105
4769,15553417.989202373,4256196.208858191
4770,15565903.917248216,4269963.401556342
4771,15551361.806887928,4253682.390252619
4772,15550294.364290712,4240191.818664901
4773,15558604.141639443,4258153.841372355
4774,15556922.549411522,4257389.467787466
4775,15559349.759588778,4259483.981566859
4776,15552112.100255871,4255006.91676994
4777,15559735.926902335,4249081.841380063
4778,15554245.649616413,4236913.798665076
4779,15551562.404610336,4253801.723970889
4780,15551462.66234658,4254234.953300256
4781,15545968.488878476,4247891.131143687
4782,15555006.852294456,4254547.075384816
4783,15559346.865282012,4259152.939174326
4784,15561530.953691378,4250432.79353209
4785,15560461.062065369,4258231.967556893
4786,15538275.532828229,4259077.136674899
4787,15550776.934283298,4258132.596629252
4788,15565903.917248216,4270125.860928247
4789,15553299.43394467,4254143.702432805
4790,15555340.365488878,4255673.693710945
4791,15541849.333760656,4253823.508337787
4792,15558529.33494163,4256943.23099097
4793,15552537.006752225,4264316.697285012
4794,15552412.774200508,4255019.93401541
4795,15559139.254431687,4259568.011728267
4796,15557919.192812588,4255011.438548189
4797,15558030.846261855,4255803.463697835
4798,15558989.418397076,4249008.710648367
4799,15542852.433692198,4249914.9362300895
4800,15559550.134672206,4257174.570152715
4801,15559158.401384104,4255354.414025044
4802,15550942.577685596,4254975.675444018
4803,15559674.255904442,4262013.942644974
4804,15562091.66996651,4261217.354382651
4805,15560051.740297716,4262032.041366334
4806,15552642.09235154,4257227.06070301
4807,15551385.0726615,4259072.88736409
4808,15558720.359187832,4259344.024118725
4809,15558140.941238254,4253233.290634596
4810,15558788.15275773,4256864.154686648
4811,15543197.19015518,4249813.31252014
4812,15558909.936280658,4259071.105395533
4813,15556354.152091531,4252289.392093715
4814,15558986.412770832,4255276.171369348
4815,15542553.986137385,4249908.499120751
4816,15556773.826571822,4253581.827601632
4817,15560324.0277722,4259950.19947175
4818,15536998.80958832,4249174.9673633445
4819,15559271.83594522,4261807.317701239
4820,15550931.779694987,4255521.589350528
4821,15566228.747522349,4269179.953244825
4822,15556413.930658083,4253736.0971151525
4823,15552956.792552007,4262066.593553997
4824,15558046.430990571,4250780.145559232
4825,15565903.917248216,4269963.401556342
4826,15547797.802070685,4246833.363180006
4827,15558069.140166689,4260370.511754245
4828,15551353.457926117,4256090.552719652
4829,15545399.20100256,4246192.590326857
4830,15557534.02737445,4258001.017204532
4831,15538271.970604524,4236522.291315888
4832,15558067.69301331,4252705.026208537
4833,15561389.355299093,4238882.217081629
4834,15556119.935882907,4256749.310049826
4835,15555271.347404584,4257572.572676121
4836,15552556.042385152,4251964.868718006
4837,15550212.989742937,4255210.6726939
4838,15553202.585987683,4255897.195036774
4839,15562024.766952544,4261431.097580154
4840,15567360.31014626,4257627.669208349
4841,15559237.21558358,4261060.648588352
4842,15558088.84371656,4262190.680684442
4843,15555002.065556351,4254427.596519963
4844,15559236.54766664,4259259.995679305
4845,15550832.371389711,4254247.421570982
4846,15555079.65524144,4250856.438470461
4847,15559373.35932083,4261388.184081876
4848,15545442.726923464,4252392.408702184
4849,15541661.426460205,4253518.668153058
4850,15548679.675076753,4256313.240325067
4851,15553239.655378114,4255936.112963221
4852,15559337.514444789,4259550.0541680455
4853,15563141.078806212,4256625.695810024
4854,15562431.528371897,4259709.617034518
4855,15559859.602856612,4261598.9142843895
4856,15545709.00314544,4267174.526975988
4857,15563234.698497972,4256681.335749467
4858,15551008.14486568,4235974.040346602
4859,15551003.46944706,4255858.414283037
4860,15552302.901863089,4257565.308726169
4861,15548725.983984925,4268146.600979796
4862,15568910.322736064,4255432.794269329
4863,15552319.599786708,4252156.650047981
4864,15559271.83594522,4261804.849742781
4865,15559760.305870827,4261194.047166859
4866,15554740.57607248,4254640.24788225
4867,15537004.932160314,4259574.728685858
4868,15565335.408608733,4257031.216043276
4869,15551380.842520852,4253885.436460483
4870,15550979.535756538,4257590.526988215
4871,15559483.23165824,4259338.678081311
4872,15550909.515796827,4261042.825674471
4873,15546236.880170785,4240439.90938442
4874,15562090.445452107,4261280.009909213
4875,15565340.529305307,4252042.950711046
4876,15560859.02924495,4263313.424781704
4877,15558604.141639443,4255559.820788044
4878,15558761.8813579,4254412.113689175
4879,15556463.913109452,4258153.841372355
4880,15561967.43741478,4260294.152450423
4881,15558314.043046432,4256610.895085626
4882,15562015.193476336,4260943.840481837
4883,15559626.499842891,4261175.538530911
4884,15562064.17405228,4260978.526326787
4885,15552355.444662744,4257500.070448564
4886,15559158.401384104,4255354.414025044
4887,15560448.37164342,4249326.84658522
4888,15551316.27721619,4254207.550557398
4889,15561796.895954885,4249805.779802911
4890,15559223.189327748,4258280.488310443
4891,15552112.100255871,4255006.91676994
4892,15545347.103480875,4265612.475914231
4893,15568910.322736064,4255432.794269329
4894,15560404.400444549,4256551.829431261
4895,15546443.934423655,4265838.649483721
4896,15566527.9743136,4248048.333082063
4897,15558126.46970445,4254484.869482714
4898,15559112.983031863,4254361.280832429
4899,15555450.01518731,4252916.8221092345
4900,15559660.00700962,4259220.380537964
4901,15559183.448269527,4261545.854312494
4902,15558069.140166689,4260583.2787331445
4903,15559255.694619058,4238088.814964831
4904,15564077.943640728,4252578.7177973
4905,15555759.594691202,4259725.6556989085
4906,15559117.213172512,4254114.79278221
4907,15550052.800995689,4257939.614014936
4908,15562126.846925598,4261254.371827562
4909,15560670.34270806,4238676.301896598
4910,15561203.006471504,4247299.8639163645
4911,15554616.788798716,4264858.826429912
4912,15554772.74740532,4254879.074540209
4913,15562097.681219008,4261285.905305478
4914,15551269.634349547,4254698.070037065
4915,15560056.527035823,4248026.012460341
4916,15555301.848945064,4256591.70899122
4917,15562618.322477449,4260885.299799571
4918,15559274.396293512,4261830.763334405
4919,15551786.156786826,4263564.919921956
4920,15554982.807284446,4250838.221263803
4921,15556670.633403854,4253574.977318434
4922,15556922.549411522,4257542.420462598
4923,15552642.09235154,4257227.06070301
4924,15556731.525165318,4255803.463697835
4925,15554588.958926026,4253972.437844465
4926,15555546.751824804,4257236.654303409
4927,15552361.78987372,4259625.448702963
4928,15562169.704929557,4261397.5071278745
4929,15552569.51204354,4257169.36222674
4930,15553263.811707618,4255912.817004698
4931,15551753.54017602,4254179.18879082
4932,15556359.161468612,4251236.678215575
4933,15553234.423362045,4255898.976488133
4934,15559634.403526738,4260734.905152042
4935,15558937.432194876,4257464.436259626
4936,15556455.341508664,4265285.362332976
4937,15551607.822962578,4255612.303588373
4938,15557962.830052985,4254346.346156603
4939,15559704.980083903,4249032.676658322
4940,15549496.09222223,4246496.405090631
4941,15559908.36079358,4248472.70742187
4942,15556368.400986351,4254437.18766507
4943,15554712.634880291,4236683.160569779
4944,15562266.218928073,4249868.506951776
4945,15551361.806887928,4253768.29395761
4946,15560911.683364095,4259374.729615004
4947,15555062.623359349,4250940.539351395
4948,15557374.395224651,4256951.179767225
4949,15550845.8410481,4252191.855985789
4950,15556852.418132322,4252381.312451744
4951,15556311.071448592,4257198.417003338
4952,15559453.620673688,4257617.115870976
4953,15554607.326641995,4253911.468298116
4954,15559830.659789003,4248139.807025454
4955,15556911.19482346,4253618.408186521
4956,15561838.30680546,4249595.413647754
4957,15556446.992546853,4264159.124193174
4958,15546887.653913964,4253949.968129423
4959,15557557.961064966,4255927.616784365
4960,15556723.844120454,4254504.188899019
4961,15558334.19187427,4257649.050026976
4962,15551457.31901102,4253873.379630356
4963,15542894.178501245,4249204.6856747065
4964,15546091.830874275,4264655.987709502
4965,15551865.861542232,4254491.17226726
4966,15551611.162547298,4246384.270584863
4967,15559267.717124064,4260782.340250399
4968,15557465.565887611,4257554.618393507
4969,15558139.048806906,4253226.029565837
4970,15551656.803538527,4253818.439015833
4971,15564117.239420982,4259061.647259593
4972,15554268.804070495,4254673.680560088
4973,15561314.437281782,4263693.0009158
4974,15560132.892206503,4255784.416053184
4975,15556623.65657874,4266409.384820845
4976,15539889.77676422,4260199.697963589
4977,15556628.777275316,4251984.046699774
4978,15553336.614654597,4250832.6054392895
4979,15557408.681627816,4258113.27080203
4980,15551335.869446568,4255862.11420767
4981,15558435.047332931,4262352.475965958
4982,15559271.83594522,4261804.849742781
4983,15559492.805134444,4260500.74878176
4984,15553836.439168256,4255645.876268963
4985,15559330.27867789,4254647.372870599
4986,15563482.607003968,4260827.307817001
4987,15570826.910409052,4249386.2841130365
4988,15559791.36400876,4249657.454808435
4989,15552710.108560417,4250320.892643417
4990,15562091.892605487,4261288.9215559615
4991,15542422.629138242,4249973.555187174
4992,15559368.572582722,4256472.34483146
4993,15556597.71913739,4253663.209294176
4994,15553877.070782395,4254582.837087785
4995,15562779.51310012,4257542.420462598
4996,15562019.534936473,4261019.244633088
4997,15542780.521301145,4247299.726989254
4998,15542918.8914282,4249235.088823253
4999,15556557.978079174,4252099.252283264
5000,15550960.500123613,4255860.743865068
5001,15558929.08323307,4255650.535342981
5002,15555052.270646704,4251452.55507299
5003,15559415.215449365,4261675.419813777
5004,15559414.324893434,4255049.805226727
5005,15560732.45898392,4257251.044719785
5006,15562015.193476336,4260943.840481837
5007,15559854.259521054,4248046.279035218
5008,15556774.82844724,4252297.200499486
5009,15556463.913109452,4258153.841372355
5010,15546547.238911116,4249568.022518705
5011,15548095.247750085,4246858.830567812
5012,15557407.011835454,4258165.765859152
5013,15552897.681902396,4251431.049382925
5014,15559038.287653536,4261455.365032379
5015,15557534.02737445,4257083.842954988
5016,15556616.8660898,4257790.767535663
5017,15571452.859905783,4249508.310094885
5018,15559326.827773675,4259577.196140703
5019,15558604.141639443,4258803.676330627
5020,15552887.551828733,4251586.384425148
5021,15561246.087114442,4261378.723940392
5022,15539377.3731481,4261196.652088508
5023,15558006.467293376,4262206.9972186005
5024,15563243.826696215,4252054.183605002
5025,15551898.03287507,4242786.580590022
5026,15554598.977680186,4254280.442004949
5027,15551507.524101377,4258734.318553958
5028,15556254.96642523,4252955.044445163
5029,15553160.173261683,4263696.017830979
5030,15560665.110691993,4238717.758264303
5031,15561798.120469283,4249995.194974944
5032,15558069.140166689,4260583.2787331445
5033,15565560.051341156,4247223.595780583
5034,15551703.89168313,4251677.750951439
5035,15559072.351417718,4255535.977510253
5036,15558629.077205382,4257616.156477175
5037,15556217.897034802,4258606.569808756
5038,15561606.316986648,4249550.492232072
5039,15550652.367773104,4257647.679460422
5040,15559575.404196616,4249392.583962086
5041,15559204.487653287,4259338.129769931
5042,15556922.549411522,4257389.467787466
5043,15558896.24398329,4259701.803334751
5044,15553592.760802912,4255741.387683067
5045,15559643.197766509,4261041.728880719
5046,15562015.193476336,4260943.840481837
5047,15557109.454836562,4266393.747838719
5048,15557220.996966338,4260115.11459493
5049,15559315.918463577,4249501.051496755
5050,15562054.711895565,4260899.28372795
5051,15559086.711632034,4254149.319956715
5052,15550646.356520591,4235480.11812558
5053,15565440.494208043,4247170.87933643
5054,15552438.266363893,4254803.575704334
5055,15564529.455495393,4258075.030436077
5056,15551994.880832065,4258135.749072392
5057,15558432.15302617,4255994.490112556
5058,15556719.391340816,4253584.156698899
5059,15561890.960924609,4259243.135238277
5060,15555971.101723708,4257272.561853893
5061,15547605.664629577,4246622.369518468
5062,15556244.168434624,4257251.044719785
5063,15560757.83982782,4258437.565447276
5064,15543528.81091826,4249689.228784027
5065,15564925.084965669,4255160.247202603
5066,15553796.141512595,4249396.692561242
5067,15551614.94740999,4255514.463792718
5068,15552473.109364511,4251741.173741245
5069,15558049.99321427,4258633.983576763
5070,15560729.675996648,4249414.633462298
5071,15558512.970976483,4263373.0755043
5072,15559062.777941506,4256625.14763469
5073,15562340.02375047,4260953.437344916
5074,15551501.067570906,4258241.836167289
5075,15558403.543917034,4253930.786701875
5076,15560147.25242082,4249306.3037358895
5077,15553200.916195324,4255897.195036774
5078,15555006.852294456,4254547.075384816
5079,15570877.00417991,4267245.584490865
5080,15559172.650278926,4259361.4330279
5081,15541935.606366023,4249954.106806808
5082,15555373.42737764,4250852.329323456
5083,15552935.86448774,4261254.371827562
5084,15558962.256441329,4249018.844840463
5085,15555135.314986836,4251771.994884105
5086,15555247.525033558,4249554.73784579
5087,15556653.935480235,4256100.419397551
5088,15572223.858699014,4249372.177942443
5089,15554629.479220672,4238433.176451292
5090,15548687.46744111,4248160.073810908
5091,15559310.686447509,4259191.457463164
5092,15555767.053097084,4253367.278768189
5093,15560181.98410195,4271945.8731351225
5094,15560324.0277722,4261048.99514137
5095,15551063.025374634,4255947.212819739
5096,15561145.342975276,4239312.120245304
5097,15560764.51899727,4238761.267095928
5098,15549681.550493889,4246701.782619537
5099,15554743.247740258,4250652.215730863
5100,15557381.185713593,4257313.129304701
5101,15555003.17875126,4250815.757983043
5102,15551872.652031172,4251837.746945631
5103,15542900.41239273,4249296.032325674
5104,15558814.424157552,4255593.2562766345
5105,15559349.982227756,4259568.834212647
5106,15547956.098386591,4241408.926412227
5107,15554827.739233771,4254170.830989575
5108,15555534.729319796,4254408.5512710335
5109,15550578.451631209,4258481.8380323
5110,15559139.254431687,4255440.330860877
5111,15559597.890733756,4258306.8047414245
5112,15537004.932160314,4259574.728685858
5113,15559375.140432678,4261680.2185655525
5114,15552531.106819214,4250365.406323819
5115,15566355.651741857,4248833.828837858
5116,15559151.499575676,4273915.253565622
5117,15561389.355299093,4238882.217081629
5118,15552183.456049472,4258459.633183962
5119,15541933.825254166,4253447.69983672
5120,15563333.77284478,4255918.161367268
5121,15551762.334415795,4255248.491964925
5122,15551655.022426669,4255532.551756221
5123,15556448.662339212,4257796.5239916695
5124,15553683.931465872,4274458.683466364
5125,15549696.57862515,4254160.143974333
5126,15562516.131184904,4260665.260929858
5127,15555426.081496788,4250892.051142473
5128,15549480.95277148,4246466.146460132
5129,15563414.924753567,4256197.579242827
5130,15559337.514444789,4259550.0541680455
5131,15562090.334132615,4261293.994342742
5132,15547399.500932626,4248139.533150232
5133,15556119.935882907,4256749.310049826
5134,15555011.63903256,4255555.298783089
5135,15543410.478299543,4247321.36149402
5136,15537004.932160314,4259574.728685858
5137,15548866.4691823,4244252.427214842
5138,15550679.752367834,4258024.86585776
5139,15554524.39362136,4253061.21830105
5140,15559403.526902832,4261631.271396321
5141,15560034.263137665,4258021.850507925
5142,15537004.932160314,4259574.728685858
5143,15556368.400986351,4254437.18766507
5144,15562195.97632938,4260881.323980066
5145,15558833.459790478,4255449.922894002
5146,15558138.714848436,4253231.372615964
5147,15560438.686847718,4258153.841372355
5148,15559980.05054565,4256930.896694418
5149,15542817.034094129,4252087.334408042
5150,15559421.115382371,4259333.880357658
5151,15559045.078142475,4260797.28371999
5152,15555023.216259602,4249811.39510072
5153,15552279.07949206,4264035.837519538
5154,15556540.389599629,4248905.041140914
5155,15554840.095697252,4264104.268994109
5156,15554885.95932746,4254299.62404555
5157,15556613.081227116,4251543.372561368
5158,15558413.11739324,4256128.37503327
5159,15559504.493680982,4259200.504483076
5160,15562197.646121738,4261439.323829105
5161,15555700.038763627,4246772.707220605
5162,15556686.440771548,4253602.515482931
5163,15558909.936280658,4259032.861678819
5164,15544385.74835838,4248865.737370233
5165,15558956.245188825,4261422.322921431
5166,15562353.493408851,4263007.359991068
5167,15551990.20541345,4258527.755608656
5168,15561365.42160857,4237793.031168826
5169,15551474.684851589,4258613.423244312
5170,15555003.846668208,4256106.997187763
5171,15557610.503864624,4257007.36955729
5172,15549988.347010516,4252821.883336353
5173,15552135.699987916,4258302.007470641
5174,15557584.232464796,4257838.601035931
5175,15557381.185713593,4256166.608591938
5176,15543082.75371864,4249932.193180188
5177,15559827.20888479,4257848.195172928
5178,15554497.009026624,4244481.718742962
5179,15559274.396293512,4261830.763334405
5180,15568727.090854224,4250919.719529159
5181,15554012.21264422,4252741.329871953
5182,15559701.529179685,4260497.184379295
5183,15552250.359063432,4257628.35449035
5184,15551388.746204697,4251483.649362007
5185,15543082.197121195,4246183.827880935
5186,15560630.156371877,4255329.612001791
5187,15551810.869713783,4255574.208998067
5188,15560713.868628956,4259055.067691589
5189,15552216.517938228,4249932.877980355
5190,15542928.242265431,4247705.997259428
5191,15553904.12141866,4254096.981187174
5192,15562256.979410332,4261141.948864269
5193,15553450.93977164,4256246.228008701
5194,15562069.62870733,4261302.63179592
5195,15557154.093952367,4253400.296545926
5196,15541820.613332037,4253189.861295122
5197,15558757.094619798,4255679.312020624
5198,15550826.694095682,4253407.694733854
5199,15561374.995084776,4260896.130487635
5200,15558609.373655513,4256108.36756122
5201,15561126.641300816,4258956.511719861
5202,15553225.517802786,4263361.282462042
5203,15554573.262877822,4255835.803659685
5204,15551529.454041056,4255411.417783367
5205,15558680.618129622,4256797.138994259
5206,15553772.541780544,4250749.601149572
5207,15562017.085907672,4258550.371799246
5208,15559077.138155827,4261082.447422542
5209,15572361.11563117,4249408.196647086
5210,15562955.0639371,4260881.735271675
5211,15551135.271724164,4255478.01389653
5212,15556496.863678727,4251678.161897057
5213,15557218.770576524,4260492.386147044
5214,15558100.198304622,4255805.79326816
5215,15537267.980117058,4247051.070179588
5216,15558499.056040132,4255305.221116645
5217,15550979.535756538,4254958.410539027
5218,15551605.373933775,4257413.452160482
5219,15560282.394282645,4249184.553906584
5220,15557534.02737445,4258001.017204532
5221,15551333.0864593,4258822.729235651
5222,15542226.261556484,4249771.540244454
5223,15559446.71886526,4249338.624502889
5224,15555340.365488878,4249508.99486854
5225,15557060.25162163,4260276.330786648
5226,15548012.982646387,4241341.731535021
5227,15557568.536416592,4251055.186055587
5228,15553564.151693782,4255631.487964663
5229,15559282.522616334,4261782.226816218
5230,15560889.53078543,4269670.322186677
5231,15562139.426028054,4249999.0298785055
5232,15550868.99550218,4253458.660164398
5233,15536991.239862945,4249143.879630859
5234,15558512.970976483,4253960.928960262
5235,15558451.299978588,4257016.962964942
5236,15559483.23165824,4255803.463697835
5237,15560667.89367926,4238717.347804451
5238,15560438.686847718,4259071.105395533
5239,15561832.40687245,4261344.44813405
5240,15559062.777941506,4255421.283848619
5241,15557634.771513617,4255837.44806708
5242,15557753.772049272,4251158.73894953
5243,15551376.055782745,4258932.661034097
5244,15557457.662203765,4256782.74917522
5245,15551934.879626524,4255106.533348003
5246,15561174.397362372,4239066.107397701
5247,15545347.103480875,4265612.475914231
5248,15555205.223627051,4254156.581638239
5249,15555054.608356012,4250854.109953635
5250,15559171.537084011,4261036.38201276
5251,15551476.465963444,4253959.421845371
5252,15556311.071448592,4250462.378291139
5253,15539377.3731481,4261196.652088508
5254,15552183.456049472,4258459.633183962
5255,15554913.566561172,4254486.239652958
5256,15550961.724638008,4257993.890030904
5257,15555054.608356012,4250854.109953635
5258,15549431.749556543,4256958.991501245
5259,15541148.354927136,4252914.356156662
5260,15555021.212508772,4250652.3526999
5261,15539377.3731481,4261196.652088508
5262,15559060.217593225,4254163.843324579
5263,15538142.728675716,4246645.098036866
5264,15547820.95652477,4247217.160253026
5265,15551333.0864593,4253849.540028076
5266,15554982.807284446,4250852.329323456
5267,15543725.95773645,4247181.011828079
5268,15556100.454972012,4255422.517107404
5269,15552718.791480692,4250345.272421341
5270,15558146.173254322,4253222.604535077
5271,15562089.220937708,4261304.551230887
5272,15561680.789725984,4259644.365958799
5273,15559569.170305133,4253419.614047148
5274,15558030.512303386,4262161.886860087
5275,15550998.905347938,4254212.20901884
5276,15543956.945679847,4249382.860283552
5277,15559274.396293512,4261830.763334405
5278,15555063.51391527,4256192.508820528
5279,15560242.20794647,4257645.760667543
5280,15551262.287263157,4256088.223088671
5281,15563871.112026837,4259154.721156225
5282,15561518.374588918,4263638.285189692
5283,15560145.58262846,4270368.86844046
5284,15558668.372985628,4255589.145350395
5285,15556225.021482212,4252464.055133269
5286,15552004.788266746,4255389.35619743
5287,15552729.366832316,4254653.401710519
5288,15561716.968560496,4260890.646593601
5289,15548203.227656154,4239290.912023881
5290,15562015.193476336,4260943.840481837
5291,15559628.948871689,4260976.058555521
5292,15554468.288598,4254628.327239046
5293,15551263.845736029,4256055.471270327
5294,15554677.23528222,4254293.869429839
5295,15556563.098775748,4253288.228310959
5296,15558088.84371656,4262190.680684442
5297,15559573.957043234,4248842.867296818
5298,15559531.655636735,4261579.445220848
5299,15551701.108695865,4249225.228333397
5300,15562262.879343348,4250017.65657205
5301,15555348.937089669,4249828.241011418
5302,15552660.014789551,4254462.261698439
5303,15551722.48203809,4252060.484989586
5304,15551388.412246224,4258003.484304176
5305,15552013.137228558,4254878.52645241
5306,15561518.597227909,4271283.728445639
5307,15560411.524891963,4249406.2792986045
5308,15554535.080292473,4256725.053043349
5309,15563801.871303568,4249898.638024421
5310,15543654.824581832,4249474.7562381625
5311,15561763.500107646,4259260.406909896
5312,15550024.080567062,4258173.0302080605
5313,15555979.005407557,4249542.822740492
5314,15562071.29849969,4261416.838763307
5315,15559472.09970916,4252148.01981592
5316,15551622.517135363,4257862.449334873
5317,15561537.410221845,4258884.822746533
5318,15550377.63126982,4255452.389418163
5319,15571594.903576031,4249987.114289696
5320,15558225.098773291,4254568.03912755
5321,15558069.140166689,4257465.943857577
5322,15551840.14673986,4263588.095065432
5323,15562101.132123228,4261368.989600459
5324,15559372.80272337,4261679.670136673
5325,15543892.936972637,4249360.673894441
5326,15554192.884177776,4253879.545053194
5327,15559253.913507205,4254714.238372003
5328,15559689.617994169,4261142.085964741
5329,15560668.784235189,4258313.932119052
5330,15558260.164412891,4255258.905990052
5331,15559148.827907898,4255383.052895337
5332,15554313.554505795,4250604.139704325
5333,15541823.507638792,4253863.788979516
5334,15551769.013585243,4255206.698937505
5335,15556879.691407569,4248921.611762469
5336,15551678.288200248,4257272.424801948
5337,15553949.985048868,4250793.705660795
5338,15551810.869713783,4255574.208998067
5339,15562340.02375047,4261022.67210687
5340,15561470.618527368,4250242.685969411
5341,15561606.316986648,4249550.492232072
5342,15550967.290612552,4258416.594285373
5343,15559679.710559493,4259488.505196944
5344,15551332.863820313,4254189.3277713945
5345,15571187.362920238,4250119.282178754
5346,15560438.686847718,4258153.841372355
5347,15559586.536145696,4257303.809741873
5348,15558336.640903063,4254150.553072104
5349,15559384.936547866,4261682.000959607
5350,15562494.201245213,4257034.916364725
5351,15552134.364154032,4255006.91676994
5352,15561530.953691378,4250432.79353209
5353,15547956.209706085,4243758.5427135145
5354,15558422.690869449,4255770.027566633
5355,15557753.772049272,4256665.712683698
5356,15558095.411566524,4262268.424389286
5357,15558444.175531171,4256756.299366762
5358,15560667.89367926,4238717.347804451
5359,15551073.044128804,4235939.843962985
5360,15551412.679895218,4258063.380171955
5361,15558203.72543106,4255733.850884069
5362,15554592.409830237,4253966.546390325
5363,15553201.027514812,4254714.238372003
5364,15552723.912177272,4258227.444446771
5365,15572328.94429833,4249406.690158966
5366,15554981.026172591,4250853.288124286
5367,15553123.215190742,4258626.71892155
5368,15551170.782641724,4253964.765253652
5369,15559139.254431687,4255430.875865036
5370,15561833.631386844,4258946.916610134
5371,15554605.656849638,4254805.493998613
5372,15563213.10251676,4262012.845753735
5373,15572037.955149395,4249440.106853226
5374,15562111.93011383,4261370.223530394
5375,15548848.880702758,4250491.141327976
5376,15556320.6449248,4259749.508115121
5377,15551896.808360675,4257790.767535663
5378,15559253.245590262,4258941.570766943
5379,15552149.169646308,4253915.304574163
5380,15547476.645339748,4245717.785387088
5381,15562920.443575466,4266206.105800252
5382,15554151.695966184,4254692.726270604
5383,15555020.099313864,4267147.22894172
5384,15561530.953691378,4250432.79353209
5385,15547956.098386591,4241431.6441216925
5386,15557832.586248755,4253203.561383598
5387,15549036.788003214,4253933.252883531
5388,15561648.28443468,4253339.056182382
5389,15559204.487653287,4259338.129769931
5390,15555003.290070748,4257033.682924104
5391,15555355.616259117,4261498.00458464
5392,15552575.189337572,4263602.49384798
5393,15559158.401384104,4255354.414025044
5394,15541750.370733336,4253949.557098477
5395,15549125.954915335,4271912.524783216
5396,15559258.143647851,4257179.366928832
5397,15555546.751824804,4257236.654303409
5398,15551506.299586976,4253781.4467375325
5399,15559636.073319098,4249535.564119488
5400,15559215.619602373,4260974.276276623
5401,15551536.912446942,4259602.693206719
5402,15571549.70786278,4250366.9129438605
5403,15542738.999131082,4252871.065079795
5404,15537004.932160314,4259574.728685858
5405,15553168.63354299,4250384.170606404
5406,15537004.932160314,4259574.728685858
5407,15555432.315388268,4250887.668038127
5408,15555632.6904717,4266304.041374086
5409,15563281.118725635,4256655.845495766
5410,15563827.029508485,4260726.542338134
5411,15562153.786242375,4261255.331540765
5412,15551724.819747403,4253720.615262941
5413,15559274.396293512,4261830.763334405
5414,15542918.8914282,4249878.094102259
5415,15559024.595356168,4255344.82207568
5416,15562204.993208133,4249919.866784486
5417,15559120.107479269,4261507.601934457
5418,15575297.38983982,4266809.36997799
5419,15555329.233539794,4248542.684892708
5420,15548090.015734017,4246873.891954054
5421,15558582.434338735,4255823.196544539
5422,15546527.535361247,4242619.052100048
5423,15556311.071448592,4257198.417003338
5424,15568667.53492665,4265656.640427475
5425,15543359.493972758,4249764.966261481
5426,15552472.33012808,4256972.970407638
5427,15572190.908129746,4250314.318330573
5428,15559101.071846344,4261564.911998843
5429,15561836.748332588,4249616.6418199055
5430,15551662.703471538,4255497.746156076
5431,15554582.057117593,4254000.114020323
5432,15545715.682314891,4259669.314853516
5433,15557075.39107238,4256625.14763469
5434,15559330.501316866,4252129.389496895
5435,15551692.982373036,4253714.586937032
5436,15558909.936280658,4259032.861678819
5437,15559793.145120608,4261087.794313039
5438,15560610.675460992,4247146.917400227
5439,15560538.317791974,4249299.730032241
5440,15561606.316986648,4249550.492232072
5441,15558737.39106992,4255679.312020624
5442,15537211.318496244,4259453.275763659
5443,15558146.173254322,4253222.604535077
5444,15555078.876005003,4250857.260300048
5445,15551219.651898185,4253676.772968452
5446,15556196.412373075,4260485.257348736
5447,15555868.019875234,4249423.398493348
5448,15559941.867960308,4257561.471169651
5449,15551759.551428532,4258117.793864913
5450,15562017.085907672,4258550.371799246
5451,15552916.828854816,4256128.37503327
5452,15556626.32824652,4253314.53273246
5453,15560398.05523358,4254408.5512710335
5454,15551913.506284293,4255477.465778718
5455,15562199.76119207,4261387.498564102
5456,15555974.775266904,4255157.506693431
5457,15551258.61371996,4253481.402879362
5458,15554519.606883258,4254026.283142089
5459,15553191.231399616,4261063.664776651
5460,15561430.654830176,4263517.335609906
5461,15556664.733470844,4263913.237913894
5462,15562598.062330125,4250873.285989319
5463,15561938.71698616,4261383.385458361
5464,15553341.846670665,4257986.762861924
5465,15551634.65095986,4255501.308928955
5466,15560710.9743222,4262338.764408493
5467,15550951.48324486,4253649.508630163
5468,15559935.745388314,4253776.377435066
5469,15563687.323547533,4260826.348141391
5470,15558709.227238754,4255669.719786328
5471,15559072.351417718,4255535.977510253
5472,15566389.715506032,4262509.200290367
5473,15551825.118608603,4252035.279473019
5474,15559273.617057076,4259419.96554792
5475,15558432.15302617,4253911.605307956
5476,15558401.65148569,4254413.62086643
5477,15559483.23165824,4252089.663187239
5478,15565335.408608733,4257031.216043276
5479,15554416.413715288,4248842.593404012
5480,15551286.77755113,4256003.123379398
5481,15555852.435146524,4260294.152450423
5482,15561107.494348405,4256663.382930188
5483,15556337.008889943,4257569.968618038
5484,15560610.675460992,4262816.622337746
5485,15551650.792286023,4253757.744343476
5486,15559697.076400056,4256932.130123449
5487,15561184.63875552,4261065.035771607
5488,15536323.211598696,4237532.003803837
5489,15558909.936280658,4257236.654303409
5490,15559387.274257174,4261672.540563723
5491,15559225.19307858,4255516.79330149
5492,15551462.105749134,4258912.922574888
5493,15558069.140166689,4260583.2787331445
5494,15542458.140055807,4235873.776851597
5495,15563563.090995817,4260779.049947915
5496,15547194.89570855,4243257.015373442
5497,15559637.297833491,4249424.083261694
5498,15558922.738022096,4263940.390728037
5499,15559514.846393624,4249714.4288992
5500,15546082.25739807,4243781.265292516
5501,15554366.319944432,4250830.276927535
5502,15559521.41424358,4254790.695737174
5503,15558728.374191169,4256799.468776263
5504,15555026.8898028,4250891.503254331
5505,15561527.94806513,4258985.160026151
5506,15536137.753327038,4259808.316880932
5507,15559597.890733756,4259071.105395533
5508,15551352.233411714,4258514.597119298
5509,15555344.595629528,4250952.5929507855
5510,15557534.02737445,4256328.999927409
5511,15553532.759597372,4274094.65518771
5512,15553280.9549092,4240359.720595395
5513,15573914.24516672,4271645.055476639
5514,15559507.721946212,4261143.868271011
5515,15563361.157439517,4256634.740707018
5516,15556628.777275316,4251984.046699774
5517,15547824.85270695,4246674.124887968
5518,15555075.313781297,4250860.273675728
5519,15555888.16870307,4255373.872005306
5520,15556386.76870233,4253379.198037457
5521,15537004.932160314,4259574.728685858
5522,15548007.194032872,4241356.374782743
5523,15559024.595356168,4255344.82207568
5524,15558455.084841274,4256032.312093958
5525,15559459.297967715,4259190.635007179
5526,15556706.812238367,4266527.623077371
5527,15558737.947667371,4255555.024722246
5528,15551240.023364993,4253823.919363998
5529,15546680.043063631,4249287.267396577
5530,15559005.448403755,4255478.562014368
5531,15562983.784365725,4266403.075158698
5532,15555060.953566989,4250852.329323456
5533,15561575.704126678,4263940.664999233
5534,15560101.834068578,4248500.095811215
5535,15558086.17204878,4255947.760961093
5536,15536647.59659487,4259911.952678974
5537,15561336.812499436,4249994.236249264
5538,15552233.883778794,4255532.8258165065
5539,15556119.935882907,4256749.310049826
5540,15555544.302796014,4254408.5512710335
5541,15545028.284459244,4246965.4930126965
5542,15561212.579947708,4261481.277795108
5543,15551385.0726615,4259072.88736409
5544,15561648.28443468,4253339.056182382
5545,15537004.932160314,4259574.728685858
5546,15558199.940568374,4254832.4871752
5547,15558206.174459856,4253797.339701034
5548,15555699.593485665,4260064.803566214
5549,15552565.615861366,4252447.6161401225
5550,15555782.860464778,4251635.286653952
5551,15543577.012257768,4249699.63752022
5552,15552149.169646308,4253915.304574163
5553,15559674.255904442,4259376.922868037
5554,15561540.749806574,4257008.877092223
5555,15555782.860464778,4255940.9091961365
5556,15552680.0522979,4263043.972128686
5557,15559253.913507205,4254714.238372003
5558,15550915.304410348,4251377.90174413
5559,15549890.385858616,4257351.367005926
5560,15553381.365089895,4244534.9698201055
5561,15559177.7709755,4259308.658073653
5562,15549867.454043517,4252867.914153669
5563,15558585.106006518,4259743.476464722
5564,15569386.10223972,4251214.077141048
5565,15559445.049072895,4259176.242037474
5566,15561522.270771105,4263827.940118702
5567,15553419.658994732,4263201.254879871
5568,15559605.015181163,4259135.66767252
5569,15560805.48456988,4257150.312202853
5570,15552594.447609471,4251746.242100999
5571,15573270.484551456,4270030.360869258
5572,15543622.541929504,4269466.570803515
5573,15552872.746336458,4240519.414547604
5574,15552417.56093861,4259219.283927096
5575,15551462.105749134,4258912.922574888
5576,15555515.91632586,4260247.679095808
5577,15563517.672643568,4260837.590060965
5578,15551377.280297147,4257814.752789008
5579,15550845.8410481,4253462.633285895
5580,15557658.259926174,4257637.948442856
5581,15556731.525165318,4252688.723847923
5582,15551637.656586103,4255491.716850771
5583,15548323.45270621,4272887.079787796
5584,15538362.695989523,4245741.60728998
5585,15575229.039672472,4257017.100013681
5586,15559253.913507205,4260982.090886263
5587,15559117.213172512,4254114.79278221
5588,15558473.45255725,4257407.558852524
5589,15551567.19134844,4258556.539859345
5590,15557916.298505832,4257236.654303409
5591,15559422.005938305,4259305.642369676
5592,15543620.204220196,4246929.619263206
5593,15558418.460728802,4256219.094304143
5594,15562097.681219008,4261375.022148128
5595,15571562.620923704,4250361.160395726
5596,15558183.799242206,4254781.104282123
5597,15544690.76376316,4248436.28097018
5598,15551222.100926977,4256214.43498791
5599,15552642.09235154,4257227.06070301
5600,15562539.619597454,4260787.6869940525
5601,15559425.902120482,4259491.52095137
5602,15559433.805804323,4261558.193817844
5603,15558630.413039273,4255361.539478588
5604,15556730.5232899,4253610.187819712
5605,15571883.888974136,4249319.177250295
5606,15554457.490607392,4254083.691015924
5607,15556823.475064715,4258685.384577084
5608,15539377.3731481,4261196.652088508
5609,15555935.702125637,4248548.29954282
5610,15559274.396293512,4261830.763334405
5611,15555407.157183353,4250216.251966
5612,15551202.62001609,4253884.066365483
5613,15552503.499585502,4263647.747288138
5614,15558179.012504105,4255422.517107404
5615,15559072.351417718,4250519.767473007
5616,15551332.529861849,4257912.201988067
5617,15552276.296504792,4252198.979379977
5618,15558789.377272123,4254604.485991603
5619,15537010.720773837,4258880.025222081
5620,15558909.936280658,4262128.568386619
5621,15552317.929994348,4257735.670181535
5622,15556101.01156947,4256975.574323542
5623,15552287.42845387,4257851.758711673
5624,15559886.876131851,4248396.294177748
5625,15551870.870919324,4258666.057772612
5626,15551292.90012312,4258570.109603817
5627,15554634.599917244,4254048.341979215
5628,15544806.981311545,4254924.565923386
5629,15558146.173254322,4253222.604535077
5630,15555541.63112823,4266492.782437144
5631,15552351.437161071,4253717.327084762
5632,15546680.043063631,4268243.593638865
5633,15555378.548074216,4266623.915503924
5634,15551261.953304684,4257161.687392982
5635,15551639.549017452,4257092.477081875
5636,15557163.778748076,4257368.087476443
5637,15551963.600055149,4258391.785315719
5638,15556626.99616346,4248823.55787082
5639,15543369.401407436,4263040.955393605
5640,15545321.833956469,4246181.089618025
5641,15557807.873321798,4258894.417801753
5642,15559894.000579264,4255822.511375655
5643,15559521.41424358,4258153.841372355
5644,15549477.501867265,4257135.510768359
5645,15561798.120469283,4249925.619100751
5646,15551094.19483206,4257410.985193973
5647,15558412.11551782,4256082.19345784
5648,15559274.396293512,4261830.763334405
5649,15559980.05054565,4256930.896694418
5650,15572515.73840388,4266542.848746403
5651,15550959.275609218,4254960.328860459
5652,15555071.083640646,4250863.287052234
5653,15557839.82201566,4255898.976488133
5654,15559454.51122962,4261115.899806128
5655,15562024.766952544,4267460.131609162
5656,15571540.69098402,4250398.825944367
5657,15550727.17447091,4256553.885075128
5658,15559098.622817554,4261373.7882176535
5659,15551648.454576716,4255774.823726713
5660,15550523.905080725,4255688.90426333
5661,15555072.753433006,4254334.288818519
5662,15568949.507196823,4255442.797382881
5663,15542652.615206225,4265697.239019599
5664,15551982.190410117,4251837.472977887
5665,15537446.4252608,4259281.3796907
5666,15559206.157445654,4261032.269039185
5667,15556393.447871782,4253748.01678621
5668,15558539.79897376,4255433.205356006
5669,15552440.270114733,4252140.485491905
5670,15552250.359063432,4255347.288576141
5671,15562173.044514276,4255667.390244984
5672,15563187.053755913,4256698.055195454
5673,15557534.02737445,4256328.999927409
5674,15559282.522616334,4261782.226816218
5675,15545347.103480875,4246336.07637582
5676,15554584.617465882,4254008.334680105
5677,15559755.964410678,4258894.417801753
5678,15536946.266788669,4245362.379699035
5679,15559257.364411416,4258567.231171764
5680,15557151.867562557,4255430.875865036
5681,15558981.626032723,4248984.196898167
5682,15562226.032591892,4250146.811649692
5683,15552245.572325336,4255572.975722179
5684,15560219.61008984,4254280.442004949
5685,15558804.85068134,4255822.511375655
5686,15566127.22414674,4247882.36733896
5687,15539377.3731481,4261196.652088508
5688,15559932.517123075,4261307.156178882
5689,15560535.20084623,4262047.534992525
5690,15558059.566690482,4254186.313478891
5691,15557155.763744729,4235240.756448597
5692,15539377.3731481,4261196.652088508
5693,15545068.02551745,4271199.745297581
5694,15559597.890733756,4259071.105395533
5695,15559172.650278926,4259361.4330279
5696,15549264.99295934,4256516.472417254
5697,15562235.494748604,4255660.127560447
5698,15551412.234617254,4253843.374622148
5699,15561795.337482018,4249981.909783712
5700,15558048.880019369,4254883.048177587
5701,15554700.278416818,4254736.298596352
5702,15552431.92115292,4251695.010680732
5703,15556637.460195595,4258249.785887696
5704,15557037.208487034,4265147.936405954
5705,15546211.16536841,4246921.130072498
5706,15553258.691011038,4255932.138943258
5707,15559421.115382371,4259333.880357658
5708,15572291.206990948,4249542.822740492
5709,15552040.187864818,4255132.294041274
5710,15554686.808758426,4254293.869429839
5711,15561648.28443468,4253339.056182382
5712,15548605.53629588,4256907.0504272105
5713,15558609.373655513,4256108.36756122
5714,15551357.465427782,4253777.473500262
5715,15555805.680960393,4255950.775739035
5716,15552093.843859382,4259025.733832434
5717,15543317.8604832,4249965.611478344
5718,15558803.626166943,4255136.952896532
5719,15562139.426028054,4249999.0298785055
5720,15558550.04036692,4256975.574323542
5721,15550540.714323835,4257997.453617137
5722,15557789.394286329,4254920.044181052
5723,15562397.353288224,4264235.373377554
5724,15553853.582369843,4257397.005727602
5725,15558011.810628932,4255077.347103935
5726,15556564.211970655,4254683.68297946
5727,15561836.748332588,4249616.6418199055
5728,15558804.85068134,4255822.511375655
5729,15557535.251888843,4256653.241655991
5730,15564529.455495393,4258075.030436077
5731,15542908.98399352,4249255.08373273
5732,15537777.48942642,4259387.889139816
5733,15553911.691144036,4242275.654071715
5734,15560757.83982782,4257478.141703168
5735,15556731.525165318,4252688.723847923
5736,15566010.783959374,4248084.210495741
5737,15558479.797768231,4256299.125222247
5738,15545339.97903346,4246703.836414268
5739,15561822.94471573,4249862.891624677
5740,15554629.479220672,4238433.176451292
5741,15552578.974200258,4254421.430788263
5742,15558569.743916793,4255476.917660931
5743,15551076.161074543,4254094.103932235
5744,15555348.380492212,4260070.01287179
5745,15552355.444662744,4257500.070448564
5746,15559997.193747232,4257775.142884647
5747,15559660.00700962,4241070.219157369
5748,15555852.435146524,4260599.867054418
5749,15547904.66878185,4254580.91883255
5750,15559405.530653665,4259631.891532796
5751,15553802.93200153,4251125.31700897
5752,15552793.709497994,4254580.5077779
5753,15558534.010360235,4259349.644314718
5754,15551405.444128314,4244362.486549642
5755,15552584.76281378,4257179.366928832
5756,15549625.890748492,4253960.928960262
5757,15549807.898115942,4257156.616523631
5758,15558993.537218235,4238173.912427606
5759,15557018.06153462,4260045.74849592
5760,15571069.80953796,4267335.024337054
5761,15551824.895969627,4252514.605191919
5762,15559908.36079358,4248472.70742187
5763,15552431.92115292,4254847.970600972
5764,15555227.376205726,4254277.42768734
5765,15557457.662203765,4257599.709739387
5766,15546391.280304512,4259226.548976139
5767,15551629.641582768,4255299.191917467
5768,15569032.551536957,4251084.087624522
5769,15553166.963750623,4255913.365144328
5770,15556922.549411522,4257389.467787466
5771,15558841.808752287,4259677.813940546
5772,15558413.11739324,4256877.174142834
5773,15558804.85068134,4255822.511375655
5774,15542853.10160914,4247358.605804858
5775,15558762.103996877,4255670.679009379
5776,15550104.230600432,4258728.835744535
5777,15559846.244517714,4255612.303588373
5778,15549075.527186016,4254547.075384816
5779,15561816.26554628,4260653.744998876
5780,15559311.243044963,4252382.956339988
5781,15556119.935882907,4256749.310049826
5782,15543011.731883522,4249881.792005404
5783,15539377.3731481,4261196.652088508
5784,15561843.204863053,4261029.80125579
5785,15552535.114320887,4255524.466980957
5786,15547176.861951038,4254851.533162211
5787,15552837.458057877,4263925.442958366
5788,15539377.3731481,4261196.652088508
5789,15558986.412770832,4255478.562014368
5790,15571589.894198952,4250053.4034771
5791,15559081.92489393,4254580.5077779
5792,15552253.142050706,4255545.43259695
5793,15537004.932160314,4259574.728685858
5794,15556375.525433758,4253756.374264464
5795,15559836.114444057,4249770.855454377
5796,15562075.19468187,4261087.794313039
5797,15561070.536277462,4239555.812493338
5798,15552008.461809944,4253191.505304832
5799,15555639.814919112,4250322.399257332
5800,15546561.376486449,4242048.461607285
5801,15571882.107862284,4249869.739584938
5802,15550309.83769993,4257451.690212554
5803,15542516.916746946,4249402.444602655
5804,15559263.48698341,4259379.253199868
5805,15547702.401267076,4254160.006961384
5806,15562544.851613522,4260875.840093465
5807,15552480.901728868,4263534.339778304
5808,15551644.558394538,4255294.670020262
5809,15555221.81023118,4254102.735699325
5810,15551237.574336195,4256285.969414664
5811,15551624.409566706,4260855.138446352
5812,15545405.100935576,4260321.570451439
5813,15562163.248399086,4260884.203021631
5814,15536598.28206045,4257553.110783334
5815,15556020.638897115,4254195.767399069
5816,15540123.213736417,4253096.290149478
5817,15552515.188132033,4257655.217578579
5818,15559908.36079358,4248472.70742187
5819,15548615.55505005,4255047.475817407
5820,15563436.40941529,4260810.033668918
5821,15559273.617057076,4259237.103867312
5822,15550180.707090609,4236360.877257731
5823,15561988.922076508,4258961.309277879
5824,15558494.26930203,4257037.24619739
5825,15559755.964410678,4262116.091124351
5826,15551174.45618492,4253952.160294713
5827,15557163.778748076,4257368.087476443
5828,15558478.016656376,4257942.629342086
5829,15557534.02737445,4258001.017204532
5830,15569916.87357182,4248370.001571879
5831,15551407.002601186,4253801.175937058
5832,15558375.046127392,4255475.821425442
5833,15552761.426845666,4263510.204837489
5834,15551481.252701549,4256747.254369226
5835,15553638.179155154,4255629.158431459
5836,15558364.470775766,4255285.489204414
5837,15559737.5966947,4249558.435639725
5838,15554746.587324984,4257386.726719609
5839,15556324.652426472,4261847.627768316
5840,15558315.15624134,4266394.708003644
5841,15557994.444788368,4254320.176269232
5842,15551445.630464489,4253578.128448173
5843,15565335.408608733,4257031.216043276
5844,15558069.140166689,4260583.2787331445
5845,15553216.166965555,4250521.000179499
5846,15558432.15302617,4255994.490112556
5847,15552393.627248088,4258946.916610134
5848,15558804.85068134,4255822.511375655
5849,15570540.04008128,4249693.474451543
5850,15558680.618129622,4255707.951741638
5851,15555947.947269622,4249698.952734642
5852,15551947.01345102,4255031.992109242
5853,15554574.376072727,4254029.845435757
5854,15554752.487258,4257255.704477721
5855,15559255.1380216,4261739.860370671
5856,15556247.619338838,4258647.6904865485
5857,15554579.608088795,4254006.690547654
5858,15562550.640227044,4261180.748366008
5859,15551379.72932594,4253893.520024487
5860,15556249.400450692,4254508.984504099
5861,15559301.669568758,4261708.188474997
5862,15571598.46579974,4250280.898967997
5863,15555026.55584433,4250695.361062644
5864,15542118.059011435,4249843.854317654
5865,15561972.224152884,4258994.755169444
5866,15537937.56685418,4259921.548635911
5867,15550108.349421594,4257934.953965519
5868,15559274.396293512,4261830.763334405
5869,15553095.385318046,4259625.585784409
5870,15544137.171935445,4259990.502688542
5871,15565560.051341156,4247223.595780583
5872,15551240.134684486,4256145.778822969
5873,15558896.24398329,4259701.803334751
5874,15557897.15155341,4256651.460081765
5875,15559488.463674309,4248423.682375988
5876,15555787.981161358,4251039.98194332
5877,15562056.604326904,4261339.238220902
5878,15558805.295959309,4256271.717307639
5879,15558432.15302617,4255583.664117813
5880,15556859.765218714,4253512.639938414
5881,15551526.5597343,4251620.903622799
5882,15552126.12651171,4257695.238220192
5883,15558145.50533738,4260485.257348736
5884,15565024.938548904,4256013.675159239
5885,15544117.134427097,4266045.625036628
5886,15552587.768440034,4254345.250034408
5887,15549125.954915335,4271912.524783216
5888,15568910.322736064,4255432.794269329
5889,15551685.301328173,4255491.031702652
5890,15551162.656318894,4252432.821067403
5891,15571839.695136288,4249284.802261532
5892,15539377.3731481,4261196.652088508
5893,15552642.09235154,4257227.06070301
5894,15550699.567237193,4255074.606615534
5895,15560609.450946592,4242572.2431266215
5896,15555862.008622736,4258685.384577084
5897,15560515.052018398,4264498.135436723
5898,15555407.379822334,4258062.146615309
5899,15559851.142575312,4261646.216026977
5900,15554896.979957048,4254423.486031777
5901,15551280.543659642,4255526.385401665
5902,15551318.726244986,4257704.832231388
5903,15558143.05630858,4253235.208653564
5904,15541202.122241186,4261681.863852362
5905,15557962.830052985,4254346.346156603
5906,15562102.913235076,4261379.820767971
5907,15555842.861670315,4249521.320801685
5908,15551419.13642568,4258048.851624686
5909,15559351.763339614,4249512.281782688
5910,15551897.476277618,4252839.144870155
5911,15571223.096476786,4250617.699587869
5912,15537004.932160314,4259574.728685858
5913,15562101.132123228,4261348.698328196
5914,15550368.057793614,4252545.291520279
5915,15558568.296763409,4250624.821957671
5916,15554979.356380232,4250826.167790345
5917,15551531.346472405,4255303.028680193
5918,15560665.110691993,4257181.14858907
5919,15558417.904131344,4255576.538519562
5920,15562903.745651845,4261861.064490388
5921,15552317.262077402,4258622.058579233
5922,15560591.528508574,4259376.922868037
5923,15537004.932160314,4259574.728685858
5924,15537765.578240909,4261068.051961123
5925,15564184.031115452,4246879.505748769
5926,15559384.936547866,4261682.000959607
5927,15552134.364154032,4255006.91676994
5928,15550408.912046736,4257981.691609902
5929,15551630.977416664,4253692.939794096
5930,15554483.762007222,4263905.558342344
5931,15565961.24678597,4269992.078752746
5932,15552420.009967403,4254850.848054191
5933,15553344.407018954,4256414.924419652
5934,15542824.937777968,4249908.088241559
5935,15559597.890733756,4259071.105395533
5936,15550747.8798962,4243449.328685063
5937,15554732.783708122,4254704.646983989
5938,15556368.400986351,4254437.18766507
5939,15558146.173254322,4253222.604535077
5940,15559718.449742282,4259175.008355239
5941,15556922.549411522,4256840.171518458
5942,15559385.49314532,4261287.413430613
5943,15555888.16870307,4255373.872005306
5944,15571518.983683318,4267625.846080851
5945,15550757.676011393,4258095.315631466
5946,15556760.134274457,4253594.021116341
5947,15560438.686847718,4259071.105395533
5948,15553980.59790884,4250576.3351471685
5949,15551569.52905774,4257777.746991599
5950,15559210.832864264,4254721.363408543
5951,15555268.23045884,4246572.668163618
5952,15561757.154896673,4249784.003431339
5953,15551041.206754437,4235951.3339359965
5954,15558604.141639443,4257389.467787466
5955,15559682.38222727,4261452.348735946
5956,15551379.72932594,4253893.520024487
5957,15563801.871303568,4260816.065908003
5958,15551445.407825513,4252397.20338178
5959,15558069.140166689,4254398.960151033
5960,15560818.286311325,4257154.423715993
5961,15560056.527035823,4256333.3852121
5962,15552316.148882495,4257546.669178561
5963,15551966.049083944,4256425.750679481
5964,15558373.710293502,4253135.33511297
5965,15571732.271827675,4249879.60065524
5966,15551558.619747652,4253562.646819484
5967,15561919.570033742,4260038.619988953
5968,15572515.73840388,4266542.848746403
5969,15561685.576464094,4258921.969364269
5970,15556686.440771548,4253602.515482931
5971,15554151.695966184,4254692.726270604
5972,15547597.204348275,4254097.940272323
5973,15566075.905861488,4269046.182667346
5974,15559855.37271596,4255544.88447576
5975,15555888.16870307,4255373.872005306
5976,15555857.221884629,4255650.535342981
5977,15562086.8832284,4261249.573262816
5978,15559349.314310811,4259348.2735349415
5979,15551265.62684788,4256049.578694173
5980,15537029.867726248,4256835.374891131
5981,15561804.46568026,4249800.849299895
5982,15558679.95021267,4259077.273749469
5983,15551583.555313583,4253726.095562105
5984,15554932.824833084,4250022.861095027
5985,15559274.396293512,4261830.763334405
5986,15552833.227917232,4251565.974315847
5987,15564252.158643823,4260623.721378738
5988,15553615.469979033,4254740.409202078
5989,15561789.994146455,4249981.909783712
5990,15561821.608881837,4261279.324398226
5991,15556348.697436482,4255885.547092756
5992,15552642.09235154,4257227.06070301
5993,15558384.396964615,4255378.256907047
5994,15557075.39107238,4261517.199292705
5995,15560901.330651456,4261061.196986161
5996,15555071.083640646,4250863.287052234
5997,15550959.275609218,4254960.328860459
5998,15554794.899983987,4254714.9234714685
5999,15556112.47747702,4258605.47325946
6000,15562095.454829196,4261287.6876352085
6001,15551385.0726615,4259072.88736409
6002,15536507.556675453,4257375.214242139
6003,15556561.095024912,4248983.923001825
6004,15556822.25055032,4260092.769341054
6005,15551457.31901102,4253873.379630356
6006,15558414.00794917,4250703.716210037
6007,15554566.695027858,4253994.496573024
6008,15557075.39107238,4261517.199292705
6009,15559101.071846344,4255746.183830591
6010,15559731.585442197,4257781.310507381
6011,15559423.230452698,4249625.407012668
6012,15559274.396293512,4261830.763334405
6013,15555375.98772593,4249972.459502853
6014,15552074.919545949,4254189.3277713945
6015,15550535.0370298,4258094.9044447
6016,15559084.373922726,4254450.341249179
6017,15543809.447354546,4249790.577425738
6018,15545347.103480875,4265612.475914231
6019,15558142.499711124,4253220.001512417
6020,15553559.253636183,4251609.26023047
6021,15558012.03326791,4257341.0880408455
6022,15558871.75369531,4256758.903231078
6023,15555281.588797731,4259952.529925814
6024,15559572.287250873,4257555.303670931
6025,15556156.67131486,4257059.311107857
6026,15551635.541515784,4258281.447762543
6027,15551221.544329522,4258296.387813252
6028,15559129.235677514,4273943.392109913
6029,15547557.574609555,4260288.53176871
6030,15557839.82201566,4255898.976488133
6031,15555417.064618029,4250827.948416269
6032,15564945.01115452,4261099.173601533
6033,15571720.249322668,4250616.1929333145
6034,15557151.867562557,4256701.618359377
6035,15557495.844789105,4254962.658251219
6036,15558011.58798995,4254365.117266205
6037,15551018.942856282,4257728.680238546
6038,15559274.396293512,4261830.763334405
6039,15547476.645339748,4245717.785387088
6040,15562226.032591892,4250146.811649692
6041,15559521.41424358,4258612.463763076
6042,15555896.962942846,4259488.505196944
6043,15558170.997500768,4254384.847518317
6044,15560488.780618576,4257002.572856625
6045,15559274.396293512,4261830.763334405
6046,15559431.022817057,4252153.773303203
6047,15559728.691135436,4249067.050855598
6048,15552631.405680416,4249887.544301664
6049,15552928.072123384,4254493.364541
6050,15558298.458317729,4256778.089618831
6051,15552642.09235154,4257227.06070301
6052,15565903.917248216,4269963.401556342
6053,15560677.578474954,4239312.120245304
6054,15551532.570986798,4255839.229508704
6055,15557534.02737445,4259854.651282934
6056,15561166.04840056,4239128.225805166
6057,15559577.63058643,4258574.358719184
6058,15537004.932160314,4259574.728685858
6059,15558976.83929462,4249006.930318295
6060,15552078.37045016,4250079.015316091
6061,15558415.232463565,4256851.546385956
6062,15559726.798704091,4261204.192654683
6063,15554527.28792812,4253922.429090387
6064,15545347.103480875,4265612.475914231
6065,15562079.202183535,4261306.4706661925
6066,15560468.52047125,4249346.978614962
6067,15560521.063270902,4252322.543609239
6068,15551976.290477104,4255143.530107339
6069,15542936.034629775,4255043.091048267
6070,15561905.321138917,4258975.56489128
6071,15559263.709622392,4259385.284649272
6072,15556743.436350832,4256260.343043244
6073,15559695.740566162,4249569.118162548
6074,15569505.9933313,4269103.532314087
6075,15543759.019625211,4249567.337741357
6076,15550706.46904562,4251308.454058645
6077,15554839.42778031,4254897.161453033
6078,15547846.893966123,4246658.926857279
6079,15550963.951027833,4257964.284897882
6080,15556788.743383586,4260275.096980231
6081,15551562.404610336,4253801.723970889
6082,15551648.231937734,4241910.642930565
6083,15542402.480310408,4249865.0829714965
6084,15556682.321950383,4258696.487224897
6085,15562324.105063288,4261753.022743926
6086,15552169.875071593,4253781.857762161
6087,15560972.575125562,4239104.555092998
6088,15554885.95932746,4254299.62404555
6089,15550409.468644189,4257978.813332773
6090,15550521.010773962,4258230.322789361
6091,15552154.84694034,4253964.902264156
6092,15559072.351417718,4255535.977510253
6093,15556922.549411522,4256840.171518458
6094,15557666.942846457,4252423.505661505
6095,15559459.297967715,4259221.065919811
6096,15555786.86796645,4248699.074516273
6097,15556624.213176196,4258162.613407356
6098,15571722.69835147,4249287.267396577
6099,15559459.186648222,4261270.686963472
6100,15540392.384265156,4254834.268453156
6101,15571388.294601131,4250242.685969411
6102,15553216.27828505,4256824.411179433
6103,15537844.392440388,4260063.569783679
6104,15551260.28351232,4256171.404925936
6105,15561850.99722741,4249651.702633059
6106,15561145.67693374,4239254.789728242
6107,15558012.03326791,4255262.605711893
6108,15556342.240906011,4252842.158791547
6109,15551987.979023635,4243466.712332182
6110,15558260.164412891,4258765.433549538
6111,15561804.020402296,4249798.521007573
6112,15556103.794556735,4252148.704754723
6113,15550540.714323835,4257997.453617137
6114,15551833.801528886,4253275.898135152
6115,15558929.08323307,4254408.5512710335
6116,15554750.706146143,4254316.47686612
6117,15554701.057653248,4254236.460453108
6118,15562912.428572126,4266246.706435728
6119,15552527.433276018,4250185.298240023
6120,15558450.075464182,4255575.305243413
6121,15554591.18531584,4254002.4432066325
6122,15562454.682825986,4260878.3078420935
6123,15567939.171498384,4255430.875865036
6124,15557534.02737445,4257083.842954988
6125,15559101.071846344,4255507.338239551
6126,15549834.61479373,4262478.760219392
6127,15559695.740566162,4259115.654696618
6128,15549143.54339489,4250764.530917637
6129,15557075.39107238,4256625.14763469
6130,15557111.235948415,4260185.440753469
6131,15559439.371778868,4261292.760421419
6132,15551301.91700188,4258391.785315719
6133,15564117.239420982,4259061.647259593
6134,15556463.913109452,4258153.841372355
6135,15551128.7038742,4254235.090314144
6136,15558986.412770832,4255211.083772231
6137,15551079.278020293,4253966.683400853
6138,15559330.27867789,4261603.164577527
6139,15547696.390014578,4251586.384425148
6140,15556559.53655204,4256168.938239616
6141,15551419.13642568,4253624.984484412
6142,15564115.680948112,4261044.059567571
6143,15557354.802994274,4259585.969317996
6144,15536903.186145728,4258955.278062423
6145,15562262.879343348,4250017.65657205
6146,15539755.63677782,4260288.120499428
6147,15562226.032591892,4250146.811649692
6148,15555888.16870307,4255373.872005306
6149,15549829.494097156,4257131.53631251
6150,15536461.804364735,4248899.974096355
6151,15564394.313633569,4251771.446951921
6152,15551900.59322336,4258213.601000154
6153,15557875.666891694,4254869.483007665
6154,15560897.323149782,4260141.298355465
6155,15551497.282708222,4253897.493303897
6156,15550290.802067,4257442.644639773
6157,15551279.98706219,4258503.357588848
6158,15550268.9834468,4257469.370217323
6159,15555230.827109937,4237237.466230587
6160,15558689.3010499,4256868.129045312
6161,15545154.63208129,4250037.789872033
6162,15559005.448403755,4255430.875865036
6163,15559662.344718928,4261931.401886842
6164,15561080.66635112,4259072.201991532
6165,15558799.507345784,4256956.79873324
6166,15555028.67091466,4252009.252098351
6167,15562074.8607234,4261355.964792985
6168,15555054.608356012,4250854.109953635
6169,15553893.212108564,4254942.926956937
6170,15551583.666633071,4252118.156525749
6171,15552131.803805742,4246207.376970244
6172,15555623.11699549,4257160.179836982
6173,15558413.006073752,4253111.497118696
6174,15561888.6232153,4249688.543999097
6175,15556145.316726806,4250104.627214998
6176,15559005.448403755,4255430.875865036
6177,15552569.734682528,4257272.561853893
6178,15560960.107342595,4243022.000768625
6179,15559674.255904442,4259376.922868037
6180,15556215.559325494,4256112.75275744
6181,15549383.993495002,4246516.395000973
6182,15553303.218807362,4251183.257569175
6183,15556540.389599629,4258803.676330627
6184,15554861.691678466,4251213.392260732
6185,15551258.61371996,4253846.799847234
6186,15555490.646801447,4250891.503254331
6187,15558105.65295967,4255482.261810508
6188,15562187.182089608,4250056.41663152
6189,15554691.59549653,4254293.869429839
6190,15556769.70775066,4252650.50244221
6191,15558315.15624134,4255990.927179021
6192,15559334.063540574,4254759.455028776
6193,15559602.67747186,4257413.452160482
6194,15559281.29810194,4259385.284649272
6195,15551024.84278929,4260664.027079529
6196,15543921.2121233,4264826.322608627
6197,15551809.645199388,4255174.360835707
6198,15561174.397362372,4239063.781384869
6199,15556311.071448592,4257313.129304701
6200,15554174.5164618,4236726.387744038
6201,15559387.274257174,4261672.540563723
6202,15559428.239829784,4259176.242037474
6203,15558146.173254322,4253222.604535077
6204,15559623.382897148,4260892.0175668495
6205,15559146.044920633,4263199.19798534
6206,15550453.21720407,4272098.618124209
6207,15561888.6232153,4249688.543999097
6208,15551495.501596369,4256761.507096011
6209,15550442.30789397,4257211.29980635
6210,15561782.313101592,4257195.264830444
6211,15561699.825358914,4261130.158230262
6212,15564620.626158351,4258008.281443971
6213,15551519.435286883,4258422.625203628
6214,15561714.853490172,4249863.576420509
6215,15537574.442675209,4259376.922868037
6216,15550491.177150432,4251121.755660663
6217,15559904.4646114,4257912.201988067
6218,15550344.23542258,4256782.200992014
6219,15563056.587312702,4262033.1382594975
6220,15557075.39107238,4256625.14763469
6221,15546598.779835356,4246442.3229818
6222,15545347.103480875,4265612.475914231
6223,15574025.342018528,4256888.823143089
6224,15553232.196972232,4261729.851493284
6225,15569085.650934068,4251661.587102652
6226,15546680.043063631,4268243.593638865
6227,15550629.324638505,4252417.752032415
6228,15559274.396293512,4261830.763334405
6229,15551492.050692154,4258920.324492912
6230,15559639.635542806,4259284.943696667
6231,15551085.845870247,4253882.970289605
6232,15554965.775402358,4250618.247462303
6233,15557837.59562584,4256416.020749271
6234,15555852.435146524,4259376.922868037
6235,15559497.48055306,4259204.890919666
6236,15556607.515252575,4263994.285150022
6237,15558138.714848436,4253231.372615964
6238,15555888.16870307,4255373.872005306
6239,15563262.08309271,4252068.841179086
6240,15557075.39107238,4256625.14763469
6241,15551634.094362406,4255348.384798748
6242,15557927.875732876,4256462.614859793
6243,15563788.95824263,4264621.427329569
6244,15551746.304409122,4253884.203374973
6245,15559932.517123075,4261307.156178882
6246,15551030.96536129,4256449.732938795
6247,15558704.551820138,4255672.049328171
6248,15551269.300391076,4256092.745313972
6249,15554872.489669068,4250818.90831842
6250,15562437.984902363,4260747.929219235
6251,15546286.306024697,4239447.443346235
6252,15552056.329190986,4255034.321515263
6253,15558718.80071496,4255268.360837241
6254,15562070.073985295,4260837.590060965
6255,15550695.559735524,4253503.186608503
6256,15564194.27250861,4261492.520388529
6257,15551930.315527404,4251042.8583953725
6258,15549163.35826425,4260276.604965869
6259,15563827.029508485,4260726.542338134
6260,15556999.025901696,4260007.50136876
6261,15573033.596675046,4263020.661015635
6262,15540163.734031068,4259876.858965359
6263,15554079.115658188,4255354.139969233
6264,15559236.54766664,4252499.536044315
6265,15553280.9549092,4251155.862467026
6266,15554629.479220672,4258153.841372355
6267,15557534.02737445,4258001.017204532
6268,15561628.246926336,4267833.953000349
6269,15551628.083109902,4258132.459566526
6270,15552214.068909438,4252152.129449386
6271,15554182.865423605,4262394.981903473
6272,15558069.140166689,4254867.153636746
6273,15551746.193089629,4263619.772412094
6274,15547789.78706735,4254221.6629614
6275,15564131.822274275,4261066.818065315
6276,15563075.734265115,4267765.909694865
6277,15562038.013971943,4255559.5467270855
6278,15560809.38075206,4256950.357479758
6279,15559858.378342217,4254419.238528937
6280,15554683.580493197,4255212.454033441
6281,15550544.83314499,4258665.098286755
6282,15559311.243044963,4252382.956339988
6283,15560782.66407427,4239016.029818697
6284,15562257.86996626,4250089.424422857
6285,15547696.390014578,4254554.748384031
6286,15559730.360927802,4260979.623114192
6287,15561926.80580064,4259042.456863986
6288,15559321.039160157,4249286.993492658
6289,15559445.605670348,4262469.710484922
6290,15549052.038773453,4253930.101651509
6291,15558725.925162371,4254809.467609257
6292,15554626.028316457,4253951.886274028
6293,15552423.683510602,4255263.975979561
6294,15552535.114320887,4255524.466980957
6295,15552169.875071593,4253781.857762161
6296,15563662.721940076,4260956.4535036255
6297,15556119.935882907,4256749.310049826
6298,15556119.935882907,4256749.310049826
6299,15558260.164412891,4258765.433549538
6300,15550391.991484135,4240831.419724506
6301,15551245.923298009,4257915.628487666
6302,15557075.39107238,4256625.14763469
6303,15561914.894615129,4250175.847783602
6304,15550922.20621878,4255879.928677139
6305,15546066.783988854,4243698.314418762
6306,15551314.60742383,4253942.158544148
6307,15554319.899716772,4255308.235717481
6308,15551240.023364993,4236414.909665407
6309,15545007.912992423,4239444.1594494
6310,15537004.932160314,4259574.728685858
6311,15557139.956377037,4263991.816697399
6312,15568847.649862751,4251957.334520075
6313,15551451.975675464,4258220.591253186
6314,15563827.029508485,4260726.542338134
6315,15568158.804853722,4259166.646734866
6316,15556192.850149373,4258638.780993237
6317,15553476.98853249,4270539.566959608
6318,15552938.313516537,4256854.424366355
6319,15542232.161489492,4249769.622832346
6320,15561623.460188229,4258660.300858737
6321,15558685.404867724,4261853.24925207
6322,15559954.892340733,4261132.900237035
6323,15556368.400986351,4254437.18766507
6324,15557997.450414617,4256982.2896884885
6325,15558967.265818411,4254217.415536919
6326,15556387.436619278,4253745.13962304
6327,15559387.274257174,4261672.540563723
6328,15561804.354360769,4249798.521007573
6329,15559956.116855128,4250013.41077882
6330,15559540.561196,4260131.702205576
6331,15557130.38290083,4238308.947859071
6332,15559805.724223064,4247864.155079686
6333,15555796.775401134,4251636.656467427
6334,15551634.094362406,4255304.261925645
6335,15559158.401384104,4255354.414025044
6336,15543921.2121233,4264826.322608627
6337,15571922.628156932,4249020.214326602
6338,15537004.932160314,4259574.728685858
6339,15542680.89035688,4249271.10707695
6340,15558666.2579153,4255660.127560447
6341,15552624.837830463,4239298.847998709
6342,15561905.432458404,4261426.710249909
6343,15555078.764685515,4250860.958533951
6344,15556807.890336003,4257169.773378702
6345,15562854.653756404,4262061.246184473
6346,15542835.401810098,4249181.814893372
6347,15562164.472913489,4257591.34932383
6348,15559836.671041502,4261268.7675344525
6349,15551672.499586727,4258139.312704865
6350,15550232.581973312,4257905.486051966
6351,15555852.435146524,4259376.922868037
6352,15571450.74483546,4250235.7008120455
6353,15556453.783035792,4253757.333319753
6354,15552183.456049472,4257656.999316358
6355,15561291.2828277,4253786.653050619
6356,15558957.6923422,4258173.0302080605
6357,15559737.70801419,4247874.014344104
6358,15555445.451088184,4244420.1175626265
6359,15547779.100396238,4259074.395183866
6360,15551305.367906095,4236308.896964694
6361,15551457.31901102,4253873.379630356
6362,15556419.8305911,4254408.140222859
6363,15550456.222830324,4240496.972412176
6364,15536244.39739922,4238127.94329822
6365,15552409.54593527,4256372.03060947
6366,15562158.461660976,4261204.192654683
6367,15558001.12395782,4257222.263905969
6368,15562883.151546046,4268311.777113217
6369,15559742.27211331,4259333.194968734
6370,15562495.871037578,4260752.453372524
6371,15559741.158918403,4249074.172216735
6372,15566337.284025874,4264057.77942861
6373,15557658.259926174,4253417.421988559
6374,15543056.370999329,4247328.481720124
6375,15559406.755168064,4261698.728056436
6376,15562015.193476336,4260943.840481837
6377,15562495.871037578,4260752.453372524
6378,15562630.011023983,4261487.995928809
6379,15559332.727706686,4238588.464169768
6380,15551576.764824646,4255516.79330149
6381,15558105.875598654,4255710.966453478
6382,15541356.7450139,4253451.398946081
6383,15556175.150350332,4258661.397413525
6384,15550466.01894551,4258017.738668584
6385,15553997.741110416,4257101.79646458
6386,15547794.351166466,4246771.474935973
6387,15555471.722488012,4250876.436341249
6388,15556282.351019967,4259376.922868037
6389,15557044.889531905,4260441.936289771
6390,15549061.500930171,4255966.808890224
6391,15558143.167628068,4253224.933555876
6392,15546350.314731902,4253741.988445204
6393,15550410.136561131,4257978.950393571
6394,15558680.618129622,4256773.8412015
6395,15560285.84518686,4256357.641349809
6396,15553494.799651012,4248813.013021356
6397,15552431.92115292,4254847.970600972
6398,15560820.846659608,4246994.109942906
6399,15559018.250145197,4260986.340939463
6400,15551314.273465354,4257866.42405642
6401,15560257.124758234,4254523.097296956
6402,15560467.295956856,4238667.271817483
6403,15559274.396293512,4261830.763334405
6404,15558384.396964615,4255378.256907047
6405,15559420.55878492,4261667.741815319
6406,15551507.635420864,4253445.507772499
6407,15561972.224152884,4261256.70255977
6408,15563827.029508485,4260726.542338134
6409,15558986.412770832,4259434.221759513
6410,15558689.523688884,4256865.799248679
6411,15560691.82736978,4254757.262701711
6412,15556868.782097468,4252411.587433173
6413,15544085.408372222,4245915.755187876
6414,15537926.212266125,4259144.851721668
6415,15557901.047735594,4269491.404943564
6416,15557954.481091175,4256615.554570776
6417,15551698.548347574,4255552.695205328
6418,15543135.853115752,4250771.790353506
6419,15557535.251888843,4255994.901220348
6420,15559117.769769968,4254383.614376516
6421,15551878.885922655,4252553.648079964
6422,15558069.140166689,4254867.153636746
6423,15558100.420943605,4262129.8024023445
6424,15537655.817222986,4250121.1996521
6425,15564790.054423336,4259682.611815176
6426,15552008.795768414,4254872.086422809
6427,15559594.55114903,4259239.434169337
6428,15551024.84278929,4260664.027079529
6429,15552011.467436193,4258550.371799246
6430,15551389.74808011,4253955.311533086
6431,15537004.932160314,4259574.728685858
6432,15557013.386116004,4258244.714513666
6433,15560949.86594944,4256233.483381507
6434,15539349.543275405,4246751.62148043
6435,15559148.827907898,4255277.952719555
6436,15552112.100255871,4255006.91676994
6437,15557534.02737445,4256328.999927409
6438,15559636.073319098,4249535.564119488
6439,15562034.785706714,4261157.304127636
6440,15542903.41801898,4255022.811513865
6441,15552873.859531363,4249109.368242665
6442,15551174.45618492,4253952.160294713
6443,15552393.627248088,4258946.916610134
6444,15558558.055370254,4256963.377038585
6445,15563395.777801145,4260939.042053456
6446,15555890.951690337,4258347.513095392
6447,15554579.608088795,4253983.809730032
6448,15551373.71807344,4253848.717973752
6449,15554686.808758426,4256481.800727714
6450,15556379.310296455,4258643.167204423
6451,15552700.535084208,4251649.121777941
6452,15572001.219717432,4249280.830656242
6453,15564394.313633569,4251771.446951921
6454,15549360.505082443,4256466.452030686
6455,15551323.512983097,4255220.675604312
6456,15565903.917248216,4269963.401556342
6457,15559148.827907898,4255277.952719555
6458,15562131.744983194,4261217.902788326
6459,15572305.567205258,4249516.52738159
6460,15559274.396293512,4261830.763334405
6461,15559521.41424358,4258612.463763076
6462,15556434.970041843,4253732.671924723
6463,15562353.493408851,4256313.240325067
6464,15558146.173254322,4253222.604535077
6465,15558219.42147926,4253770.623094569
6466,15558846.929448863,4258734.592694502
6467,15560368.221610043,4255034.321515263
6468,15562515.57458745,4260837.590060965
6469,15554982.807284446,4250856.986356843
6470,15560610.675460992,4262816.622337746
6471,15559072.351417718,4255535.977510253
6472,15555108.820948023,4251799.117561622
6473,15559405.641973156,4259427.779046203
6474,15559731.585442197,4257781.310507381
6475,15554765.622957911,4254814.537390455
6476,15551904.378086053,4242715.134303259
6477,15561398.928775305,4236077.998007066
6478,15551618.62095318,4257683.999532068
6479,15556922.549411522,4256840.171518458
6480,15571732.271827675,4249879.60065524
6481,15551634.873598836,4251360.505536975
6482,15560801.699707195,4259243.135238277
6483,15558415.232463565,4256851.546385956
6484,15544257.063027024,4252748.453623812
6485,15553355.093690066,4255970.645887156
6486,15550998.682708956,4260671.567278155
6487,15550965.175542228,4255234.104183366
6488,15551673.835420616,4246401.385056698
6489,15561355.95945185,4237936.27052203
6490,15558023.276536489,4258522.684105671
6491,15556825.701454528,4256242.939071231
6492,15559005.448403755,4253949.831119106
6493,15550374.514324076,4257644.390101403
6494,15562046.251614256,4261263.968963382
6495,15557770.803931369,4258985.845393253
6496,15556786.071715808,4251715.83197769
6497,15539377.3731481,4261196.652088508
6498,15557628.871580608,4255803.189630768
6499,15543450.553316224,4274740.772562365
6500,15561212.023350256,4261195.555279319
6501,15561097.69823321,4239426.919007149
6502,15551203.399252526,4251654.875002964
6503,15538104.32345139,4260082.487797866
6504,15558069.140166689,4260583.2787331445
6505,15559362.672649706,4261670.483957004
6506,15550683.42591103,4252466.52098437
6507,15556803.54887586,4260199.012520366
6508,15561876.600710295,4261244.774700173
6509,15557534.02737445,4256328.999927409
6510,15559349.759588778,4259483.981566859
6511,15553596.32302662,4255262.742738652
6512,15543197.078835692,4247472.256506786
6513,15561758.490730563,4249902.335934505
6514,15556376.861267654,4253731.43885643
6515,15550259.743929071,4241318.740307018
6516,15555381.55370047,4250946.977067598
6517,15559908.36079358,4248472.70742187
6518,15564529.455495393,4258075.030436077
6519,15552154.735620849,4251987.197371425
6520,15561334.252151148,4259701.529169947
6521,15558570.745792205,4256913.217560296
6522,15551497.06006924,4254589.82502041
6523,15554839.650419287,4248284.00328107
6524,15545475.23221478,4239159.285140812
6525,15560056.527035823,4256333.3852121
6526,15573726.560505236,4263510.204837489
6527,15554218.598980151,4267911.59970994
6528,15558069.140166689,4260370.511754245
6529,15562020.091533927,4261424.516585451
6530,15573416.090445418,4271210.448996183
6531,15541325.798195455,4245647.962866641
6532,15551713.57647883,4253235.071652196
6533,15559864.500914205,4261082.447422542
6534,15571396.309604466,4250302.676327932
6535,15559081.92489393,4255067.755397536
6536,15536647.59659487,4259911.952678974
6537,15549787.304010147,4240400.772803217
6538,15554861.135081012,4244024.509345545
6539,15550554.51794069,4257653.572897812
6540,15559567.389193276,4259224.62990611
6541,15566706.53077683,4262969.37674204
6542,15558762.103996877,4259622.844155811
6543,15562088.1077428,4261031.720642827
6544,15556192.850149373,4258638.780993237
6545,15559387.274257174,4261672.540563723
6546,15552361.78987372,4259625.448702963
6547,15552093.509900903,4259008.599605328
6548,15561881.3874484,4261349.932255841
6549,15551696.099318773,4258007.322015843
6550,15551514.31459031,4257083.9800045695
6551,15550540.714323835,4257997.453617137
6552,15551850.276813528,4261300.986566217
6553,15557116.245325502,4258815.053241143
6554,15558508.629516345,4256911.847085979
6555,15559101.071846344,4255746.183830591
6556,15559464.084705826,4259287.274008889
6557,15554581.83447861,4253992.578420949
6558,15558680.618129622,4256797.138994259
6559,15551258.61371996,4254212.20901884
6560,15554612.002060613,4258187.14773012
6561,15555320.884577988,4271245.441930295
6562,15562034.34042875,4261416.838763307
6563,15547267.03073858,4242150.697633669
6564,15557648.12985251,4253323.985899384
6565,15547086.025246557,4241498.155276659
6566,15557079.73253252,4255433.205356006
6567,15561945.952753054,4261403.676795042
6568,15560486.442909269,4258507.469610842
6569,15562262.879343348,4250017.65657205
6570,15552126.12651171,4257695.238220192
6571,15551697.65779165,4253629.916710428
6572,15556686.440771548,4253602.515482931
6573,15540256.574486388,4259853.96586135
6574,15558804.85068134,4255822.511375655
6575,15546532.767377311,4260205.044422176
6576,15556521.242647214,4253491.267204165
6577,15555106.037960753,4256797.138994259
6578,15551815.211173927,4258574.632855717
6579,15557382.07626951,4257132.084513231
6580,15539377.3731481,4261196.652088508
6581,15558036.300916905,4261094.923504446
6582,15562321.878673462,4265018.32970632
6583,15551258.61371996,4254394.849673602
6584,15551809.645199388,4255494.183384357
6585,15563555.632589929,4260794.404701323
6586,15560056.527035823,4256333.3852121
6587,15557889.58182804,4254974.442235618
6588,15551419.13642568,4258048.851624686
6589,15559664.793747718,4259434.221759513
6590,15556368.400986351,4254437.18766507
6591,15544686.756261488,4269293.693825873
6592,15544947.35518943,4243143.955883959
6593,15561778.973516868,4249832.486732842
6594,15550941.3531712,4257943.725824893
6595,15551361.806887928,4255077.347103935
6596,15553482.888465498,4256115.219431088
6597,15562805.784499943,4261531.458240526
6598,15558069.140166689,4260583.2787331445
6599,15557406.232599018,4257800.361630689
6600,15559692.62362042,4260597.673555945
6601,15559199.36695672,4259671.234001624
6602,15559533.436748585,4257912.201988067
6603,15555888.16870307,4255373.872005306
6604,15537004.932160314,4259574.728685858
6605,15559305.788389914,4249498.58631358
6606,15554874.048141943,4255272.471642919
6607,15541933.825254166,4253447.69983672
6608,15558069.140166689,4255937.209244845
6609,15554448.251089662,4255123.935511808
6610,15553967.350889426,4239926.355494671
6611,15547605.998588046,4260360.50413108
6612,15564117.239420982,4259061.647259593
6613,15552794.934012394,4256166.608591938
6614,15555112.717130205,4249806.738512089
6615,15551721.257523697,4258471.558004315
6616,15554314.111103255,4254554.200312479
6617,15559636.073319098,4249535.564119488
6618,15561562.568426766,4239034.501030242
6619,15550983.431938725,4254984.718976557
6620,15540160.283126848,4253051.354363934
6621,15555062.066761892,4250878.627890956
6622,15555183.62764584,4255621.895772313
6623,15564547.155294422,4266676.588643659
6624,15559003.110694444,4249051.027809979
6625,15555359.735080274,4256033.134312398
6626,15557954.481091175,4256615.554570776
6627,15558170.997500768,4254384.847518317
6628,15550461.120887917,4241675.657185852
6629,15552420.232606389,4252179.390057114
6630,15563004.044513045,4266178.5358602125
6631,15551384.73870303,4251460.088923457
6632,15559413.990934968,4261675.419813777
6633,15559231.204331083,4261742.465422453
6634,15559659.561731655,4260996.486234431
6635,15536819.58520815,4246898.537903479
6636,15551484.81492525,4253492.363240804
6637,15551379.72932594,4253893.520024487
6638,15556620.428313509,4258163.435785998
6639,15572037.955149395,4249440.106853226
6640,15559551.915784054,4260905.041821307
6641,15560543.88376652,4249219.202482851
6642,15551402.104543597,4253383.582139763
6643,15550540.714323835,4257997.453617137
6644,15563935.00941455,4260708.308684098
6645,15550953.709634673,4236153.641502594
6646,15561629.916718695,4253344.399287697
6647,15564763.226426054,4259836.144915378
6648,15558260.164412891,4258765.433549538
6649,15558661.471177204,4256227.3166317465
6650,15554152.920480585,4254075.196275748
6651,15555331.5712491,4264228.653553943
6652,15555790.875468118,4255945.842466471
6653,15571576.535860062,4250726.453200814
6654,15551257.834483525,4256090.141608267
6655,15546296.547417851,4254008.471691151
6656,15554888.074397784,4253680.472155262
6657,15555518.031396184,4249325.477060734
6658,15551562.404610336,4253801.723970889
6659,15551280.543659642,4255970.645887156
6660,15565903.917248216,4269963.401556342
6661,15562093.673717337,4261293.445933248
6662,15553515.28243732,4266039.041260806
6663,15551388.412246224,4253869.680378322
6664,15556311.071448592,4257198.417003338
6665,15552202.491682395,4263071.80840532
6666,15560056.527035823,4248026.012460341
6667,15558256.04559173,4255964.890392263
6668,15558499.056040132,4256903.487196346
6669,15554970.116862496,4254310.8592563765
6670,15552052.655647784,4258501.849847835
6671,15555071.083640646,4250863.287052234
6672,15551247.14781241,4256085.345309906
6673,15559072.351417718,4255402.236869529
6674,15558376.604600262,4254192.75310479
6675,15553202.697307171,4263750.870979533
6676,15554637.939501964,4254119.451204155
6677,15559532.100914694,4260427.815855132
6678,15556922.549411522,4257389.467787466
6679,15556409.032600492,4253517.572113784
6680,15557185.820007244,4260325.683157528
6681,15550855.191885326,4253155.200147868
6682,15550979.535756538,4258345.04591811
6683,15560239.87023716,4256539.7696617
6684,15560018.233130991,4257962.777231215
6685,15558949.677338868,4263107.186632679
6686,15556332.778749296,4259809.002299648
6687,15546259.589346906,4236483.989460142
6688,15557109.454836562,4266393.747838719
6689,15556922.549411522,4257389.467787466
6690,15559623.939494602,4254285.511540979
6691,15555762.711636946,4248270.857105037
6692,15555852.435146524,4259376.922868037
6693,15552126.12651171,4257695.238220192
6694,15559597.890733756,4243860.247153446
6695,15571425.252672069,4250212.690913427
6696,15553837.552363165,4251106.962380107
6697,15557879.674393363,4250968.481806628
6698,15552575.189337572,4263602.49384798
6699,15559024.595356168,4255344.82207568
6700,15554969.226306573,4254828.787598835
6701,15561850.99722741,4249651.702633059
6702,15556670.633403854,4253574.977318434
6703,15559330.27867789,4261373.7882176535
6704,15546680.043063631,4268243.593638865
6705,15558432.15302617,4255994.490112556
6706,15555699.593485665,4260064.803566214
6707,15559956.116855128,4250013.41077882
6708,15574350.17229266,4251962.539965363
6709,15557075.39107238,4256625.14763469
6710,15551098.981570164,4258813.134243359
6711,15556119.935882907,4256749.310049826
6712,15551309.264088267,4258211.270916805
6713,15558938.545389788,4254246.0514306445
6714,15539733.818157624,4255707.951741638
6715,15551508.637296282,4255587.22691868
6716,15554448.251089662,4255123.935511808
6717,15559929.177538358,4261323.882701856
6718,15545208.622034326,4264526.798277609
6719,15554400.161069635,4253949.831119106
6720,15559750.732394615,4249124.843573918
6721,15551457.31901102,4253873.379630356
6722,15550850.6277862,4255518.02657104
6723,15550715.93120234,4253622.381366024
6724,15561566.130650474,4260475.660896816
6725,15558432.15302617,4255994.490112556
6726,15543923.88379108,4249661.152637061
6727,15551279.98706219,4258503.357588848
6728,15553639.29235006,4263324.532132954
6729,15572088.16023974,4250393.210345257
6730,15560228.515649104,4270909.377173773
6731,15551242.472393794,4258470.324401606
6732,15558146.173254322,4253222.604535077
6733,15547697.614528973,4247001.093032914
6734,15573566.70571646,4264842.094492948
6735,15561863.57632987,4260426.7191231055
6736,15559708.319668625,4261052.422624486
6737,15559274.396293512,4261830.763334405
6738,15541722.206902172,4249782.907765988
6739,15555136.20554276,4259077.273749469
6740,15556922.549411522,4253644.165375847
6741,15555894.291275064,4251625.150039553
6742,15559853.480284613,4250586.607758583
6743,15554533.855778078,4256718.337836377
6744,15543911.5273276,4249562.270390308
6745,15560498.354094788,4249355.332733406
6746,15563629.882690284,4260829.227168473
6747,15546078.917813351,4243908.567359378
6748,15547754.164830295,4254321.8204487935
6749,15542618.774081014,4249311.097063955
6750,15552742.836490707,4254668.884882811
6751,15555060.953566989,4251770.899019764
6752,15550349.46743865,4245697.796933818
6753,15552869.963349191,4252100.348180488
6754,15548513.363757502,4262359.880214146
6755,15558876.540433412,4256836.745355869
6756,15545470.00019871,4244169.062111078
6757,15555420.960800214,4250884.654654906
6758,15561727.877870595,4259950.19947175
6759,15550341.89771328,4258040.490865667
6760,15558051.217728676,4255162.165559432
6761,15552887.551828733,4255620.799522294
6762,15551701.108695865,4249225.228333397
6763,15556119.935882907,4256749.310049826
6764,15559867.28390147,4262116.091124351
6765,15546680.043063631,4263351.68348356
6766,15561355.95945185,4256472.34483146
6767,15556323.650551053,4253234.112642683
6768,15550540.714323835,4257997.453617137
6769,15551611.162547298,4246384.270584863
6770,15552968.592418034,4254524.19343697
6771,15559225.19307858,4255516.79330149
6772,15546981.050966738,4246829.940148525
6773,15552794.934012394,4257255.704477721
6774,15555971.101723708,4259671.234001624
6775,15546446.828730425,4252194.047798889
6776,15553877.070782395,4254582.837087785
6777,15560945.079211336,4256957.209877209
6778,15543246.059411636,4249268.778897272
6779,15549036.788003214,4253933.252883531
6780,15554134.33012562,4266321.7357101245
6781,15559941.867960308,4257561.471169651
6782,15543230.252043944,4249293.567188657
6783,15556628.109358374,4251983.361771276
6784,15559094.281357404,4254128.494028892
6785,15558699.765082035,4256517.7057995405
6786,15555815.031797616,4255876.776884271
6787,15551362.920082828,4251878.842184674
6788,15550831.926111745,4253367.278768189
6789,15546754.849761449,4260321.570451439
6790,15545314.375550585,4265765.132272815
6791,15551440.732406896,4258087.228961224
6792,15556457.790537454,4252558.579823098
6793,15558953.907479515,4248986.661965534
6794,15558892.68175958,4257526.796166481
6795,15570657.370824575,4271430.014362083
6796,15557696.553831004,4257506.649080759
6797,15558102.536013927,4257081.376062845
6798,15537937.344215203,4259899.752117321
6799,15558680.618129622,4257733.477257766
6800,15555432.092749292,4257924.537391652
6801,15553113.085117085,4263518.70691283
6802,15562139.426028054,4249999.0298785055
6803,15549884.374606118,4252734.069129634
6804,15547797.35679272,4246654.408527896
6805,15560082.019199217,4249910.827436458
6806,15561735.67023495,4260977.292441085
6807,15554170.842918605,4265434.585258402
6808,15557285.673590492,4256491.393674295
6809,15556232.925166056,4252629.405379389
6810,15569248.066071134,4251522.962532273
6811,15551828.7921518,4255489.798436145
6812,15552630.960402464,4263129.263801615
6813,15562884.598699424,4254790.695737174
6814,15542881.488079296,4252205.143859459
6815,15559761.30774624,4261016.502654837
6816,15545723.363359751,4259178.572326523
6817,15537004.932160314,4259574.728685858
6818,15556504.878682068,4264003.061874968
6819,15551380.842520852,4253882.970289605
6820,15560388.481757369,4261084.778118078
6821,15550877.678422464,4258248.689374192
6822,15556903.402459104,4256797.138994259
6823,15547709.52571449,4253839.949398135
6824,15552279.970047988,4257233.776222406
6825,15559675.59173833,4248770.970670528
6826,15558791.269703466,4255833.611116879
6827,15559151.1656172,4259992.558979099
6828,15551264.513652973,4258586.0095278565
6829,15551667.49020964,4253805.697216962
6830,15548410.05927005,4254739.998141438
6831,15555291.94151038,4251077.512853321
6832,15559403.526902832,4259305.642369676
6833,15562100.90948424,4261406.144662882
6834,15548667.318613268,4254465.824134072
6835,15562181.727434557,4260881.461077266
6836,15557098.545526467,4260243.155151488
6837,15555109.60018446,4249797.151424089
6838,15558298.458317729,4265389.873028153
6839,15559274.396293512,4261830.763334405
6840,15539736.15586693,4249968.213727153
6841,15551997.107221875,4255126.264937412
6842,15558432.15302617,4255994.490112556
6843,15546576.404617704,4255263.016792176
6844,15551505.075072575,4254045.464737066
6845,15566706.53077683,4262969.37674204
6846,15553826.86569205,4250726.316230846
6847,15559058.102522897,4259623.255400059
6848,15561986.807006182,4256720.804646619
6849,15551753.54017602,4254179.18879082
6850,15554848.555978552,4250856.986356843
6851,15571598.46579974,4250280.898967997
6852,15554419.19670256,4254618.735926353
6853,15551010.037297016,4257830.2404377
6854,15551413.236492671,4253991.345323365
6855,15536968.530686824,4245349.373931406
6856,15553540.774600713,4262501.247470846
6857,15571285.880669592,4250323.221046828
6858,15544268.862893043,4249284.391405749
6859,15537004.932160314,4259574.728685858
6860,15563827.029508485,4260726.542338134
6861,15542554.320095848,4253339.056182382
6862,15551390.304677565,4253788.16014171
6863,15559282.522616334,4261782.226816218
6864,15553436.802196307,4251050.391963854
6865,15558591.005939528,4259266.438293716
6866,15557490.501453543,4257677.694907206
6867,15542894.178501245,4249315.068680226
6868,15551425.592956152,4253504.282646331
6869,15547098.047751565,4243040.068107506
6870,15560792.794147933,4238535.241964057
6871,15550731.181972578,4255077.347103935
6872,15555347.935214248,4258215.245765171
6873,15557612.507615462,4257485.405595206
6874,15559024.595356168,4255344.82207568
6875,15542785.975956196,4249212.354929442
6876,15549312.303742932,4255392.644878228
6877,15559232.428845478,4258967.614643052
6878,15571574.42078973,4250011.219402315
6879,15558772.679348508,4257523.78095401
6880,15559236.54766664,4261659.104073499
6881,15557075.39107238,4257542.420462598
6882,15559274.396293512,4261830.763334405
6883,15556360.385983013,4253772.130183456
6884,15552245.683644824,4264898.462022235
6885,15537889.142875688,4259683.434308177
6886,15559440.262334792,4261474.148351616
6887,15551132.488736892,4256376.689992846
6888,15561967.43741478,4261259.307496359
6889,15568910.322736064,4255432.794269329
6890,15562167.255900754,4249947.258793775
6891,15556769.70775066,4256625.14763469
6892,15559920.828576546,4261301.809181037
6893,15557304.709223416,4259300.433428406
6894,15543931.008238496,4251183.80547192
6895,15556442.317128235,4258597.386211842
6896,15552285.424703034,4255547.488051662
6897,15546768.76469779,4242161.646662219
6898,15558069.140166689,4260583.2787331445
6899,15556922.549411522,4257389.467787466
6900,15554679.684311016,4254865.920440576
6901,15551300.803806974,4258053.5117226485
6902,15562177.608613396,4261481.277795108
6903,15551592.57219234,4254120.821328637
6904,15537492.066252025,4250182.422013294
6905,15557841.49180802,4258699.913970321
6906,15551549.825507876,4255308.372744811
6907,15553384.81599411,4263144.896109707
6908,15555407.379822334,4258062.146615309
6909,15562167.255900754,4249947.258793775
6910,15566342.404722448,4248413.411793624
6911,15571652.233113794,4270294.085766656
6912,15550887.585857147,4254257.834643135
6913,15558374.823488414,4254074.100180721
6914,15567105.388512349,4254983.211720615
6915,15561741.23620949,4259008.599605328
6916,15545432.930808276,4251426.666062745
6917,15555054.608356012,4247039.431645611
6918,15561888.6232153,4249688.543999097
6919,15556732.63836023,4254635.452219631
6920,15557728.16856639,4254905.656831501
6921,15558931.866220336,4238113.030735123
6922,15559125.45081483,4261488.544348072
6923,15551746.415728616,4252356.65415772
6924,15568910.322736064,4255432.794269329
6925,15559072.351417718,4255535.977510253
6926,15543944.58921637,4249378.751689586
6927,15559414.547532417,4261671.855028108
6928,15551634.094362406,4255304.261925645
6929,15537069.274825992,4259546.490075632
6930,15561715.076129148,4261104.246300221
6931,15552708.216129066,4257079.594418864
6932,15539377.3731481,4261196.652088508
6933,15556922.549411522,4257389.467787466
6934,15555033.680291738,4250859.04093103
6935,15558833.459790478,4255449.922894002
6936,15561789.103590531,4249815.2299398985
6937,15559628.614913218,4249398.336001336
6938,15555673.322085831,4249446.680641146
6939,15558989.418397076,4249008.710648367
6940,15558757.094619798,4255593.2562766345
6941,15555370.978348846,4249962.598348918
6942,15562077.309752189,4261108.633500985
6943,15559210.832864264,4254721.363408543
6944,15551581.551562749,4255545.43259695
6945,15559384.936547866,4261682.000959607
6946,15562093.673717337,4261430.549163776
6947,15550236.700794471,4245995.573899501
6948,15555507.233405571,4266344.6423737975
6949,15552412.774200508,4255019.93401541
6950,15547564.921695948,4243320.800055152
6951,15558909.936280658,4253934.622984692
6952,15553370.678418783,4254957.0403096415
6953,15560228.515649104,4250128.047773929
6954,15549662.626180451,4246793.382239012
6955,15556825.701454528,4256242.939071231
6956,15551868.199251546,4242849.815048354
6957,15561611.32636374,4258940.062965487
6958,15552096.626846649,4255042.679976253
6959,15555395.91391478,4255856.495804089
6960,15558986.412770832,4255364.005982818
6961,15559496.256038664,4261590.550809182
6962,15559026.933065476,4262245.663388438
6963,15551180.24479844,4258449.079043468
6964,15555141.548878316,4251792.953310831
6965,15553943.305879422,4251838.568848899
6966,15559373.693279294,4261660.063822253
6967,15536849.53015117,4259563.076823282
6968,15560927.15677332,4238807.922984464
6969,15559406.755168064,4261698.728056436
6970,15558709.227238754,4255669.719786328
6971,15556559.53655204,4253672.799769195
6972,15555896.962942846,4253367.278768189
6973,15562001.389859471,4261590.413703083
6974,15550473.14339292,4258020.205772003
6975,15571619.282544523,4249606.096206658
6976,15559339.852154097,4259661.089936878
6977,15554976.016795512,4250826.715675216
6978,15560637.280819291,4242637.529381417
6979,15543106.576089678,4250682.211991134
6980,15557878.004600996,4253949.831119106
6981,15558298.346998235,4254007.3756028125
6982,15571851.717641298,4249249.057865757
6983,15554981.471450558,4254885.514573923
6984,15562324.105063288,4261753.022743926
6985,15550540.714323835,4257997.453617137
6986,15566553.577796482,4271912.524783216
6987,15558393.970440827,4257499.385174606
6988,15552266.72302858,4255582.43084086
6989,15559353.210492993,4259598.854934915
6990,15552202.603001883,4258134.789633079
6991,15571539.132511154,4250717.276216925
6992,15552390.732941328,4260816.477197151
6993,15561594.739759604,4261512.400612526
6994,15562139.426028054,4249999.0298785055
6995,15552107.313517768,4256093.156425456
6996,15569181.163057167,4251608.986268448
6997,15562038.013971943,4261567.654114722
6998,15560773.201917551,4263451.650401598
6999,15552693.410636792,4250323.221046828
7000,15552552.368841965,4263514.45587433
7001,15551617.285119295,4258313.38385907
7002,15551121.022829335,4267086.871721367
7003,15568910.322736064,4255432.794269329
7004,15556863.995359365,4258500.205039697
7005,15549400.802738108,4262894.233374952
7006,15557725.162940135,4255354.414025044
7007,15551999.556250678,4255529.948183874
7008,15561956.639424171,4253082.179196946
7009,15557534.02737445,4256328.999927409
7010,15547902.998989483,4251427.487935145
7011,15551402.32718257,4253990.523258387
7012,15554598.198443756,4263750.185313472
7013,15557985.53922911,4258895.925596909
7014,15550253.398718096,4256338.455699715
7015,15559148.827907898,4255383.052895337
7016,15553169.96937688,4244280.626391827
7017,15558599.466220831,4255346.329381451
7018,15558795.277205134,4257733.477257766
7019,15551753.54017602,4254179.18879082
7020,15559159.18062054,4241705.355164442
7021,15555060.953566989,4251770.899019764
7022,15558384.396964615,4250758.64119019
7023,15550749.883647032,4257906.856650834
7024,15562494.201245213,4257034.916364725
7025,15559908.36079358,4248472.70742187
7026,15551054.00849588,4257889.5871176375
7027,15559662.90131638,4259239.297092733
7028,15559158.401384104,4255354.414025044
7029,15550349.46743865,4245697.796933818
7030,15554461.275470084,4255048.297961815
7031,15573151.4840158,4270140.131123799
7032,15560515.052018398,4257494.588258092
7033,15552068.796973957,4255688.76723123
7034,15551532.570986798,4255286.311366713
7035,15553979.70735291,4257931.664520063
7036,15557534.02737445,4255784.416053184
7037,15558680.618129622,4256797.138994259
7038,15554709.517934548,4253778.295549237
7039,15559497.48055306,4260900.791799727
7040,15569387.994671056,4251246.677493743
7041,15559840.455904191,4262006.949965209
7042,15557276.656711731,4253510.310856375
7043,15559024.595356168,4255344.82207568
7044,15552415.111909809,4257499.385174606
7045,15553805.38103033,4257209.38109004
7046,15545822.549026052,4260311.014512904
7047,15560388.481757369,4268305.19197035
7048,15551106.217337055,4258708.138163734
7049,15565449.956364756,4265355.858938814
7050,15551614.94740999,4255514.463792718
7051,15551722.48203809,4253778.295549237
7052,15546189.124109237,4259685.627623161
7053,15539377.3731481,4261196.652088508
7054,15553011.11646352,4249062.6684818175
7055,15541638.494645093,4271527.173447173
7056,15539377.3731481,4261196.652088508
7057,15547474.975547388,4245719.291367923
7058,15559492.805134444,4255060.630135368
7059,15559274.396293512,4261830.763334405
7060,15561784.428171918,4260943.15499194
7061,15537004.932160314,4259574.728685858
7062,15559853.7029236,4257292.434403897
7063,15551476.465963444,4253887.765622379
7064,15557044.889531905,4261359.118166003
7065,15562139.426028054,4249999.0298785055
7066,15558329.293816673,4253021.899604628
7067,15561530.953691378,4250432.79353209
7068,15557745.423087468,4253658.414059819
7069,15551340.990143148,4257722.786760674
7070,15559264.711497812,4263274.206323202
7071,15553352.422022289,4239691.412264964
7072,15554046.49904739,4249327.531347527
7073,15541724.767250462,4254284.278410379
7074,15557954.481091175,4256758.903231078
7075,15569014.072501484,4254212.20901884
7076,15545463.766307224,4252341.859207973
7077,15559693.40285686,4262176.42087623
7078,15551323.512983097,4255220.675604312
7079,15561511.138822025,4259006.680573567
7080,15536926.78587778,4258871.663827357
7081,15560665.555969955,4238710.233169421
7082,15559497.146594582,4259425.997019784
7083,15552642.09235154,4257227.06070301
7084,15545800.841725344,4255088.309064408
7085,15559199.36695672,4263281.61119619
7086,15557075.39107238,4257074.249488663
7087,15571598.46579974,4250280.898967997
7088,15552044.97460292,4255502.542196762
7089,15558069.140166689,4257465.943857577
7090,15559461.190399058,4259227.50851128
7091,15555782.860464778,4255940.9091961365
7092,15555830.393887345,4259537.716930028
7093,15556667.071180146,4246940.983835255
7094,15558527.776468763,4255746.183830591
7095,15558604.141639443,4257389.467787466
7096,15551770.683377609,4255155.4513120055
7097,15550463.681236207,4258022.672875978
7098,15536909.308717726,4258903.60164821
7099,15557407.011835454,4258165.765859152
7100,15558372.4857791,4255540.773567703
7101,15560438.686847718,4259071.105395533
7102,15559225.19307858,4255516.79330149
7103,15562499.989858732,4257043.002256699
7104,15537004.932160314,4259574.728685858
7105,15555611.20580998,4260700.220080393
7106,15556546.289532635,4256130.430597541
7107,15556922.549411522,4257389.467787466
7108,15543921.2121233,4264826.322608627
7109,15552334.627917966,4263578.77014972
7110,15551957.477483155,4254261.671040634
7111,15559828.322079696,4248355.622829746
7112,15551323.512983097,4255220.675604312
7113,15538357.909251416,4259639.705182586
7114,15561929.143509945,4265510.980504935
7115,15558069.140166689,4260583.2787331445
7116,15555205.223627051,4254156.581638239
7117,15551456.762413569,4258393.704239541
7118,15552784.247341275,4251592.274597996
7119,15561481.416517977,4253321.656857501
7120,15573270.484551456,4270030.360869258
7121,15559433.026567891,4260780.283811228
7122,15551591.125038955,4254274.687399329
7123,15554123.086857053,4254160.006961384
7124,15536865.560157845,4258874.679411604
7125,15556388.661133671,4253741.440414365
7126,15551796.62081896,4257249.674203126
7127,15551801.296237577,4258975.56489128
7128,15559419.66822899,4261514.594294633
7129,15559425.902120482,4261039.3981943615
7130,15559337.514444789,4259550.0541680455
7131,15551256.721288616,4256183.053174407
7132,15549310.522631075,4253846.799847234
7133,15562631.792135833,4261224.894963109
7134,15559521.41424358,4258612.463763076
7135,15555747.34954722,4251634.190803294
7136,15560026.13681484,4256191.412513312
7137,15551657.47145547,4255321.664404027
7138,15558758.653092664,4255905.417122374
7139,15562059.943911623,4250986.6992300665
7140,15554982.807284446,4250843.426176898
7141,15572221.966267675,4249351.635008062
7142,15555436.7681679,4253366.456750098
7143,15562069.294748854,4260943.840481837
7144,15551711.350089012,4252315.9680940425
7145,15557041.995225148,4260256.178632621
7146,15549947.715396376,4257064.656030756
7147,15549060.61037424,4255967.7681393325
7148,15554615.119006356,4254402.659582033
7149,15546601.785461605,4242617.820282396
7150,15555563.783706902,4249560.216059472
7151,15556509.220142206,4261956.218893076
7152,15555008.29944784,4250890.407478134
7153,15555346.04278291,4250701.250756045
7154,15560820.846659608,4260714.477962133
7155,15542435.319560193,4250013.41077882
7156,15551619.734148093,4255263.564899241
7157,15551648.231937734,4253687.04849046
7158,15552356.66917714,4263879.914097895
7159,15561496.889927195,4263806.547207039
7160,15540178.65084283,4260082.076536342
7161,15555181.846533984,4254390.739197722
7162,15551035.974738374,4257912.201988067
7163,15562148.776865285,4258254.446071314
7164,15555122.067967432,4251328.315777753
7165,15543716.718218714,4249828.651887615
7166,15554279.490741614,4261395.861883883
7167,15554502.018403707,4250737.821713911
7168,15557381.185713593,4259835.459494961
7169,15555054.608356012,4250854.109953635
7170,15568910.322736064,4255432.794269329
7171,15557954.481091175,4256615.554570776
7172,15559234.766554791,4255469.106985477
7173,15551267.964557182,4253875.160752153
7174,15571493.380200436,4250245.014356192
7175,15558298.458317729,4260341.85981648
7176,15551462.66234658,4253892.423947661
7177,15547796.466236802,4246792.97147668
7178,15554575.04398967,4254485.828601864
7179,15559001.218263106,4256551.555345443
7180,15559215.619602373,4261306.881973799
7181,15539272.510187777,4260288.120499428
7182,15558069.140166689,4260583.2787331445
7183,15551090.966566823,4267092.907428383
7184,15554779.315255282,4254730.954811215
7185,15558170.997500768,4254384.847518317
7186,15562744.78141899,4267391.130381516
7187,15571471.11630228,4250213.238767592
7188,15562112.264072306,4261293.445933248
7189,15554887.40648084,4254901.683185912
7190,15551332.863820313,4253443.315708717
7191,15546966.579432936,4255654.37222896
7192,15556870.006611863,4260160.353592358
7193,15549125.954915335,4271912.524783216
7194,15568865.683620255,4253938.185248514
7195,15551073.1554483,4254075.196275748
7196,15538759.21601573,4255765.231408653
7197,15559980.05054565,4256930.896694418
7198,15556903.402459104,4259262.188909316
7199,15559349.759588778,4259483.981566859
7200,15556429.070108837,4253705.955476171
7201,15550778.715395143,4253719.24518858
7202,15557696.442511518,4257633.151465549
7203,15560572.826834124,4257457.035327261
7204,15554653.858189158,4249121.008976528
7205,15558206.174459856,4253797.339701034
7206,15558100.198304622,4255805.79326816
7207,15552417.56093861,4259219.283927096
7208,15555369.976473426,4262186.018822018
7209,15537004.932160314,4259574.728685858
7210,15543092.327194853,4247228.251270961
7211,15550408.57808826,4257981.417488237
7212,15559545.12529512,4261972.123744395
7213,15572515.73840388,4266542.848746403
7214,15559320.816521171,4256921.303362278
7215,15552755.19295418,4250056.827516275
7216,15556395.228983635,4253741.440414365
7217,15556769.70775066,4257695.238220192
7218,15545018.488344053,4252168.704986697
7219,15551524.222024988,4253674.580858338
7220,15558069.140166689,4260583.2787331445
7221,15556616.309492348,4248902.576091917
7222,15547709.52571449,4253839.949398135
7223,15557325.525968194,4254577.493377614
7224,15551782.149285164,4255115.576988732
7225,15565961.24678597,4269992.078752746
7226,15559459.297967715,4259305.23113738
7227,15559464.084705826,4261708.188474997
7228,15551408.895032529,4253822.823294144
7229,15553370.678418783,4254957.0403096415
7230,15550406.351698443,4257637.948442856
7231,15562075.19468187,4261179.240255593
7232,15564184.031115452,4246879.505748769
7233,15542837.294241449,4249924.7973411
7234,15551300.024570532,4255118.317487397
7235,15558056.561064232,4255693.563355676
7236,15548485.867843278,4256185.656902232
7237,15559752.847464934,4249747.161744089
7238,15544756.553582216,4243621.523822936
7239,15548638.709504137,4251503.922338102
7240,15544357.584527217,4263756.904842692
7241,15558413.11739324,4255392.644878228
7242,15562015.193476336,4260943.840481837
7243,15555247.747672534,4254219.333728415
7244,15554962.992415084,4255616.003429756
7245,15551839.47882292,4258567.094103589
7246,15550359.152234344,4240674.0475827865
7247,15560274.824557267,4270160.850383259
7248,15554982.807284446,4250855.342697775
7249,15558069.140166689,4254867.153636746
7250,15559598.892609172,4259529.903353153
7251,15561726.208078232,4262004.481961655
7252,15558044.872517696,4256065.4749533925
7253,15561011.982225304,4256176.064223836
7254,15554563.912040591,4254010.115823869
7255,15556509.220142206,4261956.218893076
7256,15559440.596293263,4259648.341328317
7257,15557992.66367652,4257236.654303409
7258,15543579.683925549,4246982.471469447
7259,15561947.399906438,4249623.900494659
7260,15556463.913109452,4261354.045348988
7261,15551674.169379087,4255523.370740702
7262,15561836.748332588,4249616.6418199055
7263,15558143.167628068,4253224.933555876
7264,15558298.458317729,4256778.089618831
7265,15551295.683110394,4256107.682374471
7266,15555279.139768938,4249578.568095277
7267,15558630.524358766,4262658.9337661695
7268,15559208.049876995,4261660.200929225
7269,15566018.576323727,4269581.2748178
7270,15560259.462467536,4252577.621852175
7271,15551393.5329428,4267137.352282822
7272,15559403.526902832,4261659.104073499
7273,15542736.104824316,4249914.11447124
7274,15537389.874959474,4259351.837562721
7275,15557696.442511518,4256727.930990454
7276,15540095.940461176,4264679.302313303
7277,15551264.513652973,4253974.218982387
7278,15550998.682708956,4260671.567278155
7279,15541407.729340676,4253457.564131135
7280,15564012.376460657,4260706.663543877
7281,15560665.110691993,4238717.758264303
7282,15536195.528142758,4247222.089592945
7283,15571655.795337502,4250347.737795166
7284,15561961.982759736,4261237.919614342
7285,15555377.434879309,4254257.834643135
7286,15558642.769502752,4255559.5467270855
7287,15562538.951680511,4261202.136136118
7288,15556158.229787732,4254943.612070723
7289,15539377.3731481,4261196.652088508
7290,15556064.72141547,4248581.713617654
7291,15551266.294764822,4256130.430597541
7292,15555952.511368748,4249349.306811265
7293,15559117.769769968,4254383.614376516
7294,15562441.769765051,4261086.834614554
7295,15558233.670374086,4253255.758877876
7296,15560118.531992195,4238402.392803399
7297,15551481.252701549,4258620.276684166
7298,15554976.016795512,4250854.383896764
7299,15556141.42054462,4258619.728408818
7300,15551656.358260565,4258486.498314838
7301,15558069.140166689,4254867.153636746
7302,15539377.3731481,4261196.652088508
7303,15559488.574993797,4259177.201568201
7304,15559337.514444789,4259550.0541680455
7305,15560228.515649104,4250128.047773929
7306,15562024.766952544,4267460.131609162
7307,15551916.400591051,4264475.7812159015
7308,15554939.94928049,4254496.92698676
7309,15559274.396293512,4261830.763334405
7310,15550978.42256163,4258244.714513666
7311,15558475.79026656,4256404.646334791
7312,15554486.878952963,4252933.398804838
7313,15551935.102265513,4255430.875865036
7314,15550394.329193436,4240254.490804471
7315,15551724.819747403,4255624.362335256
7316,15552422.347676711,4252578.7177973
7317,15537633.887283295,4259350.055548686
7318,15553265.258861002,4254295.10256152
7319,15562089.220937708,4261314.14841078
7320,15558148.956241587,4253231.783619926
7321,15547863.369250763,4259534.152841638
7322,15537860.088488586,4259328.5343252085
7323,15562340.02375047,4260303.748742952
7324,15547543.659673205,4246428.494434807
7325,15561623.460188229,4258660.300858737
7326,15548992.928123845,4258120.398053484
7327,15562059.387314176,4260940.27593484
7328,15558141.831794184,4254554.748384031
7329,15542841.635701586,4249273.161353543
7330,15559466.867693093,4259059.316995469
7331,15553785.232202493,4250711.249545125
7332,15563902.17016477,4260876.936870566
7333,15556175.150350332,4269415.942262149
7334,15559072.351417718,4259415.167788583
7335,15559827.20888479,4258727.190902242
7336,15554895.0875257,4249475.304055409
7337,15553406.411975324,4254389.369039434
7338,15551401.213987663,4237130.214382062
7339,15555932.251221418,4251842.4043983
7340,15554085.460869163,4261131.940534585
7341,15557852.289798629,4253527.7104812525
7342,15560056.527035823,4256333.3852121
7343,15559006.561598662,4259255.746297408
7344,15536914.763372771,4258904.972372222
7345,15558142.499711124,4253220.001512417
7346,15554457.490607392,4259615.715924677
7347,15551296.907624789,4236879.872947236
7348,15553210.48967153,4256751.091639993
7349,15555888.16870307,4255373.872005306
7350,15560609.450946592,4254851.533162211
7351,15551709.791616146,4258469.913200736
7352,15559440.596293263,4259351.426328686
7353,15540095.940461176,4264679.302313303
7354,15555079.432602458,4250857.123328445
7355,15557228.34405273,4258153.841372355
7356,15551170.782641724,4253964.765253652
7357,15537004.932160314,4259574.728685858
7358,15558431.039831258,4256840.719704574
7359,15558461.541371737,4238177.743197084
7360,15548494.1054856,4243718.162342969
7361,15561630.58463564,4259054.382320151
7362,15554710.63112946,4251136.001060839
7363,15560279.833934356,4249059.244753522
7364,15564471.458040688,4262268.6986185
7365,15571552.713489022,4249599.9331906345
7366,15554223.385718254,4261363.094159366
7367,15561967.43741478,4261259.307496359
7368,15552361.78987372,4259625.448702963
7369,15555042.251892528,4251586.932348069
7370,15559597.890733756,4257373.02139066
7371,15559274.396293512,4261830.763334405
7372,15547595.534555916,4254284.004381374
7373,15554765.51163842,4254013.815123391
7374,15550008.607157849,4252737.631002622
7375,15550408.57808826,4257981.417488237
7376,15561800.235539611,4249759.077071755
7377,15559507.054029264,4261478.94701499
7378,15560801.699707195,4259873.706020045
7379,15551098.981570164,4258813.134243359
7380,15554578.383574396,4253979.973429967
7381,15551952.913384035,4255110.78111772
7382,15556692.897302017,4253398.789508258
7383,15559830.21451104,4249235.088823253
7384,15550706.803004095,4257718.537976269
7385,15557199.623624103,4260518.70790417
7386,15558957.6923422,4258173.0302080605
7387,15551277.204074925,4256084.797161656
7388,15562085.658714,4261134.956742565
7389,15551241.025240412,4253877.626921271
7390,15566229.972036744,4259383.502629781
7391,15563827.586105932,4260838.823930894
7392,15563075.734265115,4267765.909694865
7393,15552355.444662744,4263657.346526822
7394,15566625.601507029,4252183.773678766
7395,15537990.109653838,4259782.956418641
7396,15558312.818532038,4253641.699259347
7397,15559072.351417718,4255535.977510253
7398,15565903.917248216,4269963.401556342
7399,15559514.512435148,4249668.000471144
7400,15559452.952756742,4261382.562837395
7401,15555591.390940614,4237698.496956214
7402,15551829.905346708,4255516.79330149
7403,15557381.185713593,4256271.580268239
7404,15554209.025503945,4263853.172837607
7405,15557288.45657776,4260767.945184337
7406,15555660.186385926,4266390.044346233
7407,15558413.11739324,4256685.721175448
7408,15551106.10601757,4235907.152319861
7409,15558866.966957206,4257538.445858839
7410,15545134.594572948,4251105.592632915
7411,15549779.289006803,4252737.631002622
7412,15559741.158918403,4259160.478330495
7413,15562139.426028054,4249999.0298785055
7414,15559005.448403755,4255478.562014368
7415,15561210.242238408,4261197.063391985
7416,15558604.141639443,4256625.14763469
7417,15537069.274825992,4259546.490075632
7418,15557172.461668352,4257330.123822072
7419,15553136.239571167,4251369.546082126
7420,15555271.347404584,4257572.572676121
7421,15555079.65524144,4250856.575442055
7422,15561088.347395992,4260351.456150904
7423,15550559.193359306,4257781.310507381
7424,15562015.193476336,4260943.840481837
7425,15559062.777941506,4255421.283848619
7426,15562377.0931409,4261041.728880719
7427,15557717.25925629,4255789.760353012
7428,15557142.29408635,4253168.763192414
7429,15559780.232059676,4261475.382293424
7430,15550737.86114203,4257504.182093222
7431,15551667.044931676,4253795.0105583845
7432,15542665.862225628,4252121.033261162
7433,15558141.831794184,4256587.323602939
7434,15561890.960924609,4261022.67210687
7435,15557534.02737445,4260045.74849592
7436,15559886.876131851,4248396.294177748
7437,15559655.220271513,4262013.942644974
7438,15556922.549411522,4257389.467787466
7439,15551347.446673611,4257341.225093647
7440,15551596.245735535,4253844.470694057
7441,15537722.163639495,4260319.651189128
7442,15558499.056040132,4256903.487196346
7443,15553280.9549092,4254120.821328637
7444,15555052.15932721,4250855.890584106
7445,15537865.988421602,4259979.672898
7446,15558862.180219105,4262300.646369159
7447,15562956.288451497,4266117.635343909
7448,15560516.72181076,4258848.772828619
7449,15555109.60018446,4249797.151424089
7450,15555837.852293223,4249219.613336193
7451,15553147.371520247,4250376.5005308045
7452,15560889.308146449,4238438.375475907
7453,15556690.336953726,4249658.002634821
7454,15536854.873486726,4259565.681356192
7455,15558607.592543658,4258714.580452897
7456,15561623.460188229,4258660.300858737
7457,15561518.374588918,4263638.285189692
7458,15555986.24117446,4255564.616855947
7459,15557075.39107238,4257074.249488663
7460,15556428.068233415,4263959.041184942
7461,15563801.871303568,4256625.14763469
7462,15552963.583040956,4254548.171527233
7463,15561890.960924609,4259208.454900692
7464,15558842.031391272,4262364.953498209
7465,15537643.683398489,4259836.693251743
7466,15545405.657533033,4239478.22992688
7467,15555852.435146524,4260599.867054418
7468,15551567.19134844,4258556.539859345
7469,15559779.341503752,4261948.2664761
7470,15543460.126792436,4268845.598474646
7471,15558989.418397076,4249008.710648367
7472,15554885.95932746,4254299.62404555
7473,15558501.839027405,4255572.838691533
7474,15558481.133602114,4256222.65731201
7475,15555053.161202628,4250854.794811474
7476,15557725.385579124,4256595.272120493
7477,15562083.766282665,4260833.065872431
7478,15553417.989202373,4256196.208858191
7479,15546768.98733678,4242606.323324333
7480,15555056.166828878,4250854.109953635
7481,15537004.932160314,4259574.728685858
7482,15552279.07949206,4257409.203496286
7483,15553986.943119807,4263210.716599725
7484,15562459.914842049,4256899.9239666425
7485,15558939.658584695,4256724.36781796
7486,15553370.678418783,4254957.0403096415
7487,15558604.141639443,4256166.608591938
7488,15569028.321396306,4251269.826542626
7489,15550160.2243043,4258060.775996968
7490,15559948.992407717,4248389.036316695
7491,15562290.152618589,4261075.181139646
7492,15559722.12328548,4249780.168603092
7493,15551213.195367716,4256164.004868647
7494,15542380.327731738,4252253.774874897
7495,15555949.505742494,4252078.567243753
7496,15555295.83769256,4259878.503980666
7497,15566876.070361312,4262851.58837283
7498,15557911.51176773,4257224.730829899
7499,15559855.37271596,4255544.88447576
7500,15543106.576089678,4247305.204075029
7501,15556791.74900984,4248955.1639242135
7502,15571426.031908505,4267373.434311905
7503,15557136.950750789,4252534.058122234
7504,15551562.404610336,4253801.723970889
7505,15554916.683506912,4254335.11090933
7506,15559371.57820897,4261680.2185655525
7507,15558569.075999845,4263211.6764848055
7508,15555047.261269618,4251783.91241595
7509,15555052.49328568,4250854.931783048
7510,15557473.914849425,4256678.731903622
7511,15558432.15302617,4255994.490112556
7512,15560056.527035823,4248026.012460341
7513,15554361.867164806,4263886.633706931
7514,15551017.495702898,4254212.20901884
7515,15556538.942446245,4261980.6246227
7516,15562130.854427263,4255856.495804089
7517,15561198.331052888,4238996.874521056
7518,15571404.99252474,4250214.060548894
7519,15562199.093275117,4250094.628979952
7520,15555448.790672908,4253404.543653199
7521,15557572.321279276,4255182.445352195
7522,15556090.213578856,4249326.024870507
7523,15551260.28351232,4256171.404925936
7524,15551228.00085999,4253758.840406809
7525,15559255.1380216,4261739.860370671
7526,15545251.925316244,4239285.302114107
7527,15552927.51552593,4254500.626450893
7528,15568910.322736064,4255432.794269329
7529,15551332.863820313,4258117.793864913
7530,15555149.22992318,4251030.941670359
7531,15551073.044128804,4254097.940272323
7532,15543714.4918289,4250914.377607469
7533,15555170.603265418,4251435.5696837
7534,15544357.584527217,4263756.904842692
7535,15553878.629255269,4249353.82625256
7536,15563037.55167978,4266227.503413644
7537,15568910.322736064,4255432.794269329
7538,15553931.951291354,4258430.986254899
7539,15560249.109754894,4256536.754721387
7540,15561530.953691378,4250432.79353209
7541,15539491.25298718,4250552.639693602
7542,15559803.386513757,4260480.459121723
7543,15556299.828180026,4252201.445171352
7544,15557457.662203765,4257599.709739387
7545,15557471.131862145,4257657.410486653
7546,15556578.572184963,4257007.36955729
7547,15551298.911375623,4253964.080201164
7548,15551873.987865066,4242446.735842148
7549,15548518.039176116,4247933.443987049
7550,15568910.322736064,4255432.794269329
7551,15562698.80646929,4266232.989987932
7552,15560438.686847718,4259071.105395533
7553,15542213.90509301,4250140.511366653
7554,15551440.621087408,4257955.6500825165
7555,15560726.336411929,4242728.410685306
7556,15561656.85603547,4261455.0908235805
7557,15551036.308696846,4253825.700477742
7558,15556616.309492348,4248902.576091917
7559,15558757.094619798,4258765.433549538
7560,15556770.820945568,4253586.485796658
7561,15559743.607947204,4262009.41796932
7562,15552021.040912405,4271310.625146109
7563,15553805.38103033,4252860.105340666
7564,15550979.535756538,4254958.410539027
7565,15557194.391608035,4254222.896084942
7566,15559274.396293512,4261830.763334405
7567,15537929.440531356,4259144.577570834
7568,15552196.703068877,4255140.652577127
7569,15549974.098115694,4252817.773451362
7570,15559089.04934134,4254129.04207912
7571,15555000.841041958,4254232.350036734
7572,15551861.297443116,4252320.762740151
7573,15561527.502787173,4260732.163245139
7574,15551081.059132146,4267067.39287149
7575,15546433.69303051,4243084.825961625
7576,15544157.543402253,4238404.445043905
7577,15559387.274257174,4261672.540563723
7578,15551240.579962453,4251894.458415972
7579,15554508.808892649,4254265.370425213
7580,15551221.544329522,4254508.984504099
7581,15556621.7641474,4259849.442080008
7582,15554982.807284446,4250810.005199045
7583,15546204.70883794,4260243.42932988
7584,15546164.077223802,4264584.261328767
7585,15551690.310705256,4258739.801366135
7586,15551635.875474256,4255536.799691381
7587,15546852.031676903,4253730.068780715
7588,15556922.549411522,4257389.467787466
7589,15552848.033409506,4250361.160395726
7590,15545849.377023328,4242115.250228733
7591,15559353.0991735,4260789.332146471
7592,15551945.121019684,4255171.346271769
7593,15553652.539369464,4270125.860928247
7594,15559394.84398255,4256117.000917957
7595,15542247.857537698,4249687.859214212
7596,15545065.242530184,4260036.152429933
7597,15558226.879885146,4255689.315359631
7598,15556922.549411522,4253586.759808193
7599,15550169.241183054,4240600.015034598
7600,15537048.903359184,4249936.986782261
7601,15547880.401132856,4251770.48807066
7602,15552397.300791284,4256381.486418981
7603,15551549.825507876,4255308.372744811
7604,15555303.184778947,4259922.508232069
7605,15556565.102526585,4256762.055278185
7606,15556119.935882907,4256749.310049826
7607,15561836.748332588,4249616.6418199055
7608,15562295.273315169,4260888.590134053
7609,15537240.03892487,4259386.518355239
7610,15559712.104531309,4255395.111389472
7611,15556725.513912814,4263835.893904238
7612,15555074.534544868,4250861.643392218
7613,15557601.486985872,4253367.004762151
7614,15555026.110566368,4246771.748776988
7615,15555852.435146524,4260294.152450423
7616,15557935.334138758,4253024.7765776245
7617,15558384.396964615,4255378.256907047
7618,15552074.919545949,4258231.967556893
7619,15563827.029508485,4260726.542338134
7620,15554643.060198544,4251330.918350512
7621,15551495.501596369,4236407.522940814
7622,15546498.258335164,4242134.13724876
7623,15551696.210638266,4253787.47510028
7624,15537004.932160314,4259574.728685858
7625,15543715.048426352,4250031.900535551
7626,15542405.59725615,4249935.069341182
7627,15565999.429371314,4269065.25344944
7628,15557075.39107238,4256625.14763469
7629,15559506.163473342,4257769.386439902
7630,15559373.35932083,4261678.436171791
7631,15552259.264622703,4263869.766124744
7632,15554010.65417135,4255570.920262676
7633,15557534.02737445,4258001.017204532
7634,15551278.539908806,4253843.374622148
7635,15551441.177684862,4257535.019477443
7636,15558636.646930752,4259401.596995005
7637,15551323.512983097,4257783.640499097
7638,15553615.581298525,4250753.436317408
7639,15554807.479086448,4248339.326944812
7640,15542096.351710731,4249820.9822011925
7641,15551759.217470055,4261141.126261484
7642,15551992.320483774,4257656.999316358
7643,15559822.088188216,4261522.820606453
7644,15559274.396293512,4261830.763334405
7645,15552486.245064426,4257127.835958362
7646,15559696.965080565,4259265.88998596
7647,15557108.45296115,4260270.984293183
7648,15555298.286721356,4253644.165375847
7649,15562388.44772896,4252625.980535367
7650,15552388.84050998,4257382.34101248
7651,15562668.861526277,4261316.342053085
7652,15555815.922353549,4249686.352687614
7653,15556353.929452544,4253432.3553964095
7654,15567107.837541144,4254618.735926353
7655,15559365.121678509,4249534.879344166
7656,15542900.41239273,4249193.318753463
7657,15556840.395627314,4258681.546627381
7658,15571407.441553542,4267320.071919108
7659,15544134.16630919,4259876.858965359
7660,15557151.867562557,4255430.875865036
7661,15561789.103590531,4249815.2299398985
7662,15552556.7103021,4257170.458632003
7663,15552356.66917714,4250245.151320137
7664,15551320.396037351,4256098.637913383
7665,15561826.50693944,4249810.299432629
7666,15546828.43194486,4242332.316058399
7667,15549030.44279224,4252965.730283389
7668,15559005.448403755,4255430.875865036
7669,15555718.295160122,4250725.768351003
7670,15552122.341649026,4263018.741279129
7671,15543431.406363811,4268558.860032989
7672,15561836.748332588,4249616.6418199055
7673,15559932.517123075,4261307.156178882
7674,15555242.626975954,4251676.792078384
7675,15554632.48484692,4253994.08554041
7676,15557534.02737445,4257083.842954988
7677,15559274.396293512,4261830.763334405
7678,15552575.189337572,4263602.49384798
7679,15547869.603142245,4246634.966040912
7680,15547281.390952902,4249268.231090363
7681,15552183.456049472,4258459.633183962
7682,15552257.372191356,4257353.971011952
7683,15554637.939501964,4254119.451204155
7684,15553776.771921191,4254087.116316247
7685,15555755.809828518,4256311.184726434
7686,15563715.93265667,4257272.561853893
7687,15559614.03205992,4261037.890103457
7688,15557678.074795537,4258962.954155402
7689,15551549.26891042,4253785.831001019
7690,15561961.092203803,4249630.748305446
7691,15559094.281357404,4254128.494028892
7692,15559635.07144368,4261889.857521914
7693,15559694.18209329,4256405.468581225
7694,15561198.2197334,4261809.100116028
7695,15558995.874927543,4255994.490112556
7696,15558688.967091428,4256867.580857825
7697,15551433.385320503,4253804.190123455
7698,15561623.460188229,4258660.300858737
7699,15555032.901055308,4260817.025582706
7700,15560275.603793705,4257752.117123846
7701,15556922.549411522,4256840.171518458
7702,15560732.79294239,4242733.338006449
7703,15555144.554504571,4251777.3372243615
7704,15551419.13642568,4258294.880100788
7705,15558816.87318635,4259590.7671523085
7706,15547473.751032988,4260196.682013742
7707,15541704.061825171,4254016.007301472
7708,15536888.937250908,4258913.47086494
7709,15555417.62121548,4267135.157470946
7710,15545912.495174613,4255282.748663864
7711,15536943.817759868,4258814.916169861
7712,15558146.173254322,4253222.604535077
7713,15551385.963217424,4258285.285571786
7714,15544004.256463433,4249372.0409894185
7715,15552011.467436193,4258550.371799246
7716,15552398.413986191,4257384.807972526
7717,15559120.107479269,4261507.601934457
7718,15554170.842918605,4255536.525631001
7719,15558871.75369531,4255631.487964663
7720,15559139.254431687,4255440.330860877
7721,15557171.01451497,4257561.471169651
7722,15555458.36414912,4255700.551997921
7723,15543352.703483818,4249753.324842987
7724,15559043.74230858,4247309.448818387
7725,15556635.901722724,4258595.878457864
7726,15562139.426028054,4249999.0298785055
7727,15551394.646137713,4253823.919363998
7728,15559464.084705826,4261545.854312494
7729,15561079.441836726,4238931.336291412
7730,15552076.81197729,4258728.15039355
7731,15551110.22483873,4258026.373532986
7732,15547047.063424775,4243051.29177241
7733,15556067.393083248,4249598.28972028
7734,15549125.954915335,4260905.590211308
7735,15552407.987462403,4257360.82366234
7736,15558002.237152724,4256911.847085979
7737,15575297.38983982,4266809.36997799
7738,15571223.096476786,4250617.699587869
7739,15551618.62095318,4257683.999532068
7740,15551841.816532226,4256914.999177168
7741,15555665.418401994,4249634.172212448
7742,15560954.652687544,4238987.29688478
7743,15557157.878815057,4262448.731583838
7744,15551409.562949477,4253868.995331787
7745,15560012.333197976,4262230.169481256
7746,15558354.00674363,4255627.925149378
7747,15553337.17125205,4262565.692899117
7748,15559723.570438862,4260492.249054727
7749,15554716.976340435,4251179.148299484
7750,15558478.907212302,4256194.427358415
7751,15562243.287112964,4261831.174661748
7752,15557713.80835208,4254973.483073622
7753,15549477.613186758,4246472.992296821
7754,15559081.92489393,4255325.775229734
7755,15552049.650021536,4249898.638024421
7756,15553239.655378114,4255936.112963221
7757,15545457.643735226,4239320.193062943
7758,15543469.700268645,4254981.704464882
7759,15572205.268344056,4249189.484132092
7760,15540033.935504803,4241591.3536848845
7761,15551514.64854878,4253959.421845371
7762,15569248.066071134,4251522.962532273
7763,15551578.657255994,4253606.625662679
7764,15552431.92115292,4254847.970600972
7765,15574898.866062785,4254075.196275748
7766,15540269.48754732,4255631.076870531
7767,15559718.895020248,4261521.997974992
7768,15552394.851762488,4257403.858404961
7769,15558459.314981924,4256228.824059143
7770,15551514.64854878,4253835.154086314
7771,15551379.72932594,4253893.520024487
7772,15558453.63768789,4256257.328179968
7773,15568158.804853722,4259166.646734866
7774,15557793.179149017,4257071.782598684
7775,15559232.428845478,4263227.446037488
7776,15551658.695969865,4258154.115498339
7777,15549819.03006502,4260567.924276393
7778,15571354.787434395,4267292.910698541
7779,15562028.77445421,4261452.348735946
7780,15562569.341901504,4252277.747990195
7781,15552642.09235154,4257227.06070301
7782,15552292.660469938,4255194.503625178
7783,15543780.170328472,4250978.343866681
7784,15557935.334138758,4256763.699824861
7785,15557046.781963246,4260332.400580796
7786,15566527.9743136,4248048.333082063
7787,15555480.405408297,4255928.027889639
7788,15559579.077739812,4249662.659160194
7789,15558675.831391511,4256878.407565805
7790,15554189.98987102,4262409.379113355
7791,15551264.513652973,4256076.986052077
7792,15554542.53869836,4244557.00954471
7793,15559212.280017646,4263029.162709926
7794,15558741.17593261,4255659.990528711
7795,15559559.596828924,4261673.500313656
7796,15543291.700402869,4247395.439457407
7797,15551586.338300852,4253906.809964729
7798,15571242.577387676,4250040.803022155
7799,15551665.375139317,4255281.926501833
7800,15561279.482961675,4250777.680088027
7801,15559310.686447509,4259694.126722873
7802,15557995.112705316,4254186.313478891
7803,15537004.932160314,4259574.728685858
7804,15549052.038773453,4253930.101651509
7805,15559251.575797902,4258468.2683974
7806,15567273.814901913,4254954.847942976
7807,15551462.105749134,4253751.578989275
7808,15554097.260735188,4252157.197999451
7809,15557801.639430316,4257924.537391652
7810,15554405.28176621,4248856.28805267
7811,15550984.32249464,4253539.6299252855
7812,15559384.936547866,4261682.000959607
7813,15555541.965086706,4256343.252109085
7814,15555355.616259117,4261498.00458464
7815,15561986.473047704,4259653.961680796
7816,15558298.458317729,4256778.089618831
7817,15572458.408866117,4260021.895433166
7818,15551677.6202833,4255487.880021854
7819,15553877.070782395,4254582.837087785
7820,15558451.299978588,4255574.208998067
7821,15555448.790672908,4256289.532444319
7822,15561199.77820627,4239058.445239651
7823,15562001.389859471,4260905.316016301
7824,15552202.603001883,4256800.70219047
7825,15559005.448403755,4255430.875865036
7826,15551925.862747772,4255361.265422596
7827,15559274.396293512,4261830.763334405
7828,15552291.99255299,4254444.312521166
7829,15558423.915383851,4253935.44504547
7830,15561802.461929424,4249790.988300521
7831,15551369.933210757,4253390.158296519
7832,15558956.467827806,4262783.164746221
7833,15552642.09235154,4257227.06070301
7834,15552068.796973957,4261101.504300637
7835,15559679.265281526,4260418.767819224
7836,15554357.080426697,4254052.315314855
7837,15540095.940461176,4264679.302313303
7838,15565038.742165765,4262641.793841201
7839,15560897.323149782,4260141.298355465
7840,15563108.573514909,4272152.415610938
7841,15551532.904945277,4251632.410046209
7842,15559729.247732894,4249170.174094869
7843,15553406.411975324,4254389.369039434
7844,15551001.35437674,4254971.427726771
7845,15558391.076134069,4254421.156755822
7846,15561128.979010124,4258841.782173889
7847,15557839.82201566,4257236.654303409
7848,15562668.861526277,4261316.342053085
7849,15559091.498370135,4256109.189785378
7850,15562743.11162663,4267464.79572379
7851,15554882.06314528,4254376.352544294
7852,15555639.035682676,4249552.13569525
7853,15560620.248937204,4254881.403913671
7854,15561648.28443468,4253339.056182382
7855,15552355.444662744,4258574.358719184
7856,15559665.90694263,4260744.227640664
7857,15557075.39107238,4256625.14763469
7858,15551379.72932594,4253893.520024487
7859,15552535.114320887,4255524.466980957
7860,15558245.804198582,4253713.490878131
7861,15551438.172058608,4253969.012580044
7862,15554598.421082744,4253982.165601267
7863,15558489.482563926,4253070.808248439
7864,15566613.35636304,4248635.121571926
7865,15556138.0809599,4258752.823056074
7866,15558804.85068134,4255822.511375655
7867,15561523.16132702,4262422.405176738
7868,15550104.230600432,4258728.835744535
7869,15551408.895032529,4253822.823294144
7870,15550540.046406891,4258149.729483368
7871,15552132.471722685,4258758.580018679
7872,15542108.708174204,4249866.589522687
7873,15557207.972585917,4256754.791866654
7874,15558608.371780094,4257055.747827376
7875,15555952.511368748,4254508.984504099
7876,15551433.385320503,4253847.758910452
7877,15554982.807284446,4250851.781437301
7878,15555023.216259602,4249811.39510072
7879,15562674.427500809,4259497.278303047
7880,15552642.09235154,4267326.382111337
7881,15555868.019875234,4249423.398493348
7882,15541645.95305098,4253759.251430586
7883,15554807.479086448,4248339.326944812
7884,15541606.545951236,4253221.50852546
7885,15559215.619602373,4255746.183830591
7886,15560601.769901734,4243374.319248278
7887,15556426.621080032,4253293.1603851775
7888,15543416.712191029,4249223.721870448
7889,15549036.788003214,4253933.252883531
7890,15571357.347782686,4250177.080451369
7891,15561145.67693374,4239254.789728242
7892,15558279.31136531,4255631.487964663
7893,15571401.43030104,4250361.160395726
7894,15556819.022285089,4258716.225293289
7895,15556037.55945971,4258520.216888855
7896,15559316.8090195,4259376.100398097
7897,15546508.05445036,4258612.463763076
7898,15554283.164284812,4253296.037429492
7899,15556999.025901696,4257380.011106279
7900,15543501.760281987,4268768.905493035
7901,15552852.931467105,4257163.606100918
7902,15559327.940968577,4259787.754339428
7903,15561796.895954885,4249805.779802911
7904,15556903.402459104,4256969.133059004
7905,15554579.608088795,4254014.226156746
7906,15551864.080430385,4258632.475817738
7907,15562076.975793725,4261287.00212374
7908,15554696.382234631,4254672.9954632055
7909,15555821.822286556,4251677.887933306
7910,15555135.871584289,4251782.1316345045
7911,15551309.820685728,4254184.532306437
7912,15551050.780230643,4258001.154265608
7913,15559005.448403755,4255478.562014368
7914,15552008.127851468,4246626.477078541
7915,15558796.501719529,4255724.1215694025
7916,15555165.927846802,4254321.8204487935
7917,15558460.873454794,4255533.510967242
7918,15559024.595356168,4255344.82207568
7919,15559406.755168064,4259415.167788583
7920,15554833.193888824,4254326.341943866
7921,15560546.666753786,4249193.318753463
7922,15559373.35932083,4261680.766994464
7923,15559159.403259523,4259171.307309367
7924,15558826.335343068,4255252.876816402
7925,15554874.048141943,4254211.386937264
7926,15563377.632724153,4260094.277301533
7927,15559403.526902832,4248641.694876608
7928,15563726.61932779,4260774.251591897
7929,15555675.437156163,4258798.8788417885
7930,15553531.869041448,4263345.649844259
7931,15562056.604326904,4261430.549163776
7932,15558680.618129622,4256797.138994259
7933,15555556.102662032,4257689.344760344
7934,15558148.956241587,4253231.783619926
7935,15553143.69797705,4263512.947441719
7936,15560687.040631678,4257382.34101248
7937,15555176.503198428,4254257.971657305
7938,15558575.532530306,4256348.048520555
7939,15558002.237152724,4256911.847085979
7940,15559477.6656837,4261224.894963109
7941,15562537.727166118,4260799.614354706
7942,15551532.904945277,4251632.410046209
7943,15558306.139362589,4253123.964109225
7944,15559974.929849075,4261729.988601132
7945,15559158.401384104,4255354.414025044
7946,15552302.345265632,4245333.903933174
7947,15544686.756261488,4269293.693825873
7948,15561290.16963279,4253770.760102641
7949,15551722.48203809,4252060.484989586
7950,15551328.299721198,4258208.803770266
7951,15571598.46579974,4250280.898967997
7952,15553582.964687724,4250529.766096327
7953,15559483.23165824,4255803.463697835
7954,15552170.320349555,4255426.079855777
7955,15556324.652426472,4261847.627768316
7956,15551605.373933775,4252121.444223427
7957,15571562.843562692,4250174.615115973
7958,15557228.34405273,4249898.638024421
7959,15551619.734148093,4243121.508375883
7960,15559484.010894677,4249345.472135264
7961,15550635.66984948,4256625.14763469
7962,15557044.889531905,4260441.936289771
7963,15551323.512983097,4255220.675604312
7964,15557457.662203765,4261154.013712242
7965,15555465.154638054,4251264.484450076
7966,15558052.108284606,4260396.284853343
7967,15559274.396293512,4261830.763334405
7968,15561166.04840056,4239105.376041697
7969,15558527.776468763,4256625.14763469
7970,15559406.755168064,4261698.728056436
7971,15538067.69933892,4247679.706310683
7972,15563682.425489942,4260806.469165569
7973,15559454.622549107,4259565.133033424
7974,15550843.280699812,4251713.09233109
7975,15561497.335205162,4258934.991271216
7976,15551189.818274649,4255172.853553635
7977,15546066.783988854,4243698.314418762
7978,15557603.824695174,4255833.611116879
7979,15554887.62911982,4255245.888460192
7980,15559980.05054565,4256930.896694418
7981,15551373.384114964,4257666.319180237
7982,15558441.72650238,4250768.229120215
7983,15551942.671990884,4255363.320842699
7984,15555507.233405571,4256039.16391618
7985,15559674.7011824,4261124.811319031
7986,15564394.313633569,4251771.446951921
7987,15565549.809948,4256047.1120353285
7988,15552945.437963948,4256717.789656396
7989,15556422.72489786,4246913.051655197
7990,15562056.604326904,4261384.893596953
7991,15560037.380083406,4251255.443991698
7992,15558685.516187215,4256915.821461976
7993,15550408.57808826,4257981.417488237
7994,15551369.82189126,4259808.591048414
7995,15554960.766025271,4244062.016224649
7996,15542198.431683782,4250182.422013294
7997,15555355.616259117,4261498.00458464
7998,15546164.077223802,4264584.124185086
7999,15555062.734678837,4251892.951585663
8000,15559274.396293512,4261830.763334405
8001,15561833.631386844,4258946.916610134
8002,15557273.651085485,4266386.478021323
8003,15562314.197628604,4260820.727185937
8004,15556922.549411522,4257389.467787466
8005,15559363.785844618,4249650.333067939
8006,15553577.73267165,4255765.094375598
8007,15557061.14217756,4258313.932119052
8008,15562296.943107529,4260493.619977994
8009,15550535.0370298,4257987.17404462
8010,15557051.568701357,4258110.529552708
8011,15551042.876546796,4256056.43052721
8012,15559644.978878362,4248002.185589186
8013,15559282.522616334,4261782.226816218
8014,15565614.70921113,4269290.263754824
8015,15558989.418397076,4249008.710648367
8016,15551323.512983097,4255220.675604312
8017,15551591.125038955,4254093.144847423
8018,15558964.371511651,4261460.9863143135
8019,15543956.945679847,4249382.860283552
8020,15570897.375646727,4267233.512911318
8021,15555116.947270852,4251772.405833265
8022,15555266.115388516,4248877.651738779
8023,15555245.52128272,4251070.2532147085
8024,15553100.72865361,4256864.702873962
8025,15543020.971401256,4246930.030030666
8026,15556559.53655204,4252841.473809339
8027,15557894.925163597,4257677.009622115
8028,15540095.940461176,4264679.302313303
8029,15551236.349821802,4253984.494783759
8030,15559874.96494634,4262046.163874275
8031,15561336.812499436,4249994.236249264
8032,15559422.005938305,4259579.800676976
8033,15559329.27680247,4254828.787598835
8034,15559665.90694263,4260744.227640664
8035,15537004.932160314,4259574.728685858
8036,15554804.4734602,4254913.741149396
8037,15554695.71431769,4254475.415312695
8038,15557534.02737445,4256328.999927409
8039,15561374.995084776,4260896.130487635
8040,15557556.84787006,4257703.187543153
8041,15562817.807004953,4241127.696015078
8042,15559192.131189816,4256314.473684428
8043,15560515.052018398,4257494.588258092
8044,15543291.700402869,4247395.439457407
8045,15554931.822957665,4250998.068013441
8046,15561640.7147093,4253291.242356051
8047,15551019.833412206,4258367.935862059
8048,15568949.507196823,4255442.797382881
8049,15559500.263540326,4237822.718636645
8050,15559695.740566162,4249793.590507826
8051,15554686.808758426,4253911.605307956
8052,15563682.759448413,4260783.985402013
8053,15553540.218003254,4256006.549280827
8054,15550009.831672242,4240114.231599587
8055,15554021.340842469,4250957.797918263
8056,15553805.38103033,4250713.304091956
8057,15556985.333604328,4254044.642668025
8058,15559062.777941506,4256625.14763469
8059,15549978.439575838,4256998.461400586
8060,15554807.479086448,4248339.326944812
8061,15560259.462467536,4248015.194506668
8062,15545269.959073756,4251460.225902605
8063,15559015.021879964,4248996.385292243
8064,15554643.83943498,4254484.869482714
8065,15560397.832594598,4254329.082244818
8066,15558447.06983794,4255394.700304225
8067,15559540.561196,4259357.731918904
8068,15558143.167628068,4253224.933555876
8069,15552848.59000696,4254124.657678094
8070,15552694.635151193,4257601.491468119
8071,15550305.273600802,4240484.793467658
8072,15550906.064892618,4258140.546270224
8073,15558737.947667371,4255631.487964663
8074,15565560.051341156,4247223.595780583
8075,15554740.57607248,4254640.24788225
8076,15559147.82603248,4254348.949447251
8077,15546066.783988854,4243698.314418762
8078,15562952.726227792,4254745.341930989
8079,15539299.226865564,4250827.263560113
8080,15551523.554108046,4253783.227844362
8081,15554806.254572053,4255053.367853707
8082,15558049.99321427,4258633.983576763
8083,15559101.071846344,4255746.183830591
8084,15549248.628994197,4258192.767331355
8085,15542186.07522031,4252085.55357723
8086,15545347.103480875,4265612.475914231
8087,15559005.448403755,4255478.562014368
8088,15554549.997104248,4254052.7263496565
8089,15571469.446509914,4250278.433609226
8090,15552412.774200508,4255019.93401541
8091,15550689.993760986,4257775.828175889
8092,15543921.2121233,4264826.322608627
8093,15554120.637828251,4252373.914957706
8094,15552170.431669043,4257572.161509014
8095,15558809.74873894,4256587.323602939
8096,15559297.439428102,4259149.101060454
8097,15555375.98772593,4249972.459502853
8098,15555888.16870307,4255373.872005306
8099,15551379.72932594,4253893.520024487
8100,15555546.751824804,4243477.936433947
8101,15544686.756261488,4269293.693825873
8102,15555465.488596523,4251222.021755866
8103,15554702.282167649,4236728.850056558
8104,15554629.479220672,4258153.841372355
8105,15565999.429371314,4269084.461465094
8106,15559072.351417718,4255402.236869529
8107,15559444.937753407,4257220.071085167
8108,15561623.460188229,4258660.300858737
8109,15557641.562002556,4257381.107532664
8110,15559459.297967715,4259190.635007179
8111,15558506.737085002,4258924.84788973
8112,15541933.825254166,4253447.69983672
8113,15553002.544862729,4254075.196275748
8114,15560889.308146449,4238438.375475907
8115,15550063.265027815,4240087.411507139
8116,15551825.118608603,4252047.8822240485
8117,15559373.35932083,4261388.184081876
8118,15550384.755717233,4257867.246412787
8119,15561784.428171918,4261209.676706077
8120,15557929.879483713,4254342.098683716
8121,15551252.04587,4254516.931511429
8122,15556175.150350332,4258666.057772612
8123,15559013.908685056,4259145.674174207
8124,15558352.114312287,4255498.568334333
8125,15551017.38438341,4236331.604115055
8126,15559664.793747718,4259310.02884846
8127,15548339.59403238,4260704.332928985
8128,15558909.936280658,4253139.5821174
8129,15556311.071448592,4257198.417003338
8130,15556609.40768392,4253971.204749151
8131,15559013.908685056,4259237.103867312
8132,15550350.469314069,4245511.878683911
8133,15556807.890336003,4257169.773378702
8134,15542986.684998088,4252245.966500104
8135,15561678.452016683,4249730.452915644
8136,15559138.363875762,4249156.616003981
8137,15550988.886593768,4254051.767268471
8138,15554361.867164806,4258956.511719861
8139,15553837.441043677,4251397.626610888
8140,15561884.28175516,4260664.164174004
8141,15540730.572878186,4246752.032241215
8142,15560438.686847718,4259071.105395533
8143,15550715.93120234,4253622.381366024
8144,15562045.138419356,4260900.791799727
8145,15551789.385052064,4254667.651708993
8146,15543311.626591716,4250003.549587999
8147,15546054.427525377,4264387.461919837
8148,15560761.847329492,4261684.605997594
8149,15559274.396293512,4261830.763334405
8150,15551270.970183436,4256099.597174052
8151,15550831.926111745,4255605.177971464
8152,15557320.293952126,4257948.522938464
8153,15554557.7894686,4253988.05706382
8154,15561895.74766271,4261111.10130219
8155,15561852.55570028,4261521.997974992
8156,15545083.49892668,4250022.587172702
8157,15559198.699039772,4258436.468914937
8158,15562350.376463106,4260965.364886489
8159,15552446.058728252,4260996.486234431
8160,15555433.09462471,4249600.344058263
8161,15562130.854427263,4255879.243504699
8162,15558499.056040132,4256903.487196346
8163,15558871.75369531,4255631.487964663
8164,15549948.717271795,4252794.89511981
8165,15558148.956241587,4253231.783619926
8166,15552729.92342977,4254646.82479441
8167,15551641.218809811,4253706.229490696
8168,15557495.844789105,4256730.260757717
8169,15542870.690088687,4247313.830490678
8170,15562371.97244432,4269682.945293162
8171,15571493.380200436,4250245.014356192
8172,15560018.233130991,4258115.737927007
8173,15552104.64184999,4255032.266156982
8174,15559750.732394615,4260790.977299139
8175,15551065.808361908,4235927.259720631
8176,15555060.730927998,4250855.890584106
8177,15559597.890733756,4259071.105395533
8178,15561726.208078232,4262004.481961655
8179,15558476.458183505,4257048.073073363
8180,15555074.534544868,4250855.890584106
8181,15562034.34042875,4261416.838763307
8182,15551113.341784474,4255134.623468655
8183,15559390.6138419,4259578.018625774
8184,15555448.790672908,4249613.217918389
8185,15554629.479220672,4238433.176451292
8186,15559783.015046949,4249081.841380063
8187,15552535.114320887,4255524.466980957
8188,15558754.088993542,4255856.495804089
8189,15557291.796162484,4256720.119421496
8190,15558041.755571958,4254456.918047165
8191,15561623.460188229,4258660.300858737
8192,15551573.98183738,4254143.702432805
8193,15550056.36321939,4256461.244441946
8194,15557879.45175438,4255215.605634876
8195,15557457.662203765,4257313.129304701
8196,15555054.608356012,4250854.109953635
8197,15557266.526638074,4255249.314124442
8198,15558554.047868587,4256393.408973067
8199,15555888.16870307,4255373.872005306
8200,15558746.964546133,4259406.531827082
8201,15569916.87357182,4248370.001571879
8202,15553131.786791535,4255749.472618678
8203,15551296.907624789,4236879.872947236
8204,15554629.479220672,4261517.199292705
8205,15556922.549411522,4257389.467787466
8206,15561967.43741478,4256749.310049826
8207,15552079.149686595,4257454.294242468
8208,15559844.46340586,4248364.797834451
8209,15559376.364947071,4261677.20220705
8210,15552481.56964581,4257185.123062955
8211,15551065.585722923,4258158.638578122
8212,15559756.075730173,4257501.029832181
8213,15556292.592413122,4247184.708820607
8214,15554575.04398967,4254485.828601864
8215,15550372.844531711,4257956.883627151
8216,15561888.6232153,4249688.543999097
8217,15558146.173254322,4253222.604535077
8218,15557309.49596152,4256778.089618831
8219,15559956.116855128,4250013.41077882
8220,15551211.302936371,4258137.119700132
8221,15562093.673717337,4261384.893596953
8222,15559274.396293512,4261830.763334405
8223,15552202.603001883,4257055.062581261
8224,15550731.181972578,4255077.347103935
8225,15559576.406072035,4257403.858404961
8226,15556097.338026268,4257528.440828179
8227,15572221.966267675,4249351.635008062
8228,15558069.140166689,4254867.153636746
8229,15559495.922080187,4260781.654770634
8230,15559274.396293512,4261830.763334405
8231,15557664.827776132,4256648.856243034
8232,15561974.561862191,4261208.991199503
8233,15555411.721282473,4251395.1610006
8234,15559204.487653287,4259338.129769931
8235,15542696.252446609,4249623.215713818
8236,15551286.554912154,4253629.779704119
8237,15551304.47735017,4254953.066645386
8238,15569435.194135156,4251212.707380458
8239,15561917.121004948,4249677.861359752
8240,15559493.13909292,4261141.126261484
8241,15557639.112973755,4252048.430170073
8242,15558575.532530306,4255489.52437694
8243,15538527.560155382,4246446.019725043
8244,15554779.315255282,4254730.954811215
8245,15549236.38385021,4255719.462464035
8246,15559158.401384104,4255354.414025044
8247,15559387.274257174,4261672.540563723
8248,15554494.559997829,4254529.674138678
8249,15558863.738691974,4259672.193575803
8250,15544464.451238368,4264454.249893099
8251,15557686.9803548,4259682.611815176
8252,15547677.243062165,4254140.962178286
8253,15556774.605808252,4260102.639631613
8254,15559602.67747186,4260819.630414479
8255,15551920.185453745,4261580.953386502
8256,15555956.073592456,4249698.130991999
8257,15554982.807284446,4250851.233551179
8258,15552134.364154032,4255006.91676994
8259,15563548.7307815,4260774.251591897
8260,15553001.097709348,4263494.846266557
8261,15556416.157047898,4258705.12262543
8262,15557273.4284465,4263242.941359256
8263,15561871.813972188,4256481.800727714
8264,15542186.631817762,4257713.32979119
8265,15550614.185187751,4258584.50177545
8266,15554703.50668205,4254145.757624146
8267,15555002.065556351,4254427.596519963
8268,15552355.444662744,4257500.070448564
8269,15571136.60123244,4267407.729046531
8270,15551317.16777212,4255962.971894637
8271,15559130.237552928,4254617.502758191
8272,15553670.573126975,4263487.304119094
8273,15548311.76415968,4271993.4942094805
8274,15551075.159199135,4255579.00507228
8275,15551251.934550513,4256180.860561984
8276,15551925.5287893,4255717.4069770025
8277,15557055.130925056,4257364.112936051
8278,15559253.913507205,4263112.808764631
8279,15555485.526104867,4255674.789966266
8280,15557285.896229468,4259454.509477304
8281,15542952.287275435,4249455.719605988
8282,15562111.707474852,4261217.902788326
8283,15559808.061932372,4253921.19600071
8284,15554672.448544117,4254006.690547654
8285,15558483.805269891,4250714.673790059
8286,15552371.80862789,4252134.321048842
8287,15559268.385041008,4249584.731099275
8288,15542817.034094129,4252087.334408042
8289,15552891.336691424,4254874.41579478
8290,15554643.83943498,4254484.869482714
8291,15550757.34205292,4252309.666562357
8292,15559072.351417718,4255535.977510253
8293,15550941.3531712,4254083.691015924
8294,15559521.41424358,4256625.14763469
8295,15550941.3531712,4255201.491948554
8296,15548323.45270621,4272887.079787796
8297,15553406.411975324,4254389.369039434
8298,15557992.66367652,4257236.654303409
8299,15559274.396293512,4261830.763334405
8300,15559327.940968577,4254383.340345023
8301,15571725.926616702,4267594.431471999
8302,15551275.75692154,4256118.782405117
8303,15555023.216259602,4249811.39510072
8304,15555723.415856697,4260492.386147044
8305,15558626.29421811,4259388.163296748
8306,15559885.87425644,4254052.315314855
8307,15572215.398417717,4249082.936975259
8308,15554769.853098564,4254970.7426112415
8309,15560889.308146449,4238438.375475907
8310,15549477.501867265,4257135.510768359
8311,15545785.368316129,4242366.942972207
8312,15537914.857678058,4259952.667011364
8313,15561881.3874484,4261349.932255841
8314,15537930.665045751,4259143.6180429775
8315,15559664.793747718,4259434.221759513
8316,15575230.04154789,4273250.381484715
8317,15555058.281899208,4250854.931783048
8318,15550687.21077372,4236611.890821975
8319,15551377.391616637,4253861.459822722
8320,15559177.7709755,4259308.658073653
8321,15550998.682708956,4260671.567278155
8322,15558140.941238254,4253233.290634596
8323,15556385.766826913,4263950.538766812
8324,15551648.454576716,4255335.230134729
8325,15555661.299580837,4248905.041140914
8326,15568910.322736064,4255432.794269329
8327,15562101.132123228,4260982.090886263
8328,15543056.370999329,4247328.481720124
8329,15558852.606742896,4255555.024722246
8330,15550052.800995689,4257939.614014936
8331,15571127.918312164,4250171.054076944
8332,15550654.705482405,4255088.172039834
8333,15558680.618129622,4256281.173030417
8334,15549360.505082443,4256466.452030686
8335,15557534.02737445,4257083.842954988
8336,15550974.971657418,4254999.380477014
8337,15559274.396293512,4261830.763334405
8338,15555546.751824804,4243477.936433947
8339,15571388.294601131,4250242.685969411
8340,15554029.912443256,4250190.091952921
8341,15559733.700512525,4249485.986497128
8342,15552075.030865436,4259031.628012765
8343,15555833.28819411,4258688.948388733
8344,15544357.584527217,4263756.904842692
8345,15565961.24678597,4269992.078752746
8346,15558737.947667371,4260666.768969337
8347,15557852.289798629,4253527.7104812525
8348,15552651.665827747,4254337.988227655
8349,15554572.14968291,4253997.647823594
8350,15551389.19148266,4255141.748779023
8351,15558519.204867968,4256360.930321774
8352,15554724.99134377,4253911.605307956
8353,15553234.979959505,4254245.503374561
8354,15551722.48203809,4252060.484989586
8355,15559693.40285686,4261631.819822772
8356,15562949.943240529,4266222.016842108
8357,15572073.24342798,4249305.071166154
8358,15563591.700104946,4260275.096980231
8359,15543784.734427588,4269865.707558324
8360,15558677.278544892,4255827.718660257
8361,15558510.410628198,4255472.395690251
8362,15551943.451227324,4258155.074939349
8363,15560515.052018398,4257494.588258092
8364,15562062.94953788,4261205.426566004
8365,15561351.617991714,4238831.729877944
8366,15553921.041981263,4240189.081898408
8367,15560015.784102192,4260973.590784817
8368,15551266.6287233,4256062.3231070535
8369,15555064.18183222,4256214.297949228
8370,15555279.139768938,4249578.568095277
8371,15561696.70841317,4260982.776378603
8372,15538071.261562629,4259806.808959908
8373,15559514.846393624,4258985.845393253
8374,15558035.632999966,4258137.119700132
8375,15553188.337092862,4252895.313541623
8376,15556943.3661563,4256356.5450260425
8377,15554405.28176621,4248856.28805267
8378,15544811.32277168,4247629.863226918
8379,15554981.026172591,4250855.890584106
8380,15558234.672249503,4256290.3546821
8381,15564635.542970115,4263350.17507342
8382,15552216.517938228,4249932.877980355
8383,15572147.827486806,4249392.310055529
8384,15571130.256021466,4250639.203680047
8385,15562127.403523045,4261338.415603263
8386,15559274.396293512,4261830.763334405
8387,15555751.468368374,4264013.895654546
8388,15553075.236490216,4259000.649333076
8389,15543366.618420169,4267503.754876756
8390,15551304.47735017,4254953.066645386
8391,15560255.232326886,4248331.521361459
8392,15555351.497437956,4245844.562316511
8393,15536306.513675071,4247406.941441204
8394,15544494.173542418,4246067.315398956
8395,15558277.64157295,4256927.196408168
8396,15562119.722478189,4261174.304622965
8397,15566037.723276146,4252593.102087278
8398,15562017.085907672,4258550.371799246
8399,15552812.29985296,4251418.173384893
8400,15571581.767876124,4249226.050040546
8401,15562346.814239403,4260813.872366129
8402,15545361.908973152,4243397.725422547
8403,15551067.478154266,4254201.521963176
8404,15554883.955576625,4249475.304055409
8405,15558373.042376554,4262922.754884076
8406,15551724.819747403,4254102.735699325
8407,15560061.53641291,4261780.170188856
8408,15559846.244517714,4255612.303588373
8409,15552515.188132033,4257655.217578579
8410,15559665.90694263,4260744.227640664
8411,15551599.25136179,4251714.051207321
8412,15550974.081101492,4254942.926956937
8413,15559754.739896284,4249009.943184743
8414,15558432.15302617,4255994.490112556
8415,15546471.875615846,4254097.940272323
8416,15551284.88511978,4254040.532323719
8417,15559177.43701703,4261077.648933295
8418,15558146.173254322,4253222.604535077
8419,15550627.766165633,4252431.177171665
8420,15562155.567354225,4258848.772828619
8421,15559834.555971185,4261191.030942568
8422,15561648.28443468,4253339.056182382
8423,15556787.518869191,4251563.508667638
8424,15558535.234874643,4262112.526194897
8425,15547602.32504485,4238523.886102684
8426,15554710.63112946,4254238.926703671
8427,15553206.036891896,4255898.702418673
8428,15550866.769112363,4258249.237630933
8429,15561982.354226544,4251563.508667638
8430,15551248.928924255,4254247.2845569365
8431,15542887.944609758,4249193.318753463
8432,15560758.730383744,4254509.669590711
8433,15551369.933210757,4253869.680378322
8434,15548189.646678274,4272237.366774516
8435,15554361.867164806,4258956.511719861
8436,15558107.32275203,4262501.247470846
8437,15571861.179798014,4250499.08541814
8438,15571655.795337502,4250280.898967997
8439,15558054.112035433,4262139.674533153
8440,15542622.113665748,4249927.536540179
8441,15552285.202064056,4254902.231274875
8442,15543921.2121233,4264826.322608627
8443,15563133.063802876,4267976.077079427
8444,15552361.78987372,4259625.448702963
8445,15551319.060203455,4253865.022062724
8446,15553584.300521612,4263409.963125655
8447,15552642.09235154,4257227.06070301
8448,15561837.082291065,4249931.371420038
8449,15558091.181425871,4255642.587512027
8450,15551546.597242642,4258388.358666879
8451,15537004.932160314,4259574.728685858
8452,15562130.520468794,4260927.800029506
8453,15559658.225897769,4260861.444904231
8454,15559225.19307858,4255516.79330149
8455,15555837.852293223,4249219.613336193
8456,15562323.437146334,4250247.479707439
8457,15559459.186648222,4259534.152841638
8458,15551304.47735017,4253935.582055607
8459,15555336.80326517,4251071.622957474
8460,15557151.867562557,4255430.875865036
8461,15544870.767379766,4253926.813410371
8462,15559908.36079358,4248472.70742187
8463,15558699.765082035,4256517.7057995405
8464,15548067.417877382,4241157.939911177
8465,15555079.65524144,4250856.575442055
8466,15557973.071446136,4259927.443299349
8467,15559932.73976206,4261307.430383972
8468,15565979.391862972,4264077.390047152
8469,15559034.502790852,4238252.033026765
8470,15558609.03969704,4255995.586400033
8471,15556898.170443036,4248889.292226316
8472,15551445.407825513,4255278.500827369
8473,15547670.118614748,4246926.333124088
8474,15552584.540174795,4258068.177338033
8475,15553328.265692784,4251922.540291465
8476,15558369.591472346,4255915.009563383
8477,15551555.502801908,4253490.171167634
8478,15557534.02737445,4259854.651282934
8479,15546860.603277698,4242502.166908403
8480,15565897.126759276,4242207.222111057
8481,15552336.297710331,4257905.486051966
8482,15559585.868228748,4259406.805984487
8483,15557109.454836562,4266393.747838719
8484,15553406.411975324,4254389.369039434
8485,15550328.762013365,4240246.143621106
8486,15542167.818823814,4256105.763851795
8487,15560486.442909269,4254527.892910321
8488,15551935.770182457,4254741.231323413
8489,15551568.415862834,4258041.5873582885
8490,15558737.947667371,4260666.768969337
8491,15556119.935882907,4256749.310049826
8492,15552515.188132033,4257655.217578579
8493,15547864.81640414,4254342.78375988
8494,15557094.538024794,4260146.096433566
8495,15555055.387592442,4250853.972982072
8496,15547446.255118756,4238841.581021396
8497,15553406.411975324,4254389.369039434
8498,15568910.322736064,4255432.794269329
8499,15561996.046523912,4258951.714163943
8500,15562130.854427263,4259922.508232069
8501,15547721.436900005,4254045.464737066
8502,15558033.295290658,4257966.340807305
8503,15575192.749518478,4252613.788099341
8504,15543565.212391747,4249573.637694575
8505,15559274.396293512,4261830.763334405
8506,15562164.250274504,4250047.788055168
8507,15558432.15302617,4255994.490112556
8508,15559788.91497996,4249124.843573918
8509,15555074.534544868,4250862.191278863
8510,15559196.583969442,4259533.330359868
8511,15554121.417064693,4249228.65211359
8512,15554629.479220672,4258153.841372355
8513,15562139.426028054,4249999.0298785055
8514,15551053.674537413,4257989.092897424
8515,15559630.173386088,4260874.194928021
8516,15562040.240361758,4261179.925760301
8517,15555283.369909586,4251133.398534423
8518,15547530.412653802,4260678.696198007
8519,15555888.16870307,4255373.872005306
8520,15560438.686847718,4259071.105395533
8521,15553857.701191,4243497.783959095
8522,15562075.19468187,4260882.146563293
8523,15557878.004600996,4257293.941978128
8524,15551018.274939334,4258077.223428359
8525,15558636.424291776,4255228.6231287
8526,15551110.22483873,4254006.690547654
8527,15543892.936972637,4249410.113995902
8528,15560151.593880964,4254834.816538736
8529,15549500.767640838,4240623.962661861
8530,15554969.226306573,4257089.873138128
8531,15561017.882158317,4239486.850184943
8532,15551394.646137713,4253824.878425205
8533,15558986.412770832,4259434.221759513
8534,15557678.074795537,4255079.950568557
8535,15554827.739233771,4254170.830989575
8536,15551512.31083948,4252395.833473108
8537,15546680.043063631,4263351.68348356
8538,15552183.456049472,4252736.398046455
8539,15557419.368298927,4256816.18840287
8540,15559274.396293512,4261830.763334405
8541,15551529.89931902,4251470.362364262
8542,15562103.915110497,4260897.364364172
8543,15551967.718876312,4258179.198055262
8544,15558143.167628068,4253224.933555876
8545,15553026.478553249,4248746.0466169305
8546,15558737.947667371,4260666.768969337
8547,15556399.45912428,4253751.578989275
8548,15557534.02737445,4256328.999927409
8549,15557251.275867827,4260036.837862937
8550,15558948.118865997,4249227.556503812
8551,15572458.408866117,4260021.895433166
8552,15551877.77272775,4255511.997254555
8553,15551275.75692154,4256118.782405117
8554,15547065.542460246,4260242.469705544
8555,15559741.158918403,4256830.167126703
8556,15551113.341784474,4258822.729235651
8557,15551358.13334473,4253939.144319742
8558,15559405.641973156,4259374.4554584045
8559,15547956.098386591,4241431.6441216925
8560,15559062.777941506,4255421.283848619
8561,15551759.551428532,4258117.793864913
8562,15558474.009154707,4254140.962178286
8563,15562058.496758252,4260921.76772874
8564,15558142.499711124,4253220.001512417
8565,15557381.185713593,4256778.089618831
8566,15559274.396293512,4261830.763334405
8567,15548170.49972586,4259911.952678974
8568,15557087.30225789,4260193.391887583
8569,15539377.3731481,4261196.652088508
8570,15551659.029928342,4252123.636022426
8571,15559312.356239872,4263230.32569739
8572,15554578.383574396,4253979.973429967
8573,15545476.1227707,4238665.903624323
8574,15560668.004998747,4238717.484624402
8575,15542271.568589237,4249709.772351809
8576,15560651.6410336,4253016.693655414
8577,15555419.291007854,4250917.5279712295
8578,15561890.960924609,4261574.509407432
8579,15550960.500123613,4258306.8047414245
8580,15557557.849745478,4257733.751373211
8581,15556922.549411522,4257389.467787466
8582,15554982.807284446,4250853.288124286
8583,15561804.46568026,4249800.849299895
8584,15558328.291941252,4254023.405905743
8585,15550092.208095426,4255257.261669636
8586,15559274.396293512,4261830.763334405
8587,15548688.914594488,4248167.468458185
8588,15559428.239829784,4259176.242037474
8589,15550540.714323835,4257997.453617137
8590,15571685.740280528,4249577.609406078
8591,15547330.9281263,4238796.293198959
8592,15540095.940461176,4264679.302313303
8593,15539377.3731481,4261196.652088508
8594,15551361.806887928,4253682.390252619
8595,15556855.646397552,4238227.680135831
8596,15557310.720475914,4253499.761490981
8597,15560607.558515249,4254998.969406638
8598,15556515.899311658,4252592.280127341
8599,15554486.878952963,4255879.243504699
8600,15542177.392300026,4249947.806634662
8601,15550540.714323835,4257997.453617137
8602,15551853.83903723,4255504.871702995
8603,15546066.783988854,4243698.314418762
8604,15556825.701454528,4256242.939071231
8605,15563481.827767538,4260694.1879052585
8606,15559292.20741204,4254234.953300256
8607,15558546.812101688,4255105.985248808
8608,15554841.8768091,4254738.901979799
8609,15572515.73840388,4266542.848746403
8610,15557121.477341566,4260196.682013742
8611,15553559.364955671,4249745.792167028
8612,15558717.019603113,4256267.606126375
8613,15558894.46287143,4256709.566960009
8614,15555197.987860154,4254207.824584488
8615,15552638.418808345,4263088.537630333
8616,15555852.435146524,4260599.867054418
8617,15550408.57808826,4257981.417488237
8618,15554400.161069635,4254047.793933036
8619,15561284.603658255,4263967.132201883
8620,15557610.503864624,4255806.067335292
8621,15541792.783459336,4253434.273450269
8622,15546527.090083284,4257867.246412787
8623,15554849.89181244,4254760.414172006
8624,15553160.173261683,4263696.017830979
8625,15559422.005938305,4261110.690001952
8626,15560506.814376082,4249287.952156412
8627,15555680.44653325,4253414.818919551
8628,15551573.98183738,4254166.4465718
8629,15542927.908306954,4247026.971581769
8630,15556625.326371102,4258664.412939766
8631,15560516.72181076,4254349.223477883
8632,15555888.16870307,4255373.872005306
8633,15558679.95021267,4255605.315002518
8634,15547035.040919768,4241607.776393981
8635,15558871.75369531,4255631.487964663
8636,15559570.50613902,4259259.995679305
8637,15551872.985989649,4255471.436484589
8638,15558589.89274462,4259800.914361532
8639,15554586.509897225,4253945.7208104255
8640,15569392.224811712,4251187.640791881
8641,15546034.05605856,4253184.655265998
8642,15553965.792416563,4240240.670061691
8643,15546178.882716082,4242184.229068143
8644,15542198.431683782,4249954.106806808
8645,15554634.599917244,4254795.217426046
8646,15540775.211993996,4265014.078084033
8647,15559382.26488009,4254821.1144074015
8648,15554598.198443756,4252134.321048842
8649,15558432.15302617,4255994.490112556
8650,15559058.102522897,4259623.255400059
8651,15557381.185713593,4257313.129304701
8652,15561939.718861574,4258984.3375856895
8653,15558049.99321427,4257628.35449035
8654,15560199.795220472,4248303.037876414
8655,15555135.871584289,4258306.8047414245
8656,15562015.193476336,4260943.840481837
8657,15537004.932160314,4259574.728685858
8658,15559521.41424358,4258612.463763076
8659,15558355.787855478,4259548.820443615
8660,15554493.335483428,4254069.304766273
8661,15557647.573255057,4256643.100391198
8662,15537501.417089254,4250167.219113125
8663,15558069.140166689,4254867.153636746
8664,15550941.3531712,4257548.313843248
8665,15552446.058728252,4254326.341943866
8666,15559379.92717078,4261679.670136673
8667,15562158.461660976,4260993.332966069
8668,15558384.285645127,4254031.215549013
8669,15552984.065827256,4254006.690547654
8670,15555045.034879806,4249743.053013418
8671,15561722.645854527,4250406.359069648
8672,15563670.73694341,4260809.896572613
8673,15542952.50991442,4250181.874160666
8674,15558413.11739324,4258383.150162697
8675,15559406.755168064,4261698.728056436
8676,15550801.869849231,4253376.868983822
8677,15544062.142598648,4249491.3277218975
8678,15541718.867317451,4253735.001054098
8679,15563466.688316789,4260790.840203072
8680,15549661.067707589,4254007.238591776
8681,15553781.892617771,4257935.091025767
8682,15562187.182089608,4250056.41663152
8683,15562199.093275117,4250094.628979952
8684,15553021.135217687,4251403.79063904
8685,15558296.899844855,4255053.367853707
8686,15537721.38440306,4259428.190283108
8687,15558957.6923422,4258268.563698512
8688,15553075.236490216,4259000.649333076
8689,15555955.07171704,4257949.756482296
8690,15559516.738824964,4257013.536746955
8691,15561795.448801508,4261259.170394416
8692,15558627.964010475,4256553.74803219
8693,15552316.148882495,4258323.389608075
8694,15558585.106006518,4259743.476464722
8695,15551967.38491784,4254223.444139898
8696,15551402.32718257,4253866.255146071
8697,15557992.66367652,4256472.34483146
8698,15556843.067295091,4258483.208703426
8699,15572221.966267675,4249351.635008062
8700,15552522.646537917,4257643.293648617
8701,15560147.25242082,4249306.3037358895
8702,15558432.15302617,4255994.490112556
8703,15555003.846668208,4250894.242695301
8704,15559183.225630552,4257197.868799291
8705,15552105.866364384,4250056.827516275
8706,15552336.297710331,4257341.773304883
8707,15560018.233130991,4239961.932660096
8708,15551388.412246224,4261156.344423045
8709,15559292.096092546,4255516.79330149
8710,15557534.02737445,4258001.017204532
8711,15557952.032062382,4256498.519868627
8712,15546164.188543295,4239665.277365248
8713,15547890.865164991,4264341.79399256
8714,15557648.686449967,4255096.393517292
8715,15552169.875071593,4253781.857762161
8716,15542928.019626442,4249223.995772786
8717,15559778.005669856,4257201.569177142
8718,15551483.924369326,4257905.486051966
8719,15540368.116616162,4244636.407677828
8720,15552729.366832316,4254653.401710519
8721,15551287.668107051,4255662.594132013
8722,15550679.752367834,4258024.86585776
8723,15551170.671322234,4255497.746156076
8724,15539377.3731481,4261196.652088508
8725,15544824.12451313,4247635.066615168
8726,15557098.32288748,4253567.716022926
8727,15561340.708681615,4241393.872534289
8728,15559046.080017896,4238280.216777013
8729,15562015.193476336,4260943.840481837
8730,15550654.705482405,4257618.897602546
8731,15558789.933869578,4255712.199744921
8732,15558002.237152724,4256911.847085979
8733,15556559.53655204,4253672.799769195
8734,15554004.531599356,4252248.432302071
8735,15559274.396293512,4261830.763334405
8736,15556922.549411522,4257389.467787466
8737,15536903.186145728,4258955.278062423
8738,15560702.180082424,4242754.689756976
8739,15551744.745936256,4255726.314090264
8740,15565272.847054908,4259646.559265944
8741,15555071.083640646,4250863.287052234
8742,15559269.94351388,4259406.257669689
8743,15559030.38396969,4238208.389401045
8744,15552668.69770984,4256290.3546821
8745,15558229.10627496,4254592.428369
8746,15559225.19307858,4255516.79330149
8747,15537004.932160314,4259574.728685858
8748,15551204.067169469,4258089.421955951
8749,15559439.037820391,4259265.88998596
8750,15546785.128662936,4242620.831392454
8751,15559139.254431687,4255555.024722246
8752,15547797.35679272,4246654.408527896
8753,15557753.772049272,4256665.712683698
8754,15559298.329984028,4259148.00445674
8755,15555888.16870307,4255373.872005306
8756,15552954.12088423,4262311.341345189
8757,15558279.31136531,4256701.618359377
8758,15552537.006752225,4264316.697285012
8759,15555376.544323385,4255534.7442386765
8760,15551197.16536104,4253767.882933495
8761,15563355.368825989,4255996.956759529
8762,15541960.319292976,4249946.573992709
8763,15550958.051094824,4255404.566354399
8764,15549004.17139241,4257788.437542428
8765,15536471.71179942,4248550.353683825
8766,15551096.421221877,4236247.615251216
8767,15552781.79831248,4263503.8968503885
8768,15558899.806206992,4250769.872766203
8769,15560731.011830542,4242712.533776699
8770,15561816.26554628,4260676.639778344
8771,15560564.03259435,4257355.478594667
8772,15537392.88058573,4259816.404824526
8773,15566851.357434357,4262874.076391785
8774,15555533.059527434,4250186.667872067
8775,15559718.895020248,4254542.827833992
8776,15557429.053094627,4252595.841954179
8777,15571717.911613362,4267631.607721984
8778,15551318.614925493,4257915.902607681
8779,15557854.18222997,4253787.47510028
8780,15548763.832611792,4250696.182880137
8781,15552056.217871493,4253293.023383085
8782,15552355.444662744,4257500.070448564
8783,15555655.733606294,4266298.82909452
8784,15557233.46474931,4251631.999102307
8785,15555967.094222046,4257007.36955729
8786,15558717.019603113,4255605.315002518
8787,15539377.3731481,4261196.652088508
8788,15551293.679359555,4256097.267541145
8789,15559101.071846344,4255746.183830591
8790,15555888.16870307,4255373.872005306
8791,15550215.8840497,4257972.371477187
8792,15553355.093690066,4263443.559766521
8793,15559217.95731168,4259282.887539232
8794,15551491.16013623,4253886.806555656
8795,15571189.47799057,4250199.953311767
8796,15567318.00873976,4265491.91593196
8797,15539377.3731481,4261196.652088508
8798,15551354.571121028,4255781.949454146
8799,15545912.495174613,4255282.748663864
8800,15558687.742577028,4256854.561413061
8801,15559529.317927428,4261502.940363493
8802,15559188.235007636,4261735.19870061
8803,15557534.02737445,4259854.651282934
8804,15552183.456049472,4257656.999316358
8805,15551746.415728616,4252356.65415772
8806,15563758.901980115,4259574.454524242
8807,15548224.489678895,4255580.51241032
8808,15561389.355299093,4238882.217081629
8809,15572037.955149395,4249440.106853226
8810,15553344.407018954,4256414.924419652
8811,15552398.413986191,4257384.807972526
8812,15545475.23221478,4239159.285140812
8813,15551098.981570164,4258813.134243359
8814,15554801.46783395,4254164.802415589
8815,15558012.03326791,4255742.209879635
8816,15559268.273721512,4248593.353790618
8817,15554495.67319274,4257255.704477721
8818,15542374.984396182,4250076.686964618
8819,15562028.329176243,4260948.638912324
8820,15559393.50814866,4261344.996546105
8821,15550958.16241431,4258122.591054863
8822,15558384.396964615,4255354.414025044
8823,15558035.632999966,4258137.119700132
8824,15545080.381980935,4249919.866784486
8825,15561970.888318997,4261394.079536511
8826,15553410.864754956,4273410.968261142
8827,15554395.040373065,4263725.501364081
8828,15555024.886051962,4255765.094375598
8829,15557954.481091175,4256758.903231078
8830,15552535.114320887,4255524.466980957
8831,15551221.544329522,4251677.750951439
8832,15559327.940968577,4254383.340345023
8833,15563213.10251676,4262012.845753735
8834,15548041.814394506,4246873.344266919
8835,15563548.7307815,4260774.251591897
8836,15550984.32249464,4253539.6299252855
8837,15559824.759855991,4262133.915789096
8838,15557663.046664275,4257566.268115509
8839,15558663.140969563,4255826.211288145
8840,15551607.711643089,4254311.818360275
8841,15559997.193747232,4257912.201988067
8842,15561975.11845965,4261390.2406354565
8843,15555934.032333275,4247683.129607727
8844,15553160.173261683,4263696.017830979
8845,15563332.437010886,4257290.789777694
8846,15552848.033409506,4257407.284745253
8847,15552346.427783992,4257347.118365852
8848,15554574.376072727,4248204.441769453
8849,15561994.710690027,4267866.054223195
8850,15558538.1291814,4255424.572539017
8851,15556311.071448592,4257198.417003338
8852,15551293.56804007,4256082.19345784
8853,15559239.553292897,4255029.525679875
8854,15559411.875864638,4261486.624880782
8855,15559379.370573329,4261677.887743
8856,15552924.287260698,4252260.487341885
8857,15558336.640903063,4255077.347103935
8858,15551301.91700188,4257780.76227411
8859,15551024.84278929,4260664.027079529
8860,15559521.41424358,4256625.14763469
8861,15557753.772049272,4256665.712683698
8862,15560695.166954506,4238622.942445983
8863,15551781.815326689,4252402.135054414
8864,15550473.14339292,4259248.892459116
8865,15556368.400986351,4254437.18766507
8866,15558671.823889846,4255576.1274275
8867,15560637.280819291,4242637.529381417
8868,15543956.945679847,4249382.860283552
8869,15544234.019892434,4270689.547846902
8870,15558336.640903063,4255077.347103935
8871,15558825.22214816,4263203.586027483
8872,15561795.448801508,4261259.170394416
8873,15550540.714323835,4257997.453617137
8874,15554630.592415577,4254015.596268047
8875,15559827.20888479,4258115.737927007
8876,15559644.31096141,4249427.096242927
8877,15552027.052164905,4257509.390178675
8878,15554588.624967547,4256773.8412015
8879,15557534.02737445,4258001.017204532
8880,15557534.02737445,4258001.017204532
8881,15555298.286721356,4253644.165375847
8882,15554553.00273049,4257377.681200576
8883,15550052.689676194,4258574.632855717
8884,15551631.200055646,4250008.4801822975
8885,15551595.91177706,4255507.338239551
8886,15551056.68016366,4237343.3510991465
8887,15545303.020962518,4246359.488877027
8888,15551482.81117442,4253128.21110924
8889,15555184.518201765,4250984.644631923
8890,15559129.680955475,4249210.71151726
8891,15550654.482843429,4241238.408240047
8892,15551898.03287507,4242786.580590022
8893,15556774.82844724,4258397.816220289
8894,15538104.32345139,4257797.894576877
8895,15552412.774200508,4255019.93401541
8896,15558589.89274462,4255607.644530641
8897,15551531.346472405,4255303.028680193
8898,15550523.34848327,4257623.557517254
8899,15551478.135755803,4252377.887685364
8900,15537004.932160314,4259574.728685858
8901,15551189.818274649,4255172.853553635
8902,15539377.3731481,4261196.652088508
8903,15559373.35932083,4261388.184081876
8904,15551557.395233244,4254576.671268588
8905,15552546.580228437,4263848.510265592
8906,15553280.9549092,4263441.639955687
8907,15551444.18331111,4252408.299648332
8908,15537240.03892487,4259386.518355239
8909,15552606.2474755,4256838.664006787
8910,15561888.6232153,4249688.543999097
8911,15559234.766554791,4250128.047773929
8912,15563578.00780758,4275538.623192449
8913,15557811.546864994,4266784.541940433
8914,15558909.936280658,4255707.951741638
8915,15553171.193891274,4263277.634504518
8916,15551631.200055646,4257087.954443131
8917,15543008.726257266,4249147.577286046
8918,15559393.842107132,4259403.790253433
8919,15563314.625892362,4255817.852228377
8920,15551908.719546195,4242800.8151548905
8921,15560145.58262846,4238421.273430533
8922,15539377.3731481,4261196.652088508
8923,15544577.997118983,4259262.188909316
8924,15552145.273464128,4263695.606433405
8925,15555915.553297808,4249280.830656242
8926,15571640.544567265,4250079.563163567
8927,15551384.516064042,4253914.61952477
8928,15551898.03287507,4242786.580590022
8929,15568910.322736064,4255432.794269329
8930,15539377.3731481,4261196.652088508
8931,15558492.376870686,4256349.967085734
8932,15551192.155983957,4258533.649520483
8933,15556750.33815926,4255399.633328201
8934,15563916.53037908,4257561.471169651
8935,15550568.766835513,4258182.624638544
8936,15538687.526263658,4251881.307903923
8937,15547956.098386591,4241431.6441216925
8938,15556661.6165251,4263937.9222876
8939,15554637.939501964,4254119.451204155
8940,15558852.606742896,4255975.442135213
8941,15559760.305870827,4261194.047166859
8942,15544164.779169155,4260075.633441118
8943,15547259.238374231,4273074.6995153455
8944,15560906.340028536,4259122.919676784
8945,15562067.736275982,4261360.626301247
8946,15562713.611961564,4266478.791345196
8947,15545347.103480875,4265612.475914231
8948,15559125.7847733,4254274.550384945
8949,15554987.816661531,4250850.685665085
8950,15555055.832870409,4251459.951944309
8951,15551894.248012386,4254914.28923896
8952,15558757.094619798,4255593.2562766345
8953,15559072.351417718,4254251.531993015
8954,15563902.17016477,4260876.936870566
8955,15557195.616122438,4266481.809030176
8956,15559381.374324163,4261627.432411928
8957,15557992.66367652,4256930.896694418
8958,15558680.618129622,4257733.477257766
8959,15547474.975547388,4245719.291367923
8960,15554712.634880291,4253968.738558937
8961,15561606.316986648,4249550.492232072
8962,15548031.239042882,4251682.271354098
8963,15557151.867562557,4255430.875865036
8964,15559575.738155087,4261625.924239859
8965,15562422.51149314,4260780.00961937
8966,15539377.3731481,4261196.652088508
8967,15555057.502662772,4250852.740238084
8968,15553321.363884356,4256406.976033177
8969,15559387.608215643,4249707.581036074
8970,15559274.396293512,4261830.763334405
8971,15538076.82753716,4259864.247189553
8972,15547721.436900005,4254045.464737066
8973,15537004.932160314,4259574.728685858
8974,15551072.487531358,4254085.472171959
8975,15553731.35356895,4256124.126868336
8976,15556083.423089918,4251637.067411501
8977,15557323.299578376,4260606.858833739
8978,15553357.876677332,4251060.117123563
8979,15551220.87641258,4255951.597951344
8980,15562126.290328143,4261315.245231878
8981,15553633.50373654,4260653.744998876
8982,15555823.826037392,4253789.256208092
8983,15558967.265818411,4254200.699882408
8984,15561648.28443468,4253339.056182382
8985,15551874.321823532,4251838.294881134
8986,15562952.726227792,4254745.341930989
8987,15537426.387752458,4248441.6216829615
8988,15554782.320881523,4249363.686858227
8989,15565903.917248216,4270125.860928247
8990,15552707.770851107,4250457.584459015
8991,15554629.479220672,4258153.841372355
8992,15559274.396293512,4261830.763334405
8993,15556463.913109452,4257542.420462598
8994,15554185.20313291,4255681.093436487
8995,15558829.22964982,4256575.811967068
8996,15557617.405673051,4251778.844038753
8997,15558298.458317729,4265389.873028153
8998,15548595.40622222,4245593.200416849
8999,15553958.890608132,4252174.458484858
9000,15539377.3731481,4261196.652088508
9001,15572515.73840388,4266542.848746403
9002,15552202.603001883,4254274.687399329
9003,15544305.709644498,4258995.303463603
9004,15559368.572582722,4261058.45499738
9005,15553743.932671413,4260708.308684098
9006,15559851.142575312,4248379.587410457
9007,15558138.714848436,4253231.372615964
9008,15558749.524894416,4256964.610471274
9009,15559209.274391398,4258262.806993956
9010,15558604.141639443,4257389.467787466
9011,15559234.766554791,4255469.106985477
9012,15552642.09235154,4257227.06070301
9013,15559509.503058068,4249399.020768117
9014,15559607.575529456,4259397.07340089
9015,15557617.405673051,4251778.844038753
9016,15571649.227487544,4250053.4034771
9017,15559274.396293512,4261830.763334405
9018,15546866.280571727,4250924.650536112
9019,15571598.46579974,4250280.898967997
9020,15554575.04398967,4254485.828601864
9021,15563448.097961828,4260745.050213571
9022,15557696.442511518,4257633.151465549
9023,15558636.0903333,4255552.695205328
9024,15563616.858309869,4261697.082767089
9025,15558757.094619798,4251924.321095758
9026,15558967.265818411,4254093.144847423
9027,15551233.900793009,4253795.421583523
9028,15553129.33776274,4263548.738489987
9029,15555382.666895377,4266682.8984639
9030,15559172.650278926,4259361.4330279
9031,15551894.470651368,4255125.03171203
9032,15555023.216259602,4249811.39510072
9033,15559980.05054565,4257848.195172928
9034,15560032.593345303,4248360.415741692
9035,15551539.138836762,4258971.4526932
9036,15558302.354499904,4253618.408186521
9037,15552706.101058742,4257494.862367551
9038,15551099.983445585,4235906.058040603
9039,15559807.39401543,4261236.000191079
9040,15557075.39107238,4257542.420462598
9041,15559300.779012827,4250544.5585968895
9042,15545882.21627312,4255397.440872825
9043,15557916.298505832,4254236.460453108
9044,15558290.331994891,4255612.851712944
9045,15551333.0864593,4258822.729235651
9046,15559175.321946705,4259310.303003444
9047,15559932.517123075,4261307.156178882
9048,15559148.827907898,4255383.052895337
9049,15556406.026974238,4253788.571166592
9050,15559072.351417718,4255402.236869529
9051,15552126.12651171,4257695.238220192
9052,15550402.232877284,4241245.798218223
9053,15552641.758393064,4250200.912055464
9054,15554981.026172591,4250854.931783048
9055,15560056.527035823,4254953.066645386
9056,15560920.032325905,4258348.609618808
9057,15552126.12651171,4257695.238220192
9058,15551341.212782124,4257892.328311562
9059,15549075.527186016,4254585.166398163
9060,15556380.312171862,4253753.4970991
9061,15543691.337374814,4252643.241760155
9062,15556619.203799102,4258132.459566526
9063,15543921.2121233,4264826.322608627
9064,15558260.164412891,4261431.097580154
9065,15540073.008646073,4271129.073705068
9066,15558125.245190049,4255012.808784389
9067,15555240.957183594,4245312.547157347
9068,15559966.246928789,4249989.853504366
9069,15558336.640903063,4255077.347103935
9070,15559274.396293512,4261830.763334405
9071,15551421.919412948,4253885.984498533
9072,15555140.10172494,4256818.107050182
9073,15559464.084705826,4261708.188474997
9074,15547677.799659606,4238580.939163572
9075,15551488.377148952,4253792.2703912025
9076,15561986.473047704,4256825.7816427965
9077,15558680.618129622,4257733.477257766
9078,15552236.666766066,4254927.443396757
9079,15554575.04398967,4254485.828601864
9080,15552275.294629376,4253664.031334562
9081,15541746.91982913,4249794.412257629
9082,15552423.794830097,4257836.819268558
9083,15551778.030464005,4255491.031702652
9084,15556453.560396813,4265281.659216457
9085,15556269.771917513,4254891.954611426
9086,15563324.199368568,4256835.374891131
9087,15549036.788003214,4253933.252883531
9088,15559143.150613865,4249169.900193879
9089,15555636.58665388,4251901.85558594
9090,15554635.713112151,4254396.219832571
9091,15546800.602072164,4260295.38625899
9092,15551232.7875981,4257649.872366987
9093,15559383.378074996,4261841.183631958
9094,15559387.274257174,4261672.540563723
9095,15552140.48672602,4257420.716009549
9096,15554528.957720486,4254035.873935377
9097,15556215.559325494,4256112.75275744
9098,15561014.319934608,4257784.874024325
9099,15556657.609023431,4259785.423920495
9100,15559903.57405547,4257962.777231215
9101,15561763.500107646,4259260.406909896
9102,15557094.538024794,4260160.353592358
9103,15559940.977404376,4257907.130770629
9104,15540095.940461176,4264679.302313303
9105,15557879.006476415,4257572.161509014
9106,15568949.507196823,4255442.797382881
9107,15544686.756261488,4269293.693825873
9108,15557835.146597045,4256424.380266254
9109,15559274.396293512,4261830.763334405
9110,15547562.583986642,4260351.181969802
9111,15550540.714323835,4257997.453617137
9112,15555425.190940864,4250891.229310274
9113,15559737.485375209,4249080.608835594
9114,15557983.090200309,4254315.380746918
9115,15558946.783032106,4238165.566827306
9116,15552037.850155516,4258300.4997574
9117,15551073.044128804,4257934.953965519
9118,15561863.57632987,4260426.7191231055
9119,15555637.143251332,4251472.280074282
9120,15551619.734148093,4258251.156529728
9121,15559582.528644027,4255004.724393282
9122,15556819.690202024,4253572.100200768
9123,15560109.069835477,4261890.680181072
9124,15541129.430613697,4252407.20372027
9125,15550961.724638008,4257726.350258539
9126,15560059.198703602,4261507.053514242
9127,15559387.608215643,4261650.877659073
9128,15539151.394581797,4250295.006309429
9129,15555886.387591217,4251656.929726922
9130,15547867.042793956,4243983.16979538
9131,15557752.2135764,4254874.41579478
9132,15551423.923163785,4258501.986915192
9133,15559712.549809271,4261631.819822772
9134,15543351.812927894,4249703.061448762
9135,15556387.547938766,4256835.374891131
9136,15557018.06153462,4260236.849050411
9137,15558512.970976483,4263350.17507342
9138,15559067.675999109,4238298.549934973
9139,15559349.425630303,4261039.3981943615
9140,15546620.26449707,4257912.201988067
9141,15552522.646537917,4257643.293648617
9142,15557634.437555142,4258693.745829324
9143,15562324.77298023,4260802.356278534
9144,15559387.274257174,4261672.540563723
9145,15551653.463953802,4253634.437919562
9146,15560037.380083406,4249096.084126201
9147,15559062.777941506,4255421.283848619
9148,15558432.15302617,4255994.490112556
9149,15557120.809424624,4260193.803153301
9150,15556861.657650052,4253572.785228718
9151,15557116.245325502,4258815.053241143
9152,15544382.074815184,4248699.62229471
9153,15553173.086322622,4250508.810088075
9154,15561079.441836726,4238931.336291412
9155,15561629.916718695,4237061.267318693
9156,15558057.228981176,4255823.881713466
9157,15563133.063802876,4267756.306843176
9158,15558422.690869449,4256080.549013646
9159,15537311.72867694,4259521.952701716
9160,15563800.646789167,4260824.702983398
9161,15551202.953974562,4255308.235717481
9162,15551340.210906709,4253866.255146071
9163,15556466.807416214,4253761.169541756
9164,15558604.141639443,4257389.467787466
9165,15550948.47761861,4258129.992437776
9166,15557753.772049272,4256665.712683698
9167,15543180.38091207,4247376.817223541
9168,15558417.904131344,4255490.483584188
9169,15571310.59359655,4250659.475092245
9170,15558898.02509514,4249077.048152354
9171,15551366.482306536,4258151.922490636
9172,15547587.742191564,4239072.264492868
9173,15560776.430182785,4249646.08741715
9174,15557629.650817038,4256940.490034976
9175,15547259.238374231,4273074.6995153455
9176,15557511.76347629,4260910.799917695
9177,15556602.50587549,4258368.895321834
9178,15557535.251888843,4256653.241655991
9179,15559528.204732517,4249500.640632853
9180,15543880.580509163,4249699.226648865
9181,15559191.79723134,4254771.51283548
9182,15549051.927453963,4253930.37567165
9183,15563075.734265115,4267765.909694865
9184,15551509.861810677,4253811.314567325
9185,15551414.349687578,4253825.700477742
9186,15555271.347404584,4257572.572676121
9187,15563694.893272908,4260757.251718967
9188,15561917.121004948,4249677.861359752
9189,15551486.262078632,4258572.576831893
9190,15561789.103590531,4249815.2299398985
9191,15561894.300509326,4249636.911338818
9192,15547956.098386591,4241408.926412227
9193,15549360.505082443,4256466.452030686
9194,15551098.981570164,4258813.134243359
9195,15536123.170473743,4263061.661182962
9196,15550540.046406891,4272449.953442579
9197,15561147.458045594,4239151.07561623
9198,15557629.650817038,4256940.490034976
9199,15551380.842520852,4253885.436460483
9200,15558798.282831384,4253961.751023017
9201,15565961.24678597,4269992.078752746
9202,15542414.836773884,4249703.061448762
9203,15551425.592956152,4258003.484304176
9204,15559024.595356168,4255344.82207568
9205,15559409.649474824,4242104.574970937
9206,15557979.305337615,4256470.700328599
9207,15561432.324622538,4258920.598638122
9208,15558422.690869449,4256080.549013646
9209,15559932.517123075,4261307.156178882
9210,15550540.714323835,4257997.453617137
9211,15552606.2474755,4256838.664006787
9212,15559485.56936755,4261197.063391985
9213,15550845.8410481,4251226.815922771
9214,15550868.99550218,4236300.963152147
9215,15552260.82309557,4263438.623110772
9216,15558531.116053484,4254161.925142812
9217,15562098.905733405,4261387.224357005
9218,15558142.499711124,4253220.001512417
9219,15551495.501596369,4253835.154086314
9220,15571383.507863017,4250271.311464779
9221,15558851.827506457,4259660.130363672
9222,15553355.093690066,4263443.559766521
9223,15563670.73694341,4260809.896572613
9224,15553328.59965126,4249432.711346529
9225,15551518.433411466,4257638.085499379
9226,15562031.891399946,4261361.997333465
9227,15561033.689526008,4259855.885041881
9228,15551583.666633071,4252118.156525749
9229,15550415.813855164,4258278.158212836
9230,15559274.396293512,4261830.763334405
9231,15554000.969375648,4250568.527968941
9232,15554734.787458958,4251216.953638852
9233,15550979.535756538,4257590.526988215
9234,15546459.630471865,4242271.000684854
9235,15575297.38983982,4266809.36997799
9236,15557581.783435997,4257900.688957276
9237,15557610.503864624,4255019.93401541
9238,15558833.459790478,4257160.179836982
9239,15554619.905744463,4254140.962178286
9240,15551974.732004233,4253058.20431932
9241,15550395.88766631,4251540.769938088
9242,15547220.61051092,4266179.770333648
9243,15551025.06542828,4253964.765253652
9244,15555109.60018446,4249797.151424089
9245,15555201.216125386,4258649.883593711
9246,15551515.873063182,4258024.86585776
9247,15558189.699175222,4255000.887735182
9248,15561496.889927195,4250228.030840466
9249,15558757.094619798,4255593.2562766345
9250,15556821.026035912,4248923.392078669
9251,15552059.223497745,4260485.257348736
9252,15548828.17527747,4249509.131823274
9253,15551867.642654091,4250874.244791985
9254,15540095.940461176,4264679.302313303
9255,15555047.261269618,4251783.91241595
9256,15551412.234617254,4253842.552568288
9257,15549622.77380275,4253893.108995666
9258,15571483.806724224,4250280.898967997
9259,15563477.041029423,4266714.859131167
9260,15551753.54017602,4254179.18879082
9261,15551611.162547298,4255285.489204414
9262,15559844.240766885,4262012.43441955
9263,15551358.355983712,4253806.656276576
9264,15553090.598579943,4250360.201637997
9265,15550411.138436548,4257967.574353147
9266,15543457.0098467,4249284.528357676
9267,15541310.7700642,4245657.135603744
9268,15560463.733733147,4257534.060090844
9269,15559148.827907898,4255383.052895337
9270,15551829.905346708,4255574.208998067
9271,15562021.98396527,4261474.696770179
9272,15567356.191325102,4270918.845577635
9273,15562000.944581514,4249280.830656242
9274,15551168.333612924,4256398.205406535
9275,15548716.29918922,4255050.49034721
9276,15559449.724491503,4248843.825921691
9277,15550720.606620954,4249645.950460699
9278,15562093.673717337,4261293.445933248
9279,15559822.978744134,4261209.40250344
9280,15550887.585857147,4255536.662661188
9281,15557304.709223416,4259300.433428406
9282,15559445.049072895,4259176.242037474
9283,15552821.205412224,4257769.386439902
9284,15562058.162799776,4260950.96957932
9285,15539377.3731481,4261196.652088508
9286,15558531.45001196,4256724.36781796
9287,15559274.396293512,4261830.763334405
9288,15552489.25069068,4257465.943857577
9289,15562434.533998149,4261107.536700628
9290,15552333.960001018,4257489.791343684
9291,15550251.061008789,4257775.55405939
9292,15550452.32664814,4240495.4671486365
9293,15552530.772860749,4264147.467440317
9294,15546654.328261256,4241976.062106301
9295,15558624.179147786,4259416.675655575
9296,15545169.994171018,4270658.536076214
9297,15550984.32249464,4253539.6299252855
9298,15559306.344987368,4261686.114177764
9299,15553511.608894125,4255722.203114011
9300,15549904.63475344,4253228.495588647
9301,15561728.54578754,4249707.581036074
9302,15571536.349523876,4250233.098499658
9303,15550523.34848327,4257623.557517254
9304,15551347.446673611,4258863.302439028
9305,15552737.827113615,4263183.56559953
9306,15554968.66970912,4254888.666081164
9307,15559756.075730173,4255536.799691381
9308,15559486.793881943,4261842.55472448
9309,15557703.678278416,4256569.096851743
9310,15559663.235274851,4249075.404760481
9311,15551408.33843508,4253819.672093929
9312,15554802.358389867,4254646.139699206
9313,15557972.626168177,4261194.047166859
9314,15559072.351417718,4259360.1993247615
9315,15560486.442909269,4258507.469610842
9316,15557381.185713593,4256271.580268239
9317,15560859.02924495,4238996.874521056
9318,15556952.383035053,4254071.085919962
9319,15551859.850289734,4255478.562014368
9320,15560795.020537743,4258666.057772612
9321,15555852.435146524,4260599.867054418
9322,15540871.837312002,4260584.786761312
9323,15558689.189730411,4256868.266092192
9324,15561164.82388616,4259615.715924677
9325,15552085.828856042,4254891.269500874
9326,15551277.204074925,4256084.797161656
9327,15537927.43678052,4259139.231630976
9328,15556380.980088815,4253238.085682641
9329,15559215.619602373,4255555.024722246
9330,15551093.081637148,4235934.646122004
9331,15555562.225234024,4249410.250949402
9332,15539377.3731481,4261196.652088508
9333,15553615.581298525,4250753.436317408
9334,15561796.895954885,4249805.779802911
9335,15550887.585857147,4255536.662661188
9336,15571598.46579974,4250280.898967997
9337,15537488.94930628,4250216.662856758
9338,15559375.140432678,4261680.2185655525
9339,15562127.06956458,4261312.503179343
9340,15563902.17016477,4260876.936870566
9341,15555581.372186445,4249560.900836375
9342,15559062.777941506,4259419.691390186
9343,15553949.985048868,4250583.183553706
9344,15555071.083640646,4250863.287052234
9345,15542832.284864362,4249912.333993944
9346,15551877.77272775,4251045.323926305
9347,15550540.714323835,4257997.453617137
9348,15556453.783035792,4253757.333319753
9349,15561742.238084909,4258996.262978445
9350,15557362.038761178,4257737.040759116
9351,15552435.149418153,4257207.873527469
9352,15552928.40608186,4252225.692149477
9353,15558123.352758706,4256335.988975717
9354,15551438.172058608,4253969.012580044
9355,15537601.49331148,4260239.179565605
9356,15555928.911636695,4253175.887222546
9357,15558499.056040132,4256903.487196346
9358,15559274.396293512,4261830.763334405
9359,15559724.460994786,4261744.110718634
9360,15558957.6923422,4258173.0302080605
9361,15557534.02737445,4256778.089618831
9362,15550349.46743865,4250878.627890956
9363,15551967.38491784,4254223.444139898
9364,15558585.106006518,4259743.476464722
9365,15551361.584248943,4258175.634409787
9366,15556368.400986351,4254437.18766507
9367,15556959.618801951,4254699.851293134
9368,15543048.689954463,4249088.962750815
9369,15562104.80566642,4260814.832040645
9370,15559158.401384104,4255354.414025044
9371,15551208.408629607,4257077.949824678
9372,15559072.351417718,4254251.531993015
9373,15549639.58304586,4246745.4600705085
9374,15554230.51016567,4254633.53395517
9375,15550752.666634304,4254324.971793645
9376,15551631.534014115,4255331.530388324
9377,15561389.355299093,4238882.217081629
9378,15549622.77380275,4253893.108995666
9379,15543861.990154196,4249790.577425738
9380,15555952.622688238,4249755.653125697
9381,15537004.932160314,4259574.728685858
9382,15554939.94928049,4254496.92698676
9383,15553370.678418783,4254957.0403096415
9384,15560960.663940042,4256988.868009165
9385,15555176.503198428,4254257.971657305
9386,15562117.05081041,4261353.222730234
9387,15559329.165482985,4261683.097817632
9388,15557713.14043513,4258819.987808421
9389,15537004.932160314,4259574.728685858
9390,15555408.938295206,4258061.324244285
9391,15557611.28310106,4257044.6468456285
9392,15556212.331060262,4255262.605711893
9393,15558279.31136531,4256701.618359377
9394,15565903.917248216,4270125.860928247
9395,15547956.098386591,4241431.6441216925
9396,15547903.555586943,4252229.390845776
9397,15560018.233130991,4257962.777231215
9398,15566910.356764477,4249957.804735627
9399,15562126.290328143,4261315.245231878
9400,15558599.466220831,4257287.774630309
9401,15545994.42631983,4258294.60597127
9402,15560408.853224188,4249254.946781171
9403,15558604.141639443,4256472.34483146
9404,15555355.616259117,4261498.00458464
9405,15571856.727018382,4250128.184736409
9406,15561901.090998266,4261297.55900513
9407,15557457.662203765,4257695.238220192
9408,15541677.233827896,4253495.925360636
9409,15537004.932160314,4259574.728685858
9410,15550253.398718096,4258631.653403811
9411,15557719.263007129,4254870.579182384
9412,15555176.503198428,4254257.971657305
9413,15560411.524891963,4249263.437781066
9414,15543375.301340451,4249662.93307351
9415,15555222.255509146,4251364.888830661
9416,15556368.400986351,4254437.18766507
9417,15556922.549411522,4257389.467787466
9418,15557381.185713593,4256166.608591938
9419,15551670.16187742,4258987.764421356
9420,15540870.835436584,4252325.55738836
9421,15559330.27867789,4261326.076346115
9422,15555699.593485665,4249052.945096252
9423,15558142.499711124,4253220.001512417
9424,15552431.92115292,4257437.2995321015
9425,15558298.458317729,4261517.199292705
9426,15554981.026172591,4250854.931783048
9427,15553785.232202493,4250711.249545125
9428,15552090.058996698,4252287.200261518
9429,15559193.578343192,4261051.325829771
9430,15554981.026172591,4250854.931783048
9431,15559963.352622032,4239090.051676094
9432,15561561.34391237,4237039.379452657
9433,15566342.404722448,4248778.639621511
9434,15554672.448544117,4254212.20901884
9435,15553966.905611472,4249132.375822708
9436,15552618.269980509,4258254.994328339
9437,15558176.340836324,4254364.158157634
9438,15565476.33908408,4265520.581381629
9439,15552392.402733687,4257978.676271975
9440,15550983.988536175,4254024.501995691
9441,15554981.026172591,4250854.931783048
9442,15547902.998989483,4265797.638888976
9443,15554726.21585817,4258172.619018372
9444,15553780.890742354,4252925.041955156
9445,15554950.190673647,4254898.25763053
9446,15556112.47747702,4258605.47325946
9447,15556137.858320912,4253983.672719294
9448,15558638.205403624,4259408.039692885
9449,15552515.188132033,4257655.217578579
9450,15558494.380621515,4254143.702432805
9451,15561179.62937844,4239039.563515877
9452,15552575.189337572,4263602.49384798
9453,15556317.639298549,4258980.49953102
9454,15562065.287247192,4261097.939702206
9455,15559072.351417718,4255535.977510253
9456,15543686.105358746,4252020.895916209
9457,15546066.783988854,4243698.314418762
9458,15559895.113774171,4258322.9784127325
9459,15561763.500107646,4259260.406909896
9460,15551029.518207906,4267159.574777905
9461,15551997.107221875,4255126.264937412
9462,15547367.329599788,4243687.774501207
9463,15551208.853907572,4256204.705245709
9464,15559412.09850362,4254541.320638934
9465,15571930.53184078,4249354.100158152
9466,15558969.380888732,4262802.22459113
9467,15556540.389599629,4264395.416112885
9468,15551402.215863084,4253775.007353723
9469,15550372.844531711,4257837.367504644
9470,15555056.166828878,4250854.109953635
9471,15551232.7875981,4256305.017932857
9472,15550731.181972578,4256376.689992846
9473,15559106.637820888,4254623.257544145
9474,15559310.686447509,4259648.341328317
9475,15562015.193476336,4260943.840481837
9476,15562866.008344464,4260848.831992107
9477,15559980.05054565,4257848.195172928
9478,15551423.923163785,4253773.089240124
9479,15557094.538024794,4260160.353592358
9480,15568158.804853722,4259166.646734866
9481,15554566.695027858,4253994.496573024
9482,15545476.1227707,4238665.903624323
9483,15558148.956241587,4253231.783619926
9484,15557087.079618912,4260195.996570707
9485,15547714.980369536,4253823.919363998
9486,15559159.403259523,4259171.307309367
9487,15556368.400986351,4254437.18766507
9488,15544358.80904161,4263757.179109278
9489,15568910.322736064,4255432.794269329
9490,15559956.116855128,4250013.41077882
9491,15543181.828065451,4249594.181045476
9492,15559956.116855128,4250013.41077882
9493,15543670.297991052,4259467.669098169
9494,15561518.374588918,4263638.285189692
9495,15556453.783035792,4253757.333319753
9496,15558041.42161348,4254601.197547754
9497,15552690.627649523,4250262.682719062
9498,15549074.636630086,4255169.838990111
9499,15551261.062748754,4255961.464503879
9500,15551989.982774472,4255378.256907047
9501,15556775.051086215,4258038.709065391
9502,15559235.434471732,4254244.9553185
9503,15558989.418397076,4249008.710648367
9504,15557770.803931369,4257272.561853893
9505,15558454.86220229,4255287.54461028
9506,15562158.461660976,4260993.332966069
9507,15561945.284836112,4261247.790939299
9508,15547508.816672588,4260619.0601848345
9509,15552454.964287516,4254811.933989009
9510,15551537.357724909,4258648.3758324925
9511,15554592.409830237,4244028.615931892
9512,15551873.20862863,4255180.389966079
9513,15558057.228981176,4254684.368077015
9514,15553043.176476866,4251405.571358929
9515,15575265.775104431,4252545.42851301
9516,15571223.096476786,4250617.699587869
9517,15556999.025901696,4260007.50136876
9518,15560285.84518686,4250930.54035288
9519,15558126.46970445,4254752.466987789
9520,15559212.72529561,4261666.370744731
9521,15550984.32249464,4253539.6299252855
9522,15558413.006073752,4256830.167126703
9523,15559937.081222204,4262091.54797972
9524,15541637.492769675,4254103.009723785
9525,15558709.227238754,4255669.719786328
9526,15556387.547938766,4256835.374891131
9527,15566553.577796482,4271912.524783216
9528,15551267.519279225,4256144.956596065
9529,15553225.295163805,4251403.79063904
9530,15546112.091021605,4264814.116557268
9531,15557075.39107238,4256625.14763469
9532,15558104.762403749,4258826.018949237
9533,15563902.17016477,4260876.936870566
9534,15556472.48471024,4256655.70845155
9535,15559255.02670211,4263213.047749351
9536,15550662.720485743,4257681.395447444
9537,15557887.578077205,4256013.675159239
9538,15558372.263140123,4253815.972860055
9539,15559101.071846344,4249077.048152354
9540,15561814.484434431,4259911.952678974
9541,15557629.650817038,4256940.490034976
9542,15551407.781837622,4253853.787309736
9543,15551722.48203809,4252060.484989586
9544,15558871.75369531,4255631.487964663
9545,15557055.130925056,4257364.112936051
9546,15554704.731196444,4254871.675357221
9547,15537004.932160314,4259574.728685858
9548,15551317.501730593,4254195.767399069
9549,15547474.975547388,4245719.291367923
9550,15562494.201245213,4257034.916364725
9551,15557188.936952986,4250348.970482287
9552,15562077.309752189,4261197.063391985
9553,15559531.655636735,4261579.445220848
9554,15548840.531740949,4254055.740605355
9555,15551279.764423214,4255980.238385376
9556,15558938.990667753,4255802.093362579
9557,15552496.04117962,4252363.503678263
9558,15544041.437173355,4249463.389036552
9559,15556998.580623733,4260357.076864981
9560,15560342.506807674,4249217.969922924
9561,15554979.356380232,4250856.438470461
9562,15545165.541391386,4259831.895309472
9563,15561462.937482504,4253481.539883812
9564,15557228.455372218,4259756.088101166
9565,15559731.585442197,4252315.9680940425
9566,15551323.512983097,4255153.807007139
9567,15559330.27867789,4261373.7882176535
9568,15558183.799242206,4257695.238220192
9569,15563893.375924991,4264767.349677787
9570,15562243.287112964,4261831.174661748
9571,15555191.865288155,4249531.866333277
9572,15559330.27867789,4261373.7882176535
9573,15559081.92489393,4255325.775229734
9574,15559598.00205325,4257035.738658554
9575,15551943.451227324,4258155.074939349
9576,15546680.043063631,4263351.68348356
9577,15551151.524369815,4257618.897602546
9578,15551495.501596369,4255810.589443928
9579,15557381.185713593,4256166.608591938
9580,15563056.587312702,4262033.1382594975
9581,15561826.50693944,4249810.299432629
9582,15557219.772451945,4257240.217642841
9583,15556464.469706906,4264008.68446809
9584,15545476.1227707,4238665.903624323
9585,15558420.13052116,4260082.487797866
9586,15555833.28819411,4258688.948388733
9587,15557457.662203765,4257599.709739387
9588,15555618.664215855,4249679.778755791
9589,15558298.458317729,4256472.34483146
9590,15559573.957043234,4248842.867296818
9591,15557992.66367652,4254790.695737174
9592,15554268.804070495,4254673.680560088
9593,15550032.874806833,4240448.667239897
9594,15562055.825090474,4260925.3322697
9595,15571566.851064354,4250264.600217524
9596,15556509.220142206,4261956.218893076
9597,15550906.064892618,4236437.617035107
9598,15559230.9816921,4261667.878922384
9599,15552557.266899554,4257158.261129648
9600,15557572.321279276,4255182.445352195
9601,15554554.783842346,4254004.772393442
9602,15546453.84185834,4258928.685924862
9603,15552193.02952568,4252021.169888541
9604,15556499.757985488,4238184.72067349
9605,15560321.690062888,4249155.931252359
9606,15553877.070782395,4272882.825098419
9607,15554535.080292473,4256725.053043349
9608,15558589.89274462,4255607.644530641
9609,15551581.551562749,4253893.79404371
9610,15557524.453898238,4258077.497552424
9611,15547622.139914216,4262093.330440881
9612,15556254.96642523,4252955.044445163
9613,15555742.562809115,4248249.9054196
9614,15554962.992415084,4255616.003429756
9615,15555441.443586515,4251299.002632556
9616,15559560.487384848,4255792.089920422
9617,15558531.45001196,4258574.632855717
9618,15547709.52571449,4253839.949398135
9619,15537004.932160314,4259574.728685858
9620,15552279.07949206,4255536.662661188
9621,15558836.576736229,4263629.37162619
9622,15558195.153830271,4255566.398253136
9623,15558607.592543658,4258714.580452897
9624,15557572.321279276,4255182.445352195
9625,15555986.24117446,4255564.616855947
9626,15558604.141639443,4257389.467787466
9627,15537004.932160314,4259574.728685858
9628,15556311.071448592,4257313.129304701
9629,15552116.553035503,4258715.265803029
9630,15559274.396293512,4261830.763334405
9631,15556426.95503851,4246390.431791644
9632,15556346.80500514,4253542.644039629
9633,15552483.128118688,4255285.489204414
9634,15551772.464489458,4263604.687949844
9635,15560059.977940038,4261942.370722425
9636,15558361.687788494,4254010.800879244
9637,15562226.032591892,4250146.811649692
9638,15559717.336547377,4259295.635721537
9639,15550090.0930251,4252584.06053137
9640,15562101.132123228,4261727.383552325
9641,15555054.608356012,4250854.109953635
9642,15544295.022973385,4249517.212155759
9643,15563629.882690284,4260829.227168473
9644,15537898.048434949,4259740.186475
9645,15551482.365896454,4253731.301848853
9646,15559236.54766664,4259557.04527577
9647,15566809.61262531,4248469.009994559
9648,15552778.45872776,4250076.686964618
9649,15558142.499711124,4253220.001512417
9650,15563667.063400216,4260810.033668918
9651,15553837.552363165,4250749.053268565
9652,15555079.432602458,4250857.123328445
9653,15553986.943119807,4263210.716599725
9654,15551466.892487232,4256300.3585800165
9655,15552021.040912405,4255379.4901609775
9656,15564394.313633569,4251771.446951921
9657,15551753.651495516,4253851.732173243
9658,15550215.216132754,4258536.116740334
9659,15537441.415883714,4259406.943063191
9660,15558499.056040132,4257032.312434684
9661,15536972.538188497,4259013.808407527
9662,15559193.02174574,4261084.778118078
9663,15562330.338954762,4257787.478133595
9664,15552395.519679427,4252177.609211321
9665,15568910.322736064,4255432.794269329
9666,15559125.45081483,4254454.588764089
9667,15559908.36079358,4248472.70742187
9668,15558776.130252725,4259348.2735349415
9669,15551567.19134844,4253964.217211659
9670,15555594.507886358,4255975.442135213
9671,15561152.022144716,4239166.263241535
9672,15545347.103480875,4265612.475914231
9673,15556922.549411522,4257389.467787466
9674,15555888.16870307,4255373.872005306
9675,15562260.652953528,4255513.77864317
9676,15555380.217866575,4251060.254097705
9677,15545989.52826224,4240998.373508874
9678,15561876.600710295,4255645.876268963
9679,15555699.593485665,4260064.803566214
9680,15561664.759719314,4249847.278291295
9681,15558142.499711124,4253220.001512417
9682,15557901.047735594,4269491.404943564
9683,15549513.01278483,4258282.955473155
9684,15559693.40285686,4262176.42087623
9685,15551368.931335336,4256088.908274201
9686,15543419.829136768,4249315.068680226
9687,15558531.45001196,4252933.398804838
9688,15554962.435817633,4250712.756212763
9689,15554854.010633595,4254561.325244783
9690,15560113.188656636,4247766.384521269
9691,15558336.640903063,4255077.347103935
9692,15558146.173254322,4253222.604535077
9693,15557863.533067198,4258620.276684166
9694,15551463.330263527,4258535.842604767
9695,15553985.941244395,4255673.693710945
9696,15554516.712576495,4266545.180607499
9697,15553970.133876704,4255476.232513739
9698,15550886.250023251,4254147.812815873
9699,15563404.238082446,4257299.972277137
9700,15548228.163222097,4247929.883676782
9701,15549949.496508226,4240263.11167265
9702,15543832.824447608,4249181.814893372
9703,15561972.224152884,4261058.45499738
9704,15541883.174885856,4245884.950523296
9705,15554628.032067291,4236789.176885885
9706,15560668.004998747,4238717.484624402
9707,15551127.813318277,4257987.859349157
9708,15558148.956241587,4253231.783619926
9709,15553021.24653718,4263533.1056039
9710,15562065.955164136,4261051.462929104
9711,15544267.749698143,4260059.5942631215
9712,15556088.543786498,4258597.523280397
9713,15555949.72838148,4255333.58580284
9714,15554982.807284446,4250852.740238084
9715,15559326.827773675,4250583.731426417
9716,15556922.549411522,4256840.171518458
9717,15559274.396293512,4261830.763334405
9718,15560008.770974277,4249382.449424088
9719,15558298.458317729,4256778.089618831
9720,15559908.36079358,4248472.70742187
9721,15558862.180219105,4249229.884674725
9722,15550423.049622064,4258016.505117082
9723,15572221.966267675,4249351.635008062
9724,15559387.274257174,4261672.540563723
9725,15553426.115525195,4250759.189071681
9726,15554607.99455895,4254770.416670688
9727,15550274.10414338,4240030.897955602
9728,15562079.202183535,4261333.891207357
9729,15559254.136146186,4261058.180798539
9730,15547740.138574451,4246992.056093748
9731,15559037.61973659,4254561.188226813
9732,15564746.639821924,4259673.153150065
9733,15556119.935882907,4256749.310049826
9734,15557876.334808636,4254639.4257685095
9735,15559187.010493236,4249459.143458256
9736,15547721.436900005,4254045.464737066
9737,15551605.819211742,4255457.870584955
9738,15548302.41332245,4243857.235702903
9739,15556473.48658566,4258760.636077486
9740,15559311.243044963,4252382.956339988
9741,15552254.255245611,4257493.354765616
9742,15555516.138964836,4250806.306982354
9743,15554982.807284446,4250853.288124286
9744,15552019.259800546,4255376.8866250655
9745,15554686.808758426,4253911.605307956
9746,15547230.406626116,4242520.096523158
9747,15558261.166288309,4254561.188226813
9748,15553878.629255269,4249353.82625256
9749,15537004.932160314,4259574.728685858
9750,15558570.745792205,4255476.232513739
9751,15549819.03006502,4260567.924276393
9752,15537590.695320869,4247215.654066272
9753,15554950.524632111,4253896.80825562
9754,15559595.886982923,4252283.501545681
9755,15556387.547938766,4256835.374891131
9756,15537004.932160314,4259574.728685858
9757,15559120.107479269,4261507.601934457
9758,15552274.181434467,4252296.926520244
9759,15558538.1291814,4255424.572539017
9760,15544592.357333291,4244623.128984474
9761,15559495.365482736,4259472.055641977
9762,15555071.083640646,4250863.287052234
9763,15553327.597775845,4263493.749226604
9764,15540261.806502456,4260341.448545194
9765,15558604.141639443,4256472.34483146
9766,15551698.214389104,4255233.007972209
9767,15550156.550761104,4245948.750502451
9768,15559288.75650782,4249517.75997513
9769,15555186.855911076,4246724.511302698
9770,15543126.057000568,4249231.254187255
9771,15539377.3731481,4261196.652088508
9772,15546066.783988854,4243698.314418762
9773,15540533.982657442,4238027.112876479
9774,15555465.488596523,4251222.021755866
9775,15551670.16187742,4258987.764421356
9776,15561336.367221473,4238857.999613469
9777,15553464.409430029,4250728.781690488
9778,15559274.396293512,4261830.763334405
9779,15559310.686447509,4259465.612906363
9780,15552729.92342977,4254646.82479441
9781,15551734.39322361,4255535.977510253
9782,15559366.01223443,4261677.750635805
9783,15563333.77284478,4256855.65778676
9784,15551402.32718257,4258841.233887434
9785,15550282.11914672,4257464.025096587
9786,15552537.006752225,4257265.298103249
9787,15551580.327048354,4258467.994263537
9788,15559454.51122962,4261220.919020037
9789,15551248.261007316,4258469.227865981
9790,15561922.575659992,4260022.717951704
9791,15561552.99495056,4255282.47460985
9792,15556185.391743485,4253695.131907889
9793,15556311.071448592,4257198.417003338
9794,15555274.35303084,4255765.231408653
9795,15562107.143375726,4261365.424914765
9796,15562226.032591892,4250146.811649692
9797,15559274.396293512,4261830.763334405
9798,15559274.396293512,4261830.763334405
9799,15543376.525854852,4247310.818090788
9800,15541891.635167155,4245887.962531125
9801,15561741.23620949,4250034.091916198
9802,15556865.21987376,4258803.676330627
9803,15561967.43741478,4249948.902316515
9804,15554020.11632806,4258601.224132
9805,15537004.932160314,4259574.728685858
9806,15561604.31323581,4249373.136613656
9807,15552535.114320887,4255524.466980957
9808,15556300.830055444,4253811.58858449
9809,15558785.815048415,4251427.487935145
9810,15562038.013971943,4260996.486234431
9811,15558778.245323049,4256946.794234782
9812,15536585.5916385,4275204.073414456
9813,15555393.798844457,4266959.848297929
9814,15558585.106006518,4259743.476464722
9815,15551487.486593029,4258836.162239012
9816,15561217.366685811,4257799.81339646
9817,15557419.368298927,4253816.109868696
9818,15558298.458317729,4265389.873028153
9819,15551843.708963564,4251800.624379009
9820,15548364.306959338,4243819.318873697
9821,15559476.21853032,4252152.951376263
9822,15551274.643726634,4256123.304643055
9823,15544686.756261488,4269293.693825873
9824,15555013.30882493,4251781.857668153
9825,15564529.455495393,4258075.030436077
9826,15553355.093690066,4263443.559766521
9827,15537470.47027081,4250193.789961449
9828,15556521.57660568,4253835.428104076
9829,15559700.304665282,4260996.486234431
9830,15540095.940461176,4264679.302313303
9831,15544492.281111067,4264359.6222897945
9832,15559731.585442197,4257781.310507381
9833,15539437.040395165,4246104.281622143
9834,15559101.071846344,4255746.183830591
9835,15551967.38491784,4254223.444139898
9836,15551273.41921224,4256075.61568255
9837,15558929.08323307,4255535.977510253
9838,15551637.656586103,4255491.716850771
9839,15551552.83113413,4253739.659314342
9840,15557826.463676762,4254760.277151539
9841,15565999.429371314,4269084.461465094
9842,15559274.396293512,4261830.763334405
9843,15552838.682572285,4256317.077443543
9844,15551184.363619603,4254554.748384031
9845,15552980.39228406,4250928.485765273
9846,15558570.745792205,4255476.232513739
9847,15559521.41424358,4261478.94701499
9848,15558804.85068134,4255822.511375655
9849,15551126.588803876,4258076.263994182
9850,15555281.588797731,4259952.529925814
9851,15555018.4295215,4250797.403873228
9852,15560695.500912976,4257328.616242848
9853,15554629.701859651,4267787.173182261
9854,15556824.58825962,4253664.1683413
9855,15572157.400963012,4249487.903859567
9856,15558690.191605829,4259495.77042493
9857,15541756.270666352,4253960.5179289095
9858,15552424.68538602,4253254.936868164
9859,15547821.847080702,4246683.572323076
9860,15559478.8901981,4249628.146136842
9861,15558466.550748823,4256318.173763357
9862,15559484.456172634,4260498.418210788
9863,15549063.838639474,4255078.443299489
9864,15562108.256570634,4261414.645100827
9865,15558240.683502002,4256505.097898292
9866,15557610.503864624,4257924.537391652
9867,15559030.829247655,4259703.859570987
9868,15551774.356920809,4258605.47325946
9869,15547902.998989483,4251427.487935145
9870,15561804.46568026,4249800.849299895
9871,15560013.44639289,4261396.547402184
9872,15543761.246015036,4250928.896682765
9873,15543921.2121233,4264826.322608627
9874,15557690.431259014,4258207.433133544
9875,15559195.693413524,4259544.982190732
9876,15551265.070250427,4253861.459822722
9877,15554989.59777338,4250839.180063397
9878,15559081.92489393,4255516.79330149
9879,15557371.61223738,4255457.733555756
9880,15556206.876405211,4250916.5691647725
9881,15555109.60018446,4249797.151424089
9882,15571598.46579974,4250280.898967997
9883,15559596.1096219,4260876.525579139
9884,15561079.441836726,4238931.336291412
9885,15549861.220152032,4240239.985866956
9886,15562292.267688911,4261421.637401516
9887,15556511.223893035,4253649.508630163
9888,15552667.695834417,4254578.315486701
9889,15558140.941238254,4253233.290634596
9890,15548839.307226554,4248465.4495101785
9891,15554982.91860394,4256228.687020284
9892,15550370.50682241,4241039.2912586015
9893,15553818.962008204,4254052.315314855
9894,15555909.764684284,4249936.986782261
9895,15553250.00809076,4255513.09349367
9896,15537004.932160314,4259574.728685858
9897,15555546.751824804,4243477.936433947
9898,15567470.85040062,4256548.677444752
9899,15551279.875742702,4258510.485094618
9900,15552986.069578089,4258727.190902242
9901,15559637.297833491,4249424.083261694
9902,15558146.173254322,4253222.604535077
9903,15557355.470911214,4257874.09938488
9904,15558401.874124674,4253981.480547688
9905,15556386.76870233,4253805.286191441
9906,15561580.379545294,4253241.647719694
9907,15559759.192675907,4261017.051050431
9908,15560757.83982782,4257066.985869758
9909,15558049.99321427,4255564.616855947
9910,15552112.100255871,4255006.91676994
9911,15547364.101334551,4246187.93527659
9912,15555888.16870307,4255373.872005306
9913,15559035.282027282,4259571.712908469
9914,15558509.186113795,4250658.379339277
9915,15559956.116855128,4250013.41077882
9916,15559101.071846344,4255507.338239551
9917,15562208.666751329,4261487.310404774
9918,15561389.355299093,4238882.217081629
9919,15559072.351417718,4255535.977510253
9920,15562297.833663458,4252682.285107146
9921,15552963.360401966,4254547.075384816
9922,15558685.404867724,4261853.24925207
9923,15556062.049747692,4257193.757269821
9924,15537232.357880011,4259460.678047611
9925,15562074.8607234,4261309.349819783
9926,15556119.935882907,4256749.310049826
9927,15554566.695027858,4253994.496573024
9928,15547308.330269672,4243071.822896488
9929,15561752.034200097,4249905.759926436
9930,15561451.47157495,4263905.832612664
9931,15558410.779683938,4254149.593982344
9932,15557846.167226637,4257713.19273372
9933,15558069.140166689,4260583.2787331445
9934,15557581.783435997,4257900.688957276
9935,15559414.324893434,4255049.805226727
9936,15554659.980761144,4236757.303485759
9937,15561862.35181547,4260857.880384111
9938,15559330.27867789,4261326.076346115
9939,15552126.12651171,4257695.238220192
9940,15552928.40608186,4252225.692149477
9941,15556922.549411522,4256625.14763469
9942,15551392.865025854,4253752.812059836
9943,15550654.705482405,4254484.869482714
9944,15545169.994171018,4270677.6096769525
9945,15551295.683110394,4256107.682374471
9946,15558737.39106992,4255679.312020624
9947,15565024.938548904,4256013.675159239
9948,15541526.50723736,4253499.624486307
9949,15555050.712173829,4250948.483767685
9950,15551131.152903004,4254519.671860123
9951,15559513.844518203,4259442.720663733
9952,15554437.564418543,4250562.227443202
9953,15562168.03513719,4260905.590211308
9954,15551231.11780574,4254217.415536919
9955,15551666.8222927,4246428.0836861525
9956,15559274.396293512,4261830.763334405
9957,15550918.08739762,4236406.702193943
9958,15550405.12718405,4257995.123579854
9959,15558537.34994497,4257553.5219497215
9960,15550948.47761861,4258129.992437776
9961,15558746.964546133,4259406.531827082
9962,15558104.762403749,4262184.647686391
9963,15568910.322736064,4255432.794269329
9964,15552111.54365842,4255033.362348017
9965,15559475.550613374,4259483.296168527
9966,15555852.435146524,4259376.922868037
9967,15559274.396293512,4261830.763334405
9968,15559860.827371009,4248363.291489868
9969,15559755.964410678,4254280.716033865
9970,15555821.04305012,4251654.601039799
9971,15555546.751824804,4257236.654303409
9972,15552351.437161071,4253717.327084762
9973,15558146.173254322,4253222.604535077
9974,15545069.361351348,4251925.964915359
9975,15558616.052824955,4256892.523416356
9976,15557381.185713593,4256271.580268239
9977,15558069.140166689,4260583.2787331445
9978,15559564.383567028,4249614.450522808
9979,15563366.946053036,4267155.047969683
9980,15559604.79254219,4257202.117381373
9981,15554622.577412242,4253974.218982387
9982,15558685.404867724,4256884.300588575
9983,15552353.218272932,4263578.77014972
9984,15559827.20888479,4249903.431611805
9985,15539377.3731481,4261196.652088508
9986,15552529.214387871,4254452.259481516
9987,15554765.177679949,4257204.0360964
9988,15559101.071846344,4255746.183830591
9989,15539499.601948991,4262787.141257878
9990,15558648.78075525,4255623.814210111
9991,15545367.029669726,4246505.441620926
9992,15562358.057507977,4256687.091621432
9993,15559175.321946705,4259310.303003444
9994,15561850.99722741,4249651.702633059
9995,15538271.970604524,4236522.291315888
9996,15556838.837154442,4258990.917111119
9997,15559158.401384104,4255354.414025044
9998,15555682.672923064,4251536.660534179
9999,15557992.66367652,4257618.897602546
